public_trajectory_id,packet_id,case_id,doctor_model,trajectory_status,turns_completed,retained_event_count,doctor_message_count,doctor_turn_count,workspace_turn_count,workspace_entry_count,workspace_result_count,doctor_operation_routing_count,has_workspace,turns_per_workspace_turn,first_workspace_turn,last_workspace_turn,family_message_count,patient_message_count,doctor_system_notification_count,runtime_error_category,runtime_error_type,closure_status,closure_kind,case_disease_domain,case_target_problem,case_starting_phase,case_friction_intensity,case_primary_friction,case_secondary_frictions,case_tool_dependency,case_expected_turn_budget_category,case_high_order_capability_domains,aggregate_score_mean,aggregate_score_median,judge_score_range,judge_score_std,score_minus_case_mean,failure_flags,primary_failure_mode,low_score,very_low_score,below_strong,high_turn,very_high_turn,no_workspace,sparse_workspace,heavy_workspace,high_judge_disagreement,workspace_underuse_candidate,workspace_overuse_candidate,long_or_tool_intensive_low_score,closed_but_low_score,model_specific_weakness,serious_error_any_judge,minor_or_moderate_error_any_judge,important_non_chain_defect_any_judge
case_CL120_EHR_001__DeepSeek-V3.2,case_CL120_EHR_001__anon_846298bc40d89b30,case_CL120_EHR_001,DeepSeek-V3.2,closed_success,7,73,7,7,6,20,18,18,True,1.1666666666666667,1,7,8,0,2,,,closed,terminal_safe_episode_closed,cardiovascular,chest_pain_acs_dissection,longitudinal_followup,light,incomplete_patient_information,misstated_family_or_patient_information | cost_transport_or_work_barrier,high,medium,HO1 | HO2 | HO3 | HO4,2.25,2.0,1,0.4330127018922193,-0.8500000000000001,low_score | very_low_score | below_strong | heavy_workspace | workspace_overuse_candidate | long_or_tool_intensive_low_score | closed_but_low_score | minor_or_moderate_error_any_judge | important_non_chain_defect_any_judge,very_low_score,True,True,True,False,False,False,False,True,False,False,True,True,True,False,False,True,True
case_CL120_EHR_002__DeepSeek-V3.2,case_CL120_EHR_002__anon_241b2f8fd08b5b1d,case_CL120_EHR_002,DeepSeek-V3.2,closed_success,16,79,16,16,7,15,14,14,True,2.2857142857142856,1,16,17,0,3,,,closed,terminal_safe_episode_closed,cardiovascular,heart_failure_decompensation,longitudinal_followup,light,medication_confusion_or_execution_failure,cost_transport_or_work_barrier | privacy_stigma_or_sensitive_history,high,medium,HO1 | HO2 | HO3 | HO4,2.75,2.5,2,0.82915619758885,-0.3999999999999999,low_score | very_low_score | below_strong | heavy_workspace | high_judge_disagreement | workspace_overuse_candidate | long_or_tool_intensive_low_score | closed_but_low_score | minor_or_moderate_error_any_judge | important_non_chain_defect_any_judge,very_low_score,True,True,True,False,False,False,False,True,True,False,True,True,True,False,False,True,True
case_CL120_EHR_003__DeepSeek-V3.2,case_CL120_EHR_003__anon_cda1536af26d8281,case_CL120_EHR_003,DeepSeek-V3.2,closed_success,14,51,14,14,2,7,6,6,True,7.0,1,2,15,0,3,,,closed,terminal_safe_episode_closed,cardiovascular,atrial_fibrillation_anticoagulation,discharge_transition,light,caregiver_conflict_or_fatigue,privacy_stigma_or_sensitive_history | incomplete_patient_information,high,medium,HO1 | HO2 | HO3 | HO4,3.5,3.5,3,1.5,0.5,below_strong | high_judge_disagreement | minor_or_moderate_error_any_judge | important_non_chain_defect_any_judge,high_judge_disagreement,False,False,True,False,False,False,False,False,True,False,False,False,False,False,False,True,True
case_CL120_EHR_004__DeepSeek-V3.2,case_CL120_EHR_004__anon_05afe70d4ad65f61,case_CL120_EHR_004,DeepSeek-V3.2,closed_success,3,26,3,3,2,6,5,5,True,1.5,1,2,4,0,3,,,closed,terminal_safe_episode_closed,dermatology_ent_ophthalmology,cataract_postoperative_medication_and_followup,discharge_transition,light,document_or_image_quality_problem,incomplete_patient_information | medication_confusion_or_execution_failure,high,medium,HO1 | HO2 | HO3 | HO4,2.25,2.0,3,1.0897247358851685,-0.7999999999999998,low_score | very_low_score | below_strong | high_judge_disagreement | closed_but_low_score | serious_error_any_judge | minor_or_moderate_error_any_judge,very_low_score,True,True,True,False,False,False,False,False,True,False,False,False,True,False,True,True,False
case_CL120_EHR_005__DeepSeek-V3.2,case_CL120_EHR_005__anon_95902e39c5f185e5,case_CL120_EHR_005,DeepSeek-V3.2,closed_success,2,21,2,2,1,5,4,4,True,2.0,1,1,3,0,3,,,closed,terminal_safe_handoff_closed,cardiovascular,syncope,pre_handoff,light,delayed_or_staged_result_return,medication_confusion_or_execution_failure | caregiver_conflict_or_fatigue,high,short,HO1 | HO2 | HO3 | HO4,2.25,1.5,4,1.6393596310755,-2.15,low_score | very_low_score | below_strong | sparse_workspace | high_judge_disagreement | workspace_underuse_candidate | closed_but_low_score | model_specific_weakness | serious_error_any_judge | minor_or_moderate_error_any_judge,very_low_score,True,True,True,False,False,False,True,False,True,True,False,False,True,True,True,True,False
case_CL120_EHR_006__DeepSeek-V3.2,case_CL120_EHR_006__anon_aec6f3028b55916b,case_CL120_EHR_006,DeepSeek-V3.2,closed_success,3,25,3,3,2,6,5,5,True,1.5,1,3,4,0,2,,,closed,terminal_safe_handoff_closed,cardiovascular,chest_pain_acs_dissection,pre_handoff,light,low_adherence_or_refusal,caregiver_conflict_or_fatigue | document_or_image_quality_problem,high,short,HO1 | HO2 | HO3 | HO4,3,3.0,4,2.0,-0.8999999999999999,low_score | below_strong | high_judge_disagreement | closed_but_low_score | serious_error_any_judge | minor_or_moderate_error_any_judge,closed_but_low_score,True,False,True,False,False,False,False,False,True,False,False,False,True,False,True,True,False
case_CL120_EHR_007__DeepSeek-V3.2,case_CL120_EHR_007__anon_77b4567bdd5ccbd7,case_CL120_EHR_007,DeepSeek-V3.2,closed_success,7,54,7,7,6,14,12,12,True,1.1666666666666667,1,7,8,0,1,,,closed,terminal_safe_episode_closed,cardiovascular,heart_failure_decompensation,post_handoff,moderate,external_system_gap,document_or_image_quality_problem | delayed_or_staged_result_return,high,medium,HO1 | HO2 | HO3 | HO4,3,3.0,4,2.0,0.3999999999999999,low_score | below_strong | heavy_workspace | high_judge_disagreement | workspace_overuse_candidate | long_or_tool_intensive_low_score | closed_but_low_score | serious_error_any_judge | minor_or_moderate_error_any_judge,long_or_tool_intensive_low_score,True,False,True,False,False,False,False,True,True,False,True,True,True,False,True,True,False
case_CL120_EHR_008__DeepSeek-V3.2,case_CL120_EHR_008__anon_a755899e27dd1786,case_CL120_EHR_008,DeepSeek-V3.2,closed_success,10,63,10,10,6,15,13,13,True,1.6666666666666667,1,8,11,0,1,,,closed,terminal_safe_episode_closed,cardiovascular,atrial_fibrillation_anticoagulation,post_handoff,moderate,misstated_family_or_patient_information,delayed_or_staged_result_return | low_adherence_or_refusal,high,medium,HO1 | HO2 | HO3 | HO4,3,3.0,4,2.0,-0.6000000000000001,low_score | below_strong | heavy_workspace | high_judge_disagreement | workspace_overuse_candidate | long_or_tool_intensive_low_score | closed_but_low_score | serious_error_any_judge | important_non_chain_defect_any_judge,long_or_tool_intensive_low_score,True,False,True,False,False,False,False,True,True,False,True,True,True,False,True,False,True
case_CL120_EHR_009__DeepSeek-V3.2,case_CL120_EHR_009__anon_402a9ea236ce212c,case_CL120_EHR_009,DeepSeek-V3.2,closed_success,27,135,27,27,11,25,24,23,True,2.4545454545454546,1,27,28,0,8,,,closed,terminal_safe_episode_closed,cardiovascular,hypertension_urgency,result_return,moderate,cost_transport_or_work_barrier,low_adherence_or_refusal | external_system_gap,high,medium,HO1 | HO2 | HO3 | HO4,3.25,3.5,4,1.7853571071357126,0.6000000000000001,below_strong | heavy_workspace | high_judge_disagreement | workspace_overuse_candidate | long_or_tool_intensive_low_score | serious_error_any_judge | minor_or_moderate_error_any_judge | important_non_chain_defect_any_judge,long_or_tool_intensive_low_score,False,False,True,False,False,False,False,True,True,False,True,True,False,False,True,True,True
case_CL120_EHR_010__DeepSeek-V3.2,case_CL120_EHR_010__anon_47f022ce59507041,case_CL120_EHR_010,DeepSeek-V3.2,closed_success,14,75,14,14,6,16,13,14,True,2.3333333333333335,1,14,15,0,3,,,closed,terminal_safe_episode_closed,cardiovascular,syncope,result_return,moderate,privacy_stigma_or_sensitive_history,external_system_gap | misstated_family_or_patient_information,high,medium,HO1 | HO2 | HO3 | HO4,4,5.0,4,1.7320508075688772,1.0499999999999998,heavy_workspace | high_judge_disagreement | serious_error_any_judge | minor_or_moderate_error_any_judge,high_judge_disagreement,False,False,False,False,False,False,False,True,True,False,False,False,False,False,True,True,False
case_CL120_EHR_011__DeepSeek-V3.2,case_CL120_EHR_011__anon_008c0c01fa9fd92b,case_CL120_EHR_011,DeepSeek-V3.2,closed_success,12,44,12,12,2,6,5,5,True,6.0,1,9,13,0,3,,,closed,terminal_safe_episode_closed,cardiovascular,chest_pain_acs_dissection,home_execution_failure,moderate,incomplete_patient_information,misstated_family_or_patient_information | cost_transport_or_work_barrier,high,medium,HO1 | HO2 | HO3 | HO4,3.5,3.5,3,1.5,-0.20000000000000018,below_strong | high_judge_disagreement | minor_or_moderate_error_any_judge,high_judge_disagreement,False,False,True,False,False,False,False,False,True,False,False,False,False,False,False,True,False
case_CL120_EHR_012__DeepSeek-V3.2,case_CL120_EHR_012__anon_ee92460fec2ed680,case_CL120_EHR_012,DeepSeek-V3.2,closed_success,21,85,21,21,6,15,13,13,True,3.5,1,17,22,0,1,,,closed,terminal_safe_episode_closed,cardiovascular,heart_failure_decompensation,longitudinal_followup,moderate,medication_confusion_or_execution_failure,cost_transport_or_work_barrier | privacy_stigma_or_sensitive_history,high,medium,HO1 | HO2 | HO3 | HO4,3.25,3.5,4,1.7853571071357126,0.2999999999999998,below_strong | heavy_workspace | high_judge_disagreement | workspace_overuse_candidate | long_or_tool_intensive_low_score | serious_error_any_judge | minor_or_moderate_error_any_judge,long_or_tool_intensive_low_score,False,False,True,False,False,False,False,True,True,False,True,True,False,False,True,True,False
case_CL120_EHR_013__DeepSeek-V3.2,case_CL120_EHR_013__anon_a305a42e4a9f5bb9,case_CL120_EHR_013,DeepSeek-V3.2,closed_success,9,58,9,9,5,13,12,12,True,1.8,1,8,10,0,2,,,closed,terminal_safe_episode_closed,cardiovascular,atrial_fibrillation_anticoagulation,longitudinal_followup,moderate,caregiver_conflict_or_fatigue,privacy_stigma_or_sensitive_history | incomplete_patient_information,high,medium,HO1 | HO2 | HO3 | HO4,2.5,2.0,4,1.6583123951777,-1.6,low_score | very_low_score | below_strong | high_judge_disagreement | closed_but_low_score | model_specific_weakness | serious_error_any_judge | minor_or_moderate_error_any_judge | important_non_chain_defect_any_judge,very_low_score,True,True,True,False,False,False,False,False,True,False,False,False,True,True,True,True,True
case_CL120_EHR_014__DeepSeek-V3.2,case_CL120_EHR_014__anon_609dfb9bc9f404a1,case_CL120_EHR_014,DeepSeek-V3.2,closed_success,7,59,7,7,5,14,13,13,True,1.4,1,7,8,0,4,,,closed,terminal_safe_episode_closed,cardiovascular,hypertension_urgency,discharge_transition,moderate,document_or_image_quality_problem,incomplete_patient_information | medication_confusion_or_execution_failure,high,medium,HO1 | HO2 | HO3 | HO4,1.75,1.0,3,1.299038105676658,-2.1,low_score | very_low_score | below_strong | high_judge_disagreement | closed_but_low_score | model_specific_weakness | serious_error_any_judge | minor_or_moderate_error_any_judge,very_low_score,True,True,True,False,False,False,False,False,True,False,False,False,True,True,True,True,False
case_CL120_EHR_015__DeepSeek-V3.2,case_CL120_EHR_015__anon_505c7863e65b603a,case_CL120_EHR_015,DeepSeek-V3.2,closed_success,16,85,16,16,10,17,16,16,True,1.6,1,14,17,0,3,,,closed,terminal_safe_episode_closed,respiratory,suspected_pulmonary_embolism_result_and_anticoagulation_followup,result_return,heavy,delayed_or_staged_result_return,medication_confusion_or_execution_failure | caregiver_conflict_or_fatigue,high,long,HO1 | HO2 | HO3 | HO4,3,3.0,4,2.0,-0.6499999999999999,low_score | below_strong | heavy_workspace | high_judge_disagreement | workspace_overuse_candidate | long_or_tool_intensive_low_score | closed_but_low_score | serious_error_any_judge | minor_or_moderate_error_any_judge,long_or_tool_intensive_low_score,True,False,True,False,False,False,False,True,True,False,True,True,True,False,True,True,False
case_CL120_EHR_016__DeepSeek-V3.2,case_CL120_EHR_016__anon_d40d973275006e3e,case_CL120_EHR_016,DeepSeek-V3.2,closed_success,6,27,6,6,1,5,4,4,True,6.0,1,1,7,0,1,,,closed,terminal_safe_handoff_closed,respiratory,pneumonia,pre_handoff,heavy,low_adherence_or_refusal,caregiver_conflict_or_fatigue | document_or_image_quality_problem,high,long,HO1 | HO2 | HO3 | HO4,3.5,3.5,3,1.5,0.5,below_strong | sparse_workspace | high_judge_disagreement | workspace_underuse_candidate | minor_or_moderate_error_any_judge | important_non_chain_defect_any_judge,workspace_underuse_candidate,False,False,True,False,False,False,True,False,True,True,False,False,False,False,False,True,True
case_CL120_EHR_017__DeepSeek-V3.2,case_CL120_EHR_017__anon_c0904c67c851dd81,case_CL120_EHR_017,DeepSeek-V3.2,closed_success,25,112,25,25,9,19,18,18,True,2.7777777777777777,1,23,26,0,6,,,closed,terminal_safe_episode_closed,respiratory,lung_nodule_mass,post_handoff,heavy,external_system_gap,document_or_image_quality_problem | delayed_or_staged_result_return,high,long,HO1 | HO2 | HO3 | HO4,3.5,4.0,4,1.5,-0.20000000000000018,heavy_workspace | high_judge_disagreement | serious_error_any_judge | minor_or_moderate_error_any_judge | important_non_chain_defect_any_judge,high_judge_disagreement,False,False,False,False,False,False,False,True,True,False,False,False,False,False,True,True,True
case_CL120_EHR_018__DeepSeek-V3.2,case_CL120_EHR_018__anon_3c8523575dded292,case_CL120_EHR_018,DeepSeek-V3.2,closed_success,39,137,39,39,9,19,17,17,True,4.333333333333333,1,36,40,0,5,,,closed,terminal_safe_episode_closed,respiratory,pulmonary_embolism,post_handoff,extreme,misstated_family_or_patient_information,delayed_or_staged_result_return | low_adherence_or_refusal,high,extra_long,HO1 | HO2 | HO3 | HO4,3.5,3.5,3,1.5,0.8999999999999999,below_strong | heavy_workspace | high_judge_disagreement | workspace_overuse_candidate | long_or_tool_intensive_low_score | minor_or_moderate_error_any_judge,long_or_tool_intensive_low_score,False,False,True,False,False,False,False,True,True,False,True,True,False,False,False,True,False
case_CL120_EHR_019__DeepSeek-V3.2,case_CL120_EHR_019__anon_9f669abd876d2e32,case_CL120_EHR_019,DeepSeek-V3.2,closed_success,6,56,6,6,4,14,12,12,True,1.5,1,6,7,0,5,,,closed,terminal_safe_episode_closed,respiratory,home_oxygen_or_inhaler_execution,post_handoff,light,cost_transport_or_work_barrier,low_adherence_or_refusal | external_system_gap,high,medium,HO1 | HO2 | HO3 | HO4,3.5,3.5,3,1.5,-0.04999999999999982,below_strong | high_judge_disagreement | minor_or_moderate_error_any_judge | important_non_chain_defect_any_judge,high_judge_disagreement,False,False,True,False,False,False,False,False,True,False,False,False,False,False,False,True,True
case_CL120_EHR_020__DeepSeek-V3.2,case_CL120_EHR_020__anon_e1f7330f2c729c8d,case_CL120_EHR_020,DeepSeek-V3.2,closed_success,4,49,4,4,4,14,12,12,True,1.0,1,4,5,0,2,,,closed,terminal_safe_episode_closed,respiratory,asthma_copd_exacerbation,result_return,light,privacy_stigma_or_sensitive_history,external_system_gap | misstated_family_or_patient_information,high,medium,HO1 | HO2 | HO3 | HO4,1.75,1.5,2,0.82915619758885,-0.3999999999999999,low_score | very_low_score | below_strong | high_judge_disagreement | closed_but_low_score | serious_error_any_judge | minor_or_moderate_error_any_judge,very_low_score,True,True,True,False,False,False,False,False,True,False,False,False,True,False,True,True,False
case_CL120_EHR_021__DeepSeek-V3.2,case_CL120_EHR_021__anon_d3305da7dd90973e,case_CL120_EHR_021,DeepSeek-V3.2,open_at_100,100,438,100,100,42,80,74,75,True,2.380952380952381,1,100,101,0,4,,,open,open_progressing,respiratory,pneumonia,result_return,light,incomplete_patient_information,misstated_family_or_patient_information | cost_transport_or_work_barrier,high,medium,HO1 | HO2 | HO3 | HO4,3.5,4.0,4,1.5,0.9500000000000002,high_turn | very_high_turn | heavy_workspace | high_judge_disagreement | serious_error_any_judge | minor_or_moderate_error_any_judge,open_at_100,False,False,False,True,True,False,False,True,True,False,False,False,False,False,True,True,False
case_CL120_EHR_022__DeepSeek-V3.2,case_CL120_EHR_022__anon_b073a0022d03a196,case_CL120_EHR_022,DeepSeek-V3.2,closed_success,8,47,8,8,3,11,9,9,True,2.6666666666666665,1,3,0,9,1,,,closed,terminal_safe_episode_closed,respiratory,lung_nodule_mass,home_execution_failure,light,medication_confusion_or_execution_failure,cost_transport_or_work_barrier | privacy_stigma_or_sensitive_history,high,medium,HO1 | HO2 | HO3 | HO4,1.75,1.5,2,0.82915619758885,-0.3500000000000001,low_score | very_low_score | below_strong | high_judge_disagreement | closed_but_low_score | serious_error_any_judge | minor_or_moderate_error_any_judge,very_low_score,True,True,True,False,False,False,False,False,True,False,False,False,True,False,True,True,False
case_CL120_EHR_023__DeepSeek-V3.2,case_CL120_EHR_023__anon_edf864f24135d60f,case_CL120_EHR_023,DeepSeek-V3.2,closed_success,8,44,8,8,2,9,8,8,True,4.0,1,2,9,0,2,,,closed,terminal_safe_episode_closed,respiratory,pulmonary_embolism,longitudinal_followup,light,caregiver_conflict_or_fatigue,privacy_stigma_or_sensitive_history | incomplete_patient_information,high,medium,HO1 | HO2 | HO3 | HO4,2.25,1.5,4,1.6393596310755,-0.3999999999999999,low_score | very_low_score | below_strong | high_judge_disagreement | closed_but_low_score | serious_error_any_judge | minor_or_moderate_error_any_judge,very_low_score,True,True,True,False,False,False,False,False,True,False,False,False,True,False,True,True,False
case_CL120_EHR_024__DeepSeek-V3.2,case_CL120_EHR_024__anon_65e4efca9234cd2f,case_CL120_EHR_024,DeepSeek-V3.2,closed_success,8,51,8,8,4,12,10,10,True,2.0,1,5,9,0,2,,,closed,terminal_safe_episode_closed,respiratory,home_oxygen_or_inhaler_execution,longitudinal_followup,moderate,document_or_image_quality_problem,incomplete_patient_information | medication_confusion_or_execution_failure,high,medium,HO1 | HO2 | HO3 | HO4,1.25,1.0,1,0.4330127018922193,-1.6,low_score | very_low_score | below_strong | closed_but_low_score | model_specific_weakness | serious_error_any_judge | minor_or_moderate_error_any_judge,very_low_score,True,True,True,False,False,False,False,False,False,False,False,False,True,True,True,True,False
case_CL120_EHR_025__DeepSeek-V3.2,case_CL120_EHR_025__anon_c28b6ed3bf58f787,case_CL120_EHR_025,DeepSeek-V3.2,closed_success,69,261,69,69,17,42,37,37,True,4.0588235294117645,1,63,70,0,6,,,closed,terminal_safe_episode_closed,respiratory,asthma_copd_exacerbation,discharge_transition,moderate,delayed_or_staged_result_return,medication_confusion_or_execution_failure | caregiver_conflict_or_fatigue,high,medium,HO1 | HO2 | HO3 | HO4,3.75,4.5,4,1.6393596310755,1.1,high_turn | heavy_workspace | high_judge_disagreement | serious_error_any_judge | minor_or_moderate_error_any_judge,high_judge_disagreement,False,False,False,True,False,False,False,True,True,False,False,False,False,False,True,True,False
case_CL120_EHR_026__DeepSeek-V3.2,case_CL120_EHR_026__anon_a5b03b9fb15071ba,case_CL120_EHR_026,DeepSeek-V3.2,closed_success,36,103,36,36,5,10,9,9,True,7.2,1,34,37,0,2,,,closed,terminal_safe_episode_closed,respiratory,pneumonia,palliative_terminal,moderate,low_adherence_or_refusal,caregiver_conflict_or_fatigue | document_or_image_quality_problem,high,medium,HO1 | HO2 | HO3 | HO4,4,5.0,4,1.7320508075688772,2.2,high_judge_disagreement | serious_error_any_judge,high_judge_disagreement,False,False,False,False,False,False,False,False,True,False,False,False,False,False,True,False,False
case_CL120_EHR_027__DeepSeek-V3.2,case_CL120_EHR_027__anon_484a776711a0b5d9,case_CL120_EHR_027,DeepSeek-V3.2,closed_success,5,28,5,5,1,5,4,4,True,5.0,1,1,6,0,4,,,closed,terminal_safe_handoff_closed,endocrine_metabolic,diabetes_sick_day,pre_handoff,moderate,external_system_gap,document_or_image_quality_problem | delayed_or_staged_result_return,high,medium,HO1 | HO2 | HO3 | HO4,3,3.0,4,1.5811388300841898,0.5499999999999998,low_score | below_strong | sparse_workspace | high_judge_disagreement | workspace_underuse_candidate | closed_but_low_score | serious_error_any_judge | minor_or_moderate_error_any_judge,workspace_underuse_candidate,True,False,True,False,False,False,True,False,True,True,False,False,True,False,True,True,False
case_CL120_EHR_028__DeepSeek-V3.2,case_CL120_EHR_028__anon_5b1c5f1874a6c6e5,case_CL120_EHR_028,DeepSeek-V3.2,closed_success,36,189,36,36,13,25,23,24,True,2.769230769230769,1,33,37,0,43,,,closed,terminal_safe_episode_closed,endocrine_metabolic,hypoglycemia,post_handoff,moderate,misstated_family_or_patient_information,delayed_or_staged_result_return | low_adherence_or_refusal,high,medium,HO1 | HO2 | HO3 | HO4,2.75,2.5,4,1.7853571071357126,0.6000000000000001,low_score | very_low_score | below_strong | heavy_workspace | high_judge_disagreement | workspace_overuse_candidate | long_or_tool_intensive_low_score | closed_but_low_score | serious_error_any_judge | minor_or_moderate_error_any_judge | important_non_chain_defect_any_judge,very_low_score,True,True,True,False,False,False,False,True,True,False,True,True,True,False,True,True,True
case_CL120_EHR_029__DeepSeek-V3.2,case_CL120_EHR_029__anon_5ffbeb361fec02e7,case_CL120_EHR_029,DeepSeek-V3.2,closed_success,35,144,35,35,11,23,21,21,True,3.1818181818181817,1,30,36,0,6,,,closed,terminal_safe_episode_closed,endocrine_metabolic,thyroid_dysfunction,post_handoff,moderate,cost_transport_or_work_barrier,low_adherence_or_refusal | external_system_gap,high,medium,HO1 | HO2 | HO3 | HO4,3.75,4.5,4,1.6393596310755,0.7000000000000002,heavy_workspace | high_judge_disagreement | serious_error_any_judge | minor_or_moderate_error_any_judge,high_judge_disagreement,False,False,False,False,False,False,False,True,True,False,False,False,False,False,True,True,False
case_CL120_EHR_030__DeepSeek-V3.2,case_CL120_EHR_030__anon_0b7efc823fc68c75,case_CL120_EHR_030,DeepSeek-V3.2,open_at_100,100,329,100,100,27,40,38,38,True,3.7037037037037037,1,97,101,0,11,,,closed,terminal_safe_episode_closed,endocrine_metabolic,steroid_or_insulin_adjustment,post_handoff,moderate,privacy_stigma_or_sensitive_history,external_system_gap | misstated_family_or_patient_information,high,medium,HO1 | HO2 | HO3 | HO4,3,3.0,2,1.0,0.7000000000000002,low_score | below_strong | high_turn | very_high_turn | heavy_workspace | high_judge_disagreement | workspace_overuse_candidate | long_or_tool_intensive_low_score | minor_or_moderate_error_any_judge | important_non_chain_defect_any_judge,open_at_100,True,False,True,True,True,False,False,True,True,False,True,True,False,False,False,True,True
case_CL120_EHR_031__DeepSeek-V3.2,case_CL120_EHR_031__anon_5ed720bcc2b857a2,case_CL120_EHR_031,DeepSeek-V3.2,closed_success,8,68,8,8,5,18,15,15,True,1.6,1,8,0,9,3,,,closed,terminal_safe_episode_closed,endocrine_metabolic,obesity_sleep_apnea_metabolic_risk,result_return,moderate,incomplete_patient_information,misstated_family_or_patient_information | cost_transport_or_work_barrier,high,medium,HO1 | HO2 | HO3 | HO4,1.5,1.0,2,0.8660254037844386,-1.6,low_score | very_low_score | below_strong | high_judge_disagreement | closed_but_low_score | model_specific_weakness | serious_error_any_judge | minor_or_moderate_error_any_judge | important_non_chain_defect_any_judge,very_low_score,True,True,True,False,False,False,False,False,True,False,False,False,True,True,True,True,True
case_CL120_EHR_032__DeepSeek-V3.2,case_CL120_EHR_032__anon_12a2963ddf12e518,case_CL120_EHR_032,DeepSeek-V3.2,closed_success,12,79,12,12,7,17,15,15,True,1.7142857142857142,1,12,0,13,7,,,closed,terminal_safe_episode_closed,endocrine_metabolic,diabetes_sick_day,result_return,moderate,medication_confusion_or_execution_failure,cost_transport_or_work_barrier | privacy_stigma_or_sensitive_history,high,medium,HO1 | HO2 | HO3 | HO4,2,1.0,4,1.7320508075688772,-1.2999999999999998,low_score | very_low_score | below_strong | heavy_workspace | high_judge_disagreement | workspace_overuse_candidate | long_or_tool_intensive_low_score | closed_but_low_score | model_specific_weakness | serious_error_any_judge | minor_or_moderate_error_any_judge | important_non_chain_defect_any_judge,very_low_score,True,True,True,False,False,False,False,True,True,False,True,True,True,True,True,True,True
case_CL120_EHR_033__DeepSeek-V3.2,case_CL120_EHR_033__anon_b6aaf712e45ca335,case_CL120_EHR_033,DeepSeek-V3.2,closed_success,59,212,59,59,16,31,28,28,True,3.6875,1,58,60,0,5,,,closed,terminal_safe_episode_closed,endocrine_metabolic,hypoglycemia,home_execution_failure,heavy,caregiver_conflict_or_fatigue,privacy_stigma_or_sensitive_history | incomplete_patient_information,high,long,HO1 | HO2 | HO3 | HO4,3,3.0,4,1.5811388300841898,-0.25,low_score | below_strong | high_turn | heavy_workspace | high_judge_disagreement | workspace_overuse_candidate | long_or_tool_intensive_low_score | closed_but_low_score | serious_error_any_judge | minor_or_moderate_error_any_judge | important_non_chain_defect_any_judge,long_or_tool_intensive_low_score,True,False,True,True,False,False,False,True,True,False,True,True,True,False,True,True,True
case_CL120_EHR_034__DeepSeek-V3.2,case_CL120_EHR_034__anon_654f1adb0aa000c1,case_CL120_EHR_034,DeepSeek-V3.2,closed_success,60,295,60,60,24,61,53,54,True,2.5,1,59,0,61,4,,,closed,terminal_safe_episode_closed,endocrine_metabolic,thyroid_dysfunction,longitudinal_followup,heavy,document_or_image_quality_problem,incomplete_patient_information | medication_confusion_or_execution_failure,high,long,HO1 | HO2 | HO3 | HO4,2.25,1.5,4,1.6393596310755,-0.8999999999999999,low_score | very_low_score | below_strong | high_turn | heavy_workspace | high_judge_disagreement | workspace_overuse_candidate | long_or_tool_intensive_low_score | closed_but_low_score | serious_error_any_judge | minor_or_moderate_error_any_judge | important_non_chain_defect_any_judge,very_low_score,True,True,True,True,False,False,False,True,True,False,True,True,True,False,True,True,True
case_CL120_EHR_035__DeepSeek-V3.2,case_CL120_EHR_035__anon_71aaa3b41e9b12e3,case_CL120_EHR_035,DeepSeek-V3.2,closed_success,22,100,22,22,7,19,16,16,True,3.142857142857143,1,22,0,23,2,,,closed,terminal_safe_episode_closed,endocrine_metabolic,steroid_or_insulin_adjustment,longitudinal_followup,extreme,delayed_or_staged_result_return,medication_confusion_or_execution_failure | caregiver_conflict_or_fatigue,high,extra_long,HO1 | HO2 | HO3 | HO4,2.25,1.5,4,1.6393596310755,-1.1,low_score | very_low_score | below_strong | heavy_workspace | high_judge_disagreement | workspace_overuse_candidate | long_or_tool_intensive_low_score | closed_but_low_score | model_specific_weakness | serious_error_any_judge | minor_or_moderate_error_any_judge,very_low_score,True,True,True,False,False,False,False,True,True,False,True,True,True,True,True,True,False
case_CL120_EHR_036__DeepSeek-V3.2,case_CL120_EHR_036__anon_08123e32b3438ac5,case_CL120_EHR_036,DeepSeek-V3.2,closed_success,20,96,20,20,8,18,16,17,True,2.5,1,19,0,21,4,,,closed,terminal_safe_episode_closed,endocrine_metabolic,obesity_sleep_apnea_metabolic_risk,discharge_transition,light,low_adherence_or_refusal,caregiver_conflict_or_fatigue | document_or_image_quality_problem,high,medium,HO1 | HO2 | HO3 | HO4,2.25,1.5,4,1.6393596310755,-0.5,low_score | very_low_score | below_strong | heavy_workspace | high_judge_disagreement | workspace_overuse_candidate | long_or_tool_intensive_low_score | closed_but_low_score | serious_error_any_judge | minor_or_moderate_error_any_judge,very_low_score,True,True,True,False,False,False,False,True,True,False,True,True,True,False,True,True,False
case_CL120_EHR_037__DeepSeek-V3.2,case_CL120_EHR_037__anon_36dd3cfd6dbcc7e8,case_CL120_EHR_037,DeepSeek-V3.2,closed_success,37,164,37,37,16,30,29,29,True,2.3125,1,28,38,0,1,,,closed,terminal_safe_episode_closed,endocrine_metabolic,diabetic_foot_wound_and_sick_day_medication_safety,home_execution_failure,light,external_system_gap,document_or_image_quality_problem | delayed_or_staged_result_return,high,medium,HO1 | HO2 | HO3 | HO4,3.25,3.5,4,1.479019945774904,0.25,below_strong | heavy_workspace | high_judge_disagreement | workspace_overuse_candidate | long_or_tool_intensive_low_score | serious_error_any_judge,long_or_tool_intensive_low_score,False,False,True,False,False,False,False,True,True,False,True,True,False,False,True,False,False
case_CL120_EHR_038__DeepSeek-V3.2,case_CL120_EHR_038__anon_2ed645a7894b16b2,case_CL120_EHR_038,DeepSeek-V3.2,closed_success,47,181,47,47,17,30,28,28,True,2.764705882352941,1,47,48,0,0,,,closed,terminal_safe_episode_closed,endocrine_metabolic,postoperative_glucose_variability_and_medication_safety,home_execution_failure,light,misstated_family_or_patient_information,delayed_or_staged_result_return | low_adherence_or_refusal,high,short,HO1 | HO2 | HO3 | HO4,3.5,4.0,4,1.6583123951777,0.8500000000000001,heavy_workspace | high_judge_disagreement | serious_error_any_judge,high_judge_disagreement,False,False,False,False,False,False,False,True,True,False,False,False,False,False,True,False,False
case_CL120_EHR_039__DeepSeek-V3.2,case_CL120_EHR_039__anon_641a789b8e12f988,case_CL120_EHR_039,DeepSeek-V3.2,closed_success,26,145,26,26,12,32,28,28,True,2.1666666666666665,1,26,0,27,4,,,closed,terminal_safe_episode_closed,renal_urology,ckd_med_reconciliation,post_handoff,light,cost_transport_or_work_barrier,low_adherence_or_refusal | external_system_gap,high,medium,HO1 | HO2 | HO3 | HO4,2,1.0,4,1.7320508075688772,-1.25,low_score | very_low_score | below_strong | heavy_workspace | high_judge_disagreement | workspace_overuse_candidate | long_or_tool_intensive_low_score | closed_but_low_score | model_specific_weakness | serious_error_any_judge | minor_or_moderate_error_any_judge | important_non_chain_defect_any_judge,very_low_score,True,True,True,False,False,False,False,True,True,False,True,True,True,True,True,True,True
case_CL120_EHR_040__DeepSeek-V3.2,case_CL120_EHR_040__anon_da9908bde08f5e9a,case_CL120_EHR_040,DeepSeek-V3.2,closed_success,15,86,15,15,5,19,16,16,True,3.0,1,10,16,0,3,,,closed,terminal_safe_episode_closed,renal_urology,uti_culture_action,post_handoff,light,privacy_stigma_or_sensitive_history,external_system_gap | misstated_family_or_patient_information,high,medium,HO1 | HO2 | HO3 | HO4,4.25,5.0,3,1.299038105676658,2.15,high_judge_disagreement | minor_or_moderate_error_any_judge,high_judge_disagreement,False,False,False,False,False,False,False,False,True,False,False,False,False,False,False,True,False
case_CL120_EHR_041__DeepSeek-V3.2,case_CL120_EHR_041__anon_35b44e9a0c0cedcf,case_CL120_EHR_041,DeepSeek-V3.2,closed_success,55,235,55,55,19,44,36,39,True,2.8947368421052633,1,55,56,0,4,,,closed,terminal_safe_handoff_closed,renal_urology,renal_function_abnormality_warning_and_result_followup,result_return,moderate,incomplete_patient_information,misstated_family_or_patient_information | cost_transport_or_work_barrier,high,medium,HO1 | HO2 | HO3 | HO4,3.25,3.5,4,1.7853571071357126,-0.04999999999999982,below_strong | high_turn | heavy_workspace | high_judge_disagreement | workspace_overuse_candidate | long_or_tool_intensive_low_score | serious_error_any_judge | minor_or_moderate_error_any_judge,long_or_tool_intensive_low_score,False,False,True,True,False,False,False,True,True,False,True,True,False,False,True,True,False
case_CL120_EHR_042__DeepSeek-V3.2,case_CL120_EHR_042__anon_e627441ec3a35195,case_CL120_EHR_042,DeepSeek-V3.2,closed_success,5,53,5,5,3,15,12,12,True,1.6666666666666667,1,3,0,6,3,,,closed,terminal_safe_episode_closed,renal_urology,stone_colic,result_return,moderate,medication_confusion_or_execution_failure,cost_transport_or_work_barrier | privacy_stigma_or_sensitive_history,high,medium,HO1 | HO2 | HO3 | HO4,2.25,1.5,4,1.6393596310755,-1.2999999999999998,low_score | very_low_score | below_strong | high_judge_disagreement | closed_but_low_score | model_specific_weakness | serious_error_any_judge | minor_or_moderate_error_any_judge | important_non_chain_defect_any_judge,very_low_score,True,True,True,False,False,False,False,False,True,False,False,False,True,True,True,True,True
case_CL120_EHR_043__DeepSeek-V3.2,case_CL120_EHR_043__anon_d47fbc484c2a4a5a,case_CL120_EHR_043,DeepSeek-V3.2,closed_success,21,74,21,21,5,10,9,9,True,4.2,1,16,22,0,3,,,closed,terminal_safe_episode_closed,renal_urology,anticoagulation_and_hematuria,home_execution_failure,moderate,caregiver_conflict_or_fatigue,privacy_stigma_or_sensitive_history | incomplete_patient_information,high,medium,HO1 | HO2 | HO3 | HO4,2.5,2.0,4,1.5,-1.4,low_score | very_low_score | below_strong | high_judge_disagreement | closed_but_low_score | model_specific_weakness | serious_error_any_judge | minor_or_moderate_error_any_judge | important_non_chain_defect_any_judge,very_low_score,True,True,True,False,False,False,False,False,True,False,False,False,True,True,True,True,True
case_CL120_EHR_044__DeepSeek-V3.2,case_CL120_EHR_044__anon_038fe0f7fa572644,case_CL120_EHR_044,DeepSeek-V3.2,closed_success,75,275,75,75,20,43,38,39,True,3.75,1,75,0,76,3,,,closed,terminal_safe_episode_closed,renal_urology,ckd_med_reconciliation,home_execution_failure,moderate,document_or_image_quality_problem,incomplete_patient_information | medication_confusion_or_execution_failure,high,medium,HO1 | HO2 | HO3 | HO4,3.25,3.5,4,1.7853571071357126,-0.04999999999999982,below_strong | high_turn | heavy_workspace | high_judge_disagreement | workspace_overuse_candidate | long_or_tool_intensive_low_score | serious_error_any_judge | minor_or_moderate_error_any_judge | important_non_chain_defect_any_judge,long_or_tool_intensive_low_score,False,False,True,True,False,False,False,True,True,False,True,True,False,False,True,True,True
case_CL120_EHR_045__DeepSeek-V3.2,case_CL120_EHR_045__anon_769fbf5023ff33f2,case_CL120_EHR_045,DeepSeek-V3.2,closed_success,9,62,9,9,4,16,13,13,True,2.25,1,6,0,10,1,,,closed,terminal_safe_handoff_closed,renal_urology,uti_culture_action,longitudinal_followup,moderate,delayed_or_staged_result_return,medication_confusion_or_execution_failure | caregiver_conflict_or_fatigue,high,medium,HO1 | HO2 | HO3 | HO4,2.75,2.5,4,1.7853571071357126,0.3999999999999999,low_score | very_low_score | below_strong | high_judge_disagreement | closed_but_low_score | serious_error_any_judge | minor_or_moderate_error_any_judge,very_low_score,True,True,True,False,False,False,False,False,True,False,False,False,True,False,True,True,False
case_CL120_EHR_046__DeepSeek-V3.2,case_CL120_EHR_046__anon_3a3f968ec375ac99,case_CL120_EHR_046,DeepSeek-V3.2,open_at_100,100,275,100,100,18,24,21,23,True,5.555555555555555,1,91,101,0,3,,,soft_closed,milestone_closed_but_not_terminal,renal_urology,aki_warning,longitudinal_followup,moderate,low_adherence_or_refusal,caregiver_conflict_or_fatigue | document_or_image_quality_problem,high,medium,HO1 | HO2 | HO3 | HO4,3.25,3.5,2,0.82915619758885,0.1499999999999999,below_strong | high_turn | very_high_turn | heavy_workspace | high_judge_disagreement | workspace_overuse_candidate | long_or_tool_intensive_low_score | minor_or_moderate_error_any_judge,open_at_100,False,False,True,True,True,False,False,True,True,False,True,True,False,False,False,True,False
case_CL120_EHR_047__DeepSeek-V3.2,case_CL120_EHR_047__anon_2cc401984b81b919,case_CL120_EHR_047,DeepSeek-V3.2,closed_success,10,40,10,10,1,5,4,4,True,10.0,1,1,11,0,6,,,closed,terminal_safe_episode_closed,renal_urology,stone_colic,discharge_transition,moderate,external_system_gap,document_or_image_quality_problem | delayed_or_staged_result_return,high,medium,HO1 | HO2 | HO3 | HO4,2,2.0,0,0.0,-0.2999999999999998,low_score | very_low_score | below_strong | sparse_workspace | workspace_underuse_candidate | closed_but_low_score | minor_or_moderate_error_any_judge,very_low_score,True,True,True,False,False,False,True,False,False,True,False,False,True,False,False,True,False
case_CL120_EHR_048__DeepSeek-V3.2,case_CL120_EHR_048__anon_79595fcaef7506a4,case_CL120_EHR_048,DeepSeek-V3.2,closed_success,10,49,10,10,3,11,8,9,True,3.3333333333333335,1,6,11,0,0,,,closed,terminal_safe_episode_closed,renal_urology,renal_function_electrolyte_and_urine_color_medication_safety,home_execution_failure,moderate,misstated_family_or_patient_information,delayed_or_staged_result_return | low_adherence_or_refusal,high,medium,HO1 | HO2 | HO3 | HO4,2.5,2.5,3,1.5,-0.5,low_score | very_low_score | below_strong | high_judge_disagreement | closed_but_low_score | serious_error_any_judge | minor_or_moderate_error_any_judge | important_non_chain_defect_any_judge,very_low_score,True,True,True,False,False,False,False,False,True,False,False,False,True,False,True,True,True
case_CL120_EHR_049__DeepSeek-V3.2,case_CL120_EHR_049__anon_ca79bd5077c7eb52,case_CL120_EHR_049,DeepSeek-V3.2,closed_success,5,34,5,5,3,8,7,7,True,1.6666666666666667,1,3,0,6,1,,,closed,terminal_bounded_episode_closed,respiratory,pulmonary_sequestration_interventional_planning_and_cost_barrier,pre_handoff,moderate,cost_transport_or_work_barrier,low_adherence_or_refusal | external_system_gap,high,medium,HO1 | HO2 | HO3 | HO4,2.5,2.0,4,1.5,-1.15,low_score | very_low_score | below_strong | high_judge_disagreement | closed_but_low_score | model_specific_weakness | serious_error_any_judge | minor_or_moderate_error_any_judge | important_non_chain_defect_any_judge,very_low_score,True,True,True,False,False,False,False,False,True,False,False,False,True,True,True,True,True
case_CL120_EHR_050__DeepSeek-V3.2,case_CL120_EHR_050__anon_797a24c477c78e1c,case_CL120_EHR_050,DeepSeek-V3.2,closed_success,38,233,38,38,21,52,47,47,True,1.8095238095238095,1,36,39,0,10,,,closed,terminal_safe_episode_closed,gastro_hepatology,viral_hepatitis_cirrhosis,post_handoff,heavy,privacy_stigma_or_sensitive_history,external_system_gap | misstated_family_or_patient_information,high,long,HO1 | HO2 | HO3 | HO4,3.5,3.5,3,1.5,1.5,below_strong | heavy_workspace | high_judge_disagreement | workspace_overuse_candidate | long_or_tool_intensive_low_score | minor_or_moderate_error_any_judge,long_or_tool_intensive_low_score,False,False,True,False,False,False,False,True,True,False,True,True,False,False,False,True,False
case_CL120_EHR_051__DeepSeek-V3.2,case_CL120_EHR_051__anon_2dcf97be55cbc743,case_CL120_EHR_051,DeepSeek-V3.2,closed_success,38,175,38,38,16,33,31,31,True,2.375,1,38,39,0,3,,,closed,terminal_safe_episode_closed,gastro_hepatology,abdominal_pain,post_handoff,heavy,incomplete_patient_information,misstated_family_or_patient_information | cost_transport_or_work_barrier,high,long,HO1 | HO2 | HO3 | HO4,3,3.0,4,2.0,0.1499999999999999,low_score | below_strong | heavy_workspace | high_judge_disagreement | workspace_overuse_candidate | long_or_tool_intensive_low_score | closed_but_low_score | serious_error_any_judge,long_or_tool_intensive_low_score,True,False,True,False,False,False,False,True,True,False,True,True,True,False,True,False,False
case_CL120_EHR_052__DeepSeek-V3.2,case_CL120_EHR_052__anon_b87874fc33f36149,case_CL120_EHR_052,DeepSeek-V3.2,open_at_100,100,463,100,100,41,89,81,83,True,2.4390243902439024,1,100,101,0,7,,,open,open_progressing,gastro_hepatology,pancreatitis,result_return,extreme,medication_confusion_or_execution_failure,cost_transport_or_work_barrier | privacy_stigma_or_sensitive_history,high,extra_long,HO1 | HO2 | HO3 | HO4,2,1.5,3,1.224744871391589,-1.35,low_score | very_low_score | below_strong | high_turn | very_high_turn | heavy_workspace | high_judge_disagreement | workspace_overuse_candidate | long_or_tool_intensive_low_score | model_specific_weakness | serious_error_any_judge | minor_or_moderate_error_any_judge | important_non_chain_defect_any_judge,open_at_100,True,True,True,True,True,False,False,True,True,False,True,True,False,True,True,True,True
case_CL120_EHR_053__DeepSeek-V3.2,case_CL120_EHR_053__anon_7a0e273e4adcd125,case_CL120_EHR_053,DeepSeek-V3.2,closed_success,4,38,4,4,2,10,8,8,True,2.0,1,2,5,0,3,,,closed,terminal_safe_episode_closed,renal_urology,lupus_nephritis_steroid_and_followup_after_negative_covid_result,result_return,light,caregiver_conflict_or_fatigue,privacy_stigma_or_sensitive_history | incomplete_patient_information,high,medium,HO1 | HO2 | HO3 | HO4,3.5,3.5,3,1.5,-0.3500000000000001,below_strong | high_judge_disagreement | minor_or_moderate_error_any_judge | important_non_chain_defect_any_judge,high_judge_disagreement,False,False,True,False,False,False,False,False,True,False,False,False,False,False,False,True,True
case_CL120_EHR_054__DeepSeek-V3.2,case_CL120_EHR_054__anon_ee97492d3659a880,case_CL120_EHR_054,DeepSeek-V3.2,closed_success,8,58,8,8,5,13,12,12,True,1.6,1,7,9,0,4,,,closed,terminal_safe_episode_closed,gastro_hepatology,gi_bleeding,home_execution_failure,light,document_or_image_quality_problem,incomplete_patient_information | medication_confusion_or_execution_failure,high,medium,HO1 | HO2 | HO3 | HO4,2.75,2.5,4,1.7853571071357126,0.2999999999999998,low_score | very_low_score | below_strong | high_judge_disagreement | closed_but_low_score | serious_error_any_judge | minor_or_moderate_error_any_judge | important_non_chain_defect_any_judge,very_low_score,True,True,True,False,False,False,False,False,True,False,False,False,True,False,True,True,True
case_CL120_EHR_055__DeepSeek-V3.2,case_CL120_EHR_055__anon_6d808dd79d88e652,case_CL120_EHR_055,DeepSeek-V3.2,closed_success,43,214,43,43,18,44,38,39,True,2.388888888888889,1,42,44,0,6,,,closed,terminal_safe_episode_closed,gastro_hepatology,viral_hepatitis_cirrhosis,home_execution_failure,light,delayed_or_staged_result_return,medication_confusion_or_execution_failure | caregiver_conflict_or_fatigue,high,medium,HO1 | HO2 | HO3 | HO4,3.25,3.5,4,1.479019945774904,-0.10000000000000009,below_strong | heavy_workspace | high_judge_disagreement | workspace_overuse_candidate | long_or_tool_intensive_low_score | serious_error_any_judge | minor_or_moderate_error_any_judge,long_or_tool_intensive_low_score,False,False,True,False,False,False,False,True,True,False,True,True,False,False,True,True,False
case_CL120_EHR_056__DeepSeek-V3.2,case_CL120_EHR_056__anon_45b866f341c1fb75,case_CL120_EHR_056,DeepSeek-V3.2,closed_success,17,105,17,17,9,23,20,21,True,1.8888888888888888,1,14,18,0,6,,,closed,terminal_safe_episode_closed,gastro_hepatology,abdominal_pain,longitudinal_followup,light,low_adherence_or_refusal,caregiver_conflict_or_fatigue | document_or_image_quality_problem,high,medium,HO1 | HO2 | HO3 | HO4,3.75,4.0,3,1.0897247358851685,0.3999999999999999,heavy_workspace | high_judge_disagreement | minor_or_moderate_error_any_judge,high_judge_disagreement,False,False,False,False,False,False,False,True,True,False,False,False,False,False,False,True,False
case_CL120_EHR_057__DeepSeek-V3.2,case_CL120_EHR_057__anon_6b8fb2cf81fb25fa,case_CL120_EHR_057,DeepSeek-V3.2,closed_success,14,68,14,14,6,13,12,12,True,2.3333333333333335,1,13,0,15,2,,,closed,terminal_safe_episode_closed,gastro_hepatology,pancreatitis,discharge_transition,light,external_system_gap,document_or_image_quality_problem | delayed_or_staged_result_return,high,medium,HO1 | HO2 | HO3 | HO4,3.75,4.0,3,1.0897247358851685,1.65,heavy_workspace | high_judge_disagreement | minor_or_moderate_error_any_judge,high_judge_disagreement,False,False,False,False,False,False,False,True,True,False,False,False,False,False,False,True,False
case_CL120_EHR_058__DeepSeek-V3.2,case_CL120_EHR_058__anon_9bb5dc8d1e3ae6f8,case_CL120_EHR_058,DeepSeek-V3.2,closed_success,7,48,7,7,3,11,9,9,True,2.3333333333333335,1,3,8,0,4,,,closed,terminal_safe_episode_closed,gastro_hepatology,colonoscopy_or_pathology_followup,discharge_transition,moderate,misstated_family_or_patient_information,delayed_or_staged_result_return | low_adherence_or_refusal,high,medium,HO1 | HO2 | HO3 | HO4,2.5,2.0,4,1.5,-0.3999999999999999,low_score | very_low_score | below_strong | high_judge_disagreement | closed_but_low_score | serious_error_any_judge | minor_or_moderate_error_any_judge,very_low_score,True,True,True,False,False,False,False,False,True,False,False,False,True,False,True,True,False
case_CL120_EHR_059__DeepSeek-V3.2,case_CL120_EHR_059__anon_4e948cee55026555,case_CL120_EHR_059,DeepSeek-V3.2,closed_success,45,141,45,45,12,16,15,15,True,3.75,1,43,21,25,4,,,closed,terminal_safe_episode_closed,gastro_hepatology,gi_bleeding,pre_handoff,moderate,cost_transport_or_work_barrier,low_adherence_or_refusal | external_system_gap,high,medium,HO1 | HO2 | HO3 | HO4,3,3.0,4,2.0,-0.1499999999999999,low_score | below_strong | heavy_workspace | high_judge_disagreement | workspace_overuse_candidate | long_or_tool_intensive_low_score | closed_but_low_score | serious_error_any_judge | minor_or_moderate_error_any_judge | important_non_chain_defect_any_judge,long_or_tool_intensive_low_score,True,False,True,False,False,False,False,True,True,False,True,True,True,False,True,True,True
case_CL120_EHR_060__DeepSeek-V3.2,case_CL120_EHR_060__anon_dd3b549cc044b183,case_CL120_EHR_060,DeepSeek-V3.2,runtime_error,1,5,1,1,1,1,1,1,True,1.0,1,1,1,0,0,content_filter_400,RuntimeError,open,,gastro_hepatology,viral_hepatitis_cirrhosis,pre_handoff,moderate,privacy_stigma_or_sensitive_history,external_system_gap | misstated_family_or_patient_information,high,medium,HO1 | HO2 | HO3 | HO4,1,1.0,0,0.0,-0.30000000000000004,low_score | very_low_score | below_strong | sparse_workspace | workspace_underuse_candidate | serious_error_any_judge | minor_or_moderate_error_any_judge,runtime_error,True,True,True,False,False,False,True,False,False,True,False,False,False,False,True,True,False
case_CL120_EHR_061__DeepSeek-V3.2,case_CL120_EHR_061__anon_83720da7692c6c85,case_CL120_EHR_061,DeepSeek-V3.2,closed_success,22,92,22,22,7,16,14,14,True,3.142857142857143,1,22,23,0,3,,,closed,terminal_safe_episode_closed,neurology,stroke_tia,post_handoff,moderate,incomplete_patient_information,misstated_family_or_patient_information | cost_transport_or_work_barrier,high,medium,HO1 | HO2 | HO3 | HO4,2.5,2.0,4,1.5,-0.8999999999999999,low_score | very_low_score | below_strong | heavy_workspace | high_judge_disagreement | workspace_overuse_candidate | long_or_tool_intensive_low_score | closed_but_low_score | serious_error_any_judge | minor_or_moderate_error_any_judge,very_low_score,True,True,True,False,False,False,False,True,True,False,True,True,True,False,True,True,False
case_CL120_EHR_062__DeepSeek-V3.2,case_CL120_EHR_062__anon_74417d7de2c5e7a2,case_CL120_EHR_062,DeepSeek-V3.2,closed_success,10,52,10,10,4,10,9,9,True,2.5,1,9,10,0,4,,,closed,terminal_safe_episode_closed,neurology,limb_numbness_weakness_preoperative_medication_and_followup,pre_handoff,moderate,medication_confusion_or_execution_failure,cost_transport_or_work_barrier | privacy_stigma_or_sensitive_history,high,medium,HO1 | HO2 | HO3 | HO4,3.5,3.5,3,1.5,0.0,below_strong | high_judge_disagreement | minor_or_moderate_error_any_judge,high_judge_disagreement,False,False,True,False,False,False,False,False,True,False,False,False,False,False,False,True,False
case_CL120_EHR_063__DeepSeek-V3.2,case_CL120_EHR_063__anon_cf289423c4b573ac,case_CL120_EHR_063,DeepSeek-V3.2,closed_success,8,42,8,8,4,8,7,7,True,2.0,1,7,9,0,3,,,closed,terminal_safe_episode_closed,neurology,headache_red_flag,result_return,moderate,caregiver_conflict_or_fatigue,privacy_stigma_or_sensitive_history | incomplete_patient_information,high,medium,HO1 | HO2 | HO3 | HO4,3.5,4.0,4,1.6583123951777,1.5,high_judge_disagreement | serious_error_any_judge | minor_or_moderate_error_any_judge | important_non_chain_defect_any_judge,high_judge_disagreement,False,False,False,False,False,False,False,False,True,False,False,False,False,False,True,True,True
case_CL120_EHR_064__DeepSeek-V3.2,case_CL120_EHR_064__anon_70d1eea6715dfb7b,case_CL120_EHR_064,DeepSeek-V3.2,closed_success,19,118,19,19,9,26,23,23,True,2.111111111111111,1,18,20,0,7,,,closed,terminal_safe_episode_closed,neurology,dementia_delirium,result_return,moderate,document_or_image_quality_problem,incomplete_patient_information | medication_confusion_or_execution_failure,high,medium,HO1 | HO2 | HO3 | HO4,3.75,4.5,4,1.6393596310755,2.35,heavy_workspace | high_judge_disagreement | serious_error_any_judge | minor_or_moderate_error_any_judge,high_judge_disagreement,False,False,False,False,False,False,False,True,True,False,False,False,False,False,True,True,False
case_CL120_EHR_065__DeepSeek-V3.2,case_CL120_EHR_065__anon_fa4fdff34096309d,case_CL120_EHR_065,DeepSeek-V3.2,closed_success,5,40,5,5,2,10,8,8,True,2.5,1,2,6,0,3,,,closed,terminal_safe_episode_closed,neurology,neuropathy_or_fall,home_execution_failure,moderate,delayed_or_staged_result_return,medication_confusion_or_execution_failure | caregiver_conflict_or_fatigue,high,medium,HO1 | HO2 | HO3 | HO4,2.5,2.0,4,1.6583123951777,-0.4500000000000002,low_score | very_low_score | below_strong | high_judge_disagreement | closed_but_low_score | serious_error_any_judge | minor_or_moderate_error_any_judge,very_low_score,True,True,True,False,False,False,False,False,True,False,False,False,True,False,True,True,False
case_CL120_EHR_066__DeepSeek-V3.2,case_CL120_EHR_066__anon_cfe7a316552189b9,case_CL120_EHR_066,DeepSeek-V3.2,closed_success,12,55,12,12,5,10,9,9,True,2.4,1,10,13,0,2,,,closed,terminal_safe_episode_closed,neurology,stroke_tia,home_execution_failure,moderate,low_adherence_or_refusal,caregiver_conflict_or_fatigue | document_or_image_quality_problem,high,medium,HO1 | HO2 | HO3 | HO4,3.25,3.5,4,1.7853571071357126,0.0,below_strong | high_judge_disagreement | serious_error_any_judge | minor_or_moderate_error_any_judge | important_non_chain_defect_any_judge,high_judge_disagreement,False,False,True,False,False,False,False,False,True,False,False,False,False,False,True,True,True
case_CL120_EHR_067__DeepSeek-V3.2,case_CL120_EHR_067__anon_ee6bc02e9182abce,case_CL120_EHR_067,DeepSeek-V3.2,closed_success,24,71,24,24,3,7,6,6,True,8.0,1,9,25,0,3,,,closed,terminal_safe_episode_closed,neurology,seizure,longitudinal_followup,heavy,external_system_gap,document_or_image_quality_problem | delayed_or_staged_result_return,high,long,HO1 | HO2 | HO3 | HO4,3,3.0,4,1.5811388300841898,-0.1499999999999999,low_score | below_strong | high_judge_disagreement | closed_but_low_score | serious_error_any_judge | minor_or_moderate_error_any_judge | important_non_chain_defect_any_judge,closed_but_low_score,True,False,True,False,False,False,False,False,True,False,False,False,True,False,True,True,True
case_CL120_EHR_068__DeepSeek-V3.2,case_CL120_EHR_068__anon_a06ac46da70a8d11,case_CL120_EHR_068,DeepSeek-V3.2,closed_success,28,89,28,28,3,11,9,9,True,9.333333333333334,1,3,29,0,3,,,closed,terminal_safe_episode_closed,neurology,headache_red_flag,discharge_transition,heavy,misstated_family_or_patient_information,delayed_or_staged_result_return | low_adherence_or_refusal,high,long,HO1 | HO2 | HO3 | HO4,3,3.0,4,1.5811388300841898,-1.0499999999999998,low_score | below_strong | high_judge_disagreement | closed_but_low_score | model_specific_weakness | serious_error_any_judge | minor_or_moderate_error_any_judge,closed_but_low_score,True,False,True,False,False,False,False,False,True,False,False,False,True,True,True,True,False
case_CL120_EHR_069__DeepSeek-V3.2,case_CL120_EHR_069__anon_2ef5460eb21c819f,case_CL120_EHR_069,DeepSeek-V3.2,closed_success,23,80,23,23,6,10,9,9,True,3.8333333333333335,1,21,24,0,5,,,closed,terminal_safe_episode_closed,neurology,dementia_delirium,discharge_transition,extreme,cost_transport_or_work_barrier,low_adherence_or_refusal | external_system_gap,high,extra_long,HO1 | HO2 | HO3 | HO4,2.5,2.0,4,1.5,-1.15,low_score | very_low_score | below_strong | heavy_workspace | high_judge_disagreement | workspace_overuse_candidate | long_or_tool_intensive_low_score | closed_but_low_score | model_specific_weakness | serious_error_any_judge | minor_or_moderate_error_any_judge | important_non_chain_defect_any_judge,very_low_score,True,True,True,False,False,False,False,True,True,False,True,True,True,True,True,True,True
case_CL120_EHR_070__DeepSeek-V3.2,case_CL120_EHR_070__anon_36471f282f27b194,case_CL120_EHR_070,DeepSeek-V3.2,closed_success,4,38,4,4,3,9,8,8,True,1.3333333333333333,1,3,5,0,4,,,closed,terminal_safe_handoff_closed,neurology,neuropathy_or_fall,pre_handoff,light,privacy_stigma_or_sensitive_history,external_system_gap | misstated_family_or_patient_information,high,short,HO1 | HO2 | HO3 | HO4,3.5,3.5,3,1.5,0.10000000000000009,below_strong | high_judge_disagreement | minor_or_moderate_error_any_judge,high_judge_disagreement,False,False,True,False,False,False,False,False,True,False,False,False,False,False,False,True,False
case_CL120_EHR_071__DeepSeek-V3.2,case_CL120_EHR_071__anon_2deb776908b37024,case_CL120_EHR_071,DeepSeek-V3.2,closed_success,4,27,4,4,3,5,5,5,True,1.3333333333333333,1,3,0,5,3,,,closed,terminal_safe_handoff_closed,obstetrics_gynecology,pregnancy_med_safety,pre_handoff,light,incomplete_patient_information,misstated_family_or_patient_information | cost_transport_or_work_barrier,high,short,HO1 | HO2 | HO3 | HO4,2.75,2.0,3,1.299038105676658,-0.3999999999999999,low_score | very_low_score | below_strong | high_judge_disagreement | closed_but_low_score | minor_or_moderate_error_any_judge,very_low_score,True,True,True,False,False,False,False,False,True,False,False,False,True,False,False,True,False
case_CL120_EHR_072__DeepSeek-V3.2,case_CL120_EHR_072__anon_8677f0ad1af14d53,case_CL120_EHR_072,DeepSeek-V3.2,closed_success,12,62,12,12,5,13,11,11,True,2.4,1,10,13,0,2,,,closed,terminal_safe_episode_closed,obstetrics_gynecology,ectopic_or_bleeding,post_handoff,light,medication_confusion_or_execution_failure,cost_transport_or_work_barrier | privacy_stigma_or_sensitive_history,high,medium,HO1 | HO2 | HO3 | HO4,3.75,4.5,4,1.6393596310755,1.0,high_judge_disagreement | serious_error_any_judge | minor_or_moderate_error_any_judge,high_judge_disagreement,False,False,False,False,False,False,False,False,True,False,False,False,False,False,True,True,False
case_CL120_EHR_073__DeepSeek-V3.2,case_CL120_EHR_073__anon_3869cff2c35404e0,case_CL120_EHR_073,DeepSeek-V3.2,closed_success,51,168,51,51,15,22,20,21,True,3.4,1,51,52,0,2,,,closed,terminal_safe_episode_closed,obstetrics_gynecology,postpartum_warning,post_handoff,light,caregiver_conflict_or_fatigue,privacy_stigma_or_sensitive_history | incomplete_patient_information,high,medium,HO1 | HO2 | HO3 | HO4,4.25,5.0,3,1.299038105676658,0.9500000000000002,high_turn | heavy_workspace | high_judge_disagreement | minor_or_moderate_error_any_judge | important_non_chain_defect_any_judge,high_judge_disagreement,False,False,False,True,False,False,False,True,True,False,False,False,False,False,False,True,True
case_CL120_EHR_074__DeepSeek-V3.2,case_CL120_EHR_074__anon_f1026e0d227baceb,case_CL120_EHR_074,DeepSeek-V3.2,closed_success,7,45,7,7,3,11,8,9,True,2.3333333333333335,1,7,0,8,2,,,closed,terminal_safe_episode_closed,obstetrics_gynecology,gynecologic_mass_pathway,result_return,light,document_or_image_quality_problem,incomplete_patient_information | medication_confusion_or_execution_failure,high,medium,HO1 | HO2 | HO3 | HO4,4.25,5.0,3,1.299038105676658,1.35,high_judge_disagreement | minor_or_moderate_error_any_judge | important_non_chain_defect_any_judge,high_judge_disagreement,False,False,False,False,False,False,False,False,True,False,False,False,False,False,False,True,True
case_CL120_EHR_075__DeepSeek-V3.2,case_CL120_EHR_075__anon_b770b62bc0d123a7,case_CL120_EHR_075,DeepSeek-V3.2,closed_success,4,39,4,4,2,10,8,8,True,2.0,1,2,0,5,4,,,closed,terminal_safe_episode_closed,obstetrics_gynecology,pregnancy_med_safety,result_return,moderate,delayed_or_staged_result_return,medication_confusion_or_execution_failure | caregiver_conflict_or_fatigue,high,medium,HO1 | HO2 | HO3 | HO4,3,3.0,4,2.0,0.1499999999999999,low_score | below_strong | high_judge_disagreement | closed_but_low_score | serious_error_any_judge | minor_or_moderate_error_any_judge,closed_but_low_score,True,False,True,False,False,False,False,False,True,False,False,False,True,False,True,True,False
case_CL120_EHR_076__DeepSeek-V3.2,case_CL120_EHR_076__anon_72cb56a15af4d159,case_CL120_EHR_076,DeepSeek-V3.2,closed_success,27,93,27,27,7,12,11,11,True,3.857142857142857,1,26,0,28,4,,,closed,terminal_safe_handoff_closed,obstetrics_gynecology,ectopic_or_bleeding,home_execution_failure,moderate,low_adherence_or_refusal,caregiver_conflict_or_fatigue | document_or_image_quality_problem,high,medium,HO1 | HO2 | HO3 | HO4,3.5,3.5,3,1.5,0.25,below_strong | heavy_workspace | high_judge_disagreement | workspace_overuse_candidate | long_or_tool_intensive_low_score | minor_or_moderate_error_any_judge | important_non_chain_defect_any_judge,long_or_tool_intensive_low_score,False,False,True,False,False,False,False,True,True,False,True,True,False,False,False,True,True
case_CL120_EHR_077__DeepSeek-V3.2,case_CL120_EHR_077__anon_6b3f4e2a097e5b06,case_CL120_EHR_077,DeepSeek-V3.2,closed_success,6,62,6,6,5,18,15,15,True,1.2,1,5,0,7,1,,,closed,terminal_safe_episode_closed,obstetrics_gynecology,postpartum_warning,home_execution_failure,moderate,external_system_gap,document_or_image_quality_problem | delayed_or_staged_result_return,high,medium,HO1 | HO2 | HO3 | HO4,2.25,2.0,1,0.4330127018922193,-1.0,low_score | very_low_score | below_strong | closed_but_low_score | model_specific_weakness | minor_or_moderate_error_any_judge | important_non_chain_defect_any_judge,very_low_score,True,True,True,False,False,False,False,False,False,False,False,False,True,True,False,True,True
case_CL120_EHR_078__DeepSeek-V3.2,case_CL120_EHR_078__anon_2f3638e6910a15a4,case_CL120_EHR_078,DeepSeek-V3.2,closed_success,37,146,37,37,8,24,20,20,True,4.625,1,31,38,0,7,,,closed,terminal_safe_episode_closed,obstetrics_gynecology,gynecologic_mass_pathway,longitudinal_followup,moderate,misstated_family_or_patient_information,delayed_or_staged_result_return | low_adherence_or_refusal,high,medium,HO1 | HO2 | HO3 | HO4,3.5,3.5,3,1.5,-0.2999999999999998,below_strong | heavy_workspace | high_judge_disagreement | workspace_overuse_candidate | long_or_tool_intensive_low_score | minor_or_moderate_error_any_judge | important_non_chain_defect_any_judge,long_or_tool_intensive_low_score,False,False,True,False,False,False,False,True,True,False,True,True,False,False,False,True,True
case_CL120_EHR_079__DeepSeek-V3.2,case_CL120_EHR_079__anon_cea546e12d784e81,case_CL120_EHR_079,DeepSeek-V3.2,closed_success,17,66,17,17,5,10,9,9,True,3.4,1,16,18,0,3,,,closed,terminal_safe_episode_closed,pediatrics,fever_dehydration,discharge_transition,moderate,cost_transport_or_work_barrier,low_adherence_or_refusal | external_system_gap,high,medium,HO1 | HO2 | HO3 | HO4,1.75,2.0,1,0.4330127018922193,-0.5499999999999998,low_score | very_low_score | below_strong | closed_but_low_score | serious_error_any_judge | minor_or_moderate_error_any_judge,very_low_score,True,True,True,False,False,False,False,False,False,False,False,False,True,False,True,True,False
case_CL120_EHR_080__DeepSeek-V3.2,case_CL120_EHR_080__anon_6efab1427c95efc3,case_CL120_EHR_080,DeepSeek-V3.2,closed_success,10,60,10,10,4,13,11,11,True,2.5,1,7,11,0,4,,,closed,terminal_safe_handoff_closed,pediatrics,type1_diabetes_vomiting,discharge_transition,moderate,privacy_stigma_or_sensitive_history,external_system_gap | misstated_family_or_patient_information,high,medium,HO1 | HO2 | HO3 | HO4,1.75,2.0,1,0.4330127018922193,-0.3500000000000001,low_score | very_low_score | below_strong | closed_but_low_score | serious_error_any_judge | minor_or_moderate_error_any_judge,very_low_score,True,True,True,False,False,False,False,False,False,False,False,False,True,False,True,True,False
case_CL120_EHR_081__DeepSeek-V3.2,case_CL120_EHR_081__anon_67381706d1a95b76,case_CL120_EHR_081,DeepSeek-V3.2,closed_success,6,45,6,6,5,11,10,10,True,1.2,1,5,7,0,1,,,closed,terminal_safe_episode_closed,pediatrics,short_stature_growth_hormone_deficiency_and_scoliosis_followup,discharge_transition,moderate,incomplete_patient_information,misstated_family_or_patient_information | cost_transport_or_work_barrier,high,medium,HO1 | HO2 | HO3 | HO4,4,4.5,3,1.224744871391589,1.2999999999999998,high_judge_disagreement | minor_or_moderate_error_any_judge,high_judge_disagreement,False,False,False,False,False,False,False,False,True,False,False,False,False,False,False,True,False
case_CL120_EHR_082__DeepSeek-V3.2,case_CL120_EHR_082__anon_f6fda983dff417b6,case_CL120_EHR_082,DeepSeek-V3.2,closed_success,10,60,10,10,5,12,11,11,True,2.0,1,7,11,0,4,,,closed,terminal_safe_episode_closed,pediatrics,caregiver_medication_error,pre_handoff,moderate,medication_confusion_or_execution_failure,cost_transport_or_work_barrier | privacy_stigma_or_sensitive_history,high,medium,HO1 | HO2 | HO3 | HO4,3.25,3.5,4,1.7853571071357126,0.5499999999999998,below_strong | high_judge_disagreement | serious_error_any_judge | minor_or_moderate_error_any_judge,high_judge_disagreement,False,False,True,False,False,False,False,False,True,False,False,False,False,False,True,True,False
case_CL120_EHR_083__DeepSeek-V3.2,case_CL120_EHR_083__anon_03c4a283a638af28,case_CL120_EHR_083,DeepSeek-V3.2,closed_success,9,73,9,9,6,19,16,17,True,1.5,1,9,10,0,2,,,closed,terminal_safe_episode_closed,pediatrics,fever_dehydration,post_handoff,moderate,caregiver_conflict_or_fatigue,privacy_stigma_or_sensitive_history | incomplete_patient_information,high,medium,HO1 | HO2 | HO3 | HO4,3.75,4.5,4,1.6393596310755,1.5,heavy_workspace | high_judge_disagreement | serious_error_any_judge | minor_or_moderate_error_any_judge,high_judge_disagreement,False,False,False,False,False,False,False,True,True,False,False,False,False,False,True,True,False
case_CL120_EHR_084__DeepSeek-V3.2,case_CL120_EHR_084__anon_37c22dc498b76544,case_CL120_EHR_084,DeepSeek-V3.2,closed_success,30,95,30,30,6,10,9,9,True,5.0,1,26,31,0,6,,,closed,terminal_safe_episode_closed,pediatrics,type1_diabetes_vomiting,post_handoff,heavy,document_or_image_quality_problem,incomplete_patient_information | medication_confusion_or_execution_failure,high,long,HO1 | HO2 | HO3 | HO4,3,2.5,3,1.224744871391589,-0.4500000000000002,low_score | very_low_score | below_strong | heavy_workspace | high_judge_disagreement | workspace_overuse_candidate | long_or_tool_intensive_low_score | closed_but_low_score | minor_or_moderate_error_any_judge | important_non_chain_defect_any_judge,very_low_score,True,True,True,False,False,False,False,True,True,False,True,True,True,False,False,True,True
case_CL120_EHR_085__DeepSeek-V3.2,case_CL120_EHR_085__anon_18577c10ab84e6d7,case_CL120_EHR_085,DeepSeek-V3.2,open_at_100,100,436,100,100,39,83,74,75,True,2.5641025641025643,1,100,101,0,3,,,open,open_progressing,pediatrics,asthma_child,result_return,heavy,delayed_or_staged_result_return,medication_confusion_or_execution_failure | caregiver_conflict_or_fatigue,high,long,HO1 | HO2 | HO3 | HO4,1.5,1.5,1,0.5,-1.2999999999999998,low_score | very_low_score | below_strong | high_turn | very_high_turn | heavy_workspace | workspace_overuse_candidate | long_or_tool_intensive_low_score | model_specific_weakness | serious_error_any_judge | minor_or_moderate_error_any_judge | important_non_chain_defect_any_judge,open_at_100,True,True,True,True,True,False,False,True,False,False,True,True,False,True,True,True,True
case_CL120_EHR_086__DeepSeek-V3.2,case_CL120_EHR_086__anon_c151494f00f16deb,case_CL120_EHR_086,DeepSeek-V3.2,closed_success,12,60,12,12,5,11,10,10,True,2.4,1,6,13,0,4,,,closed,terminal_safe_episode_closed,pediatrics,caregiver_medication_error,result_return,heavy,low_adherence_or_refusal,caregiver_conflict_or_fatigue | document_or_image_quality_problem,high,long,HO1 | HO2 | HO3 | HO4,3.5,3.5,3,1.5,-0.20000000000000018,below_strong | high_judge_disagreement | minor_or_moderate_error_any_judge | important_non_chain_defect_any_judge,high_judge_disagreement,False,False,True,False,False,False,False,False,True,False,False,False,False,False,False,True,True
case_CL120_EHR_087__DeepSeek-V3.2,case_CL120_EHR_087__anon_f107a7d064ee4972,case_CL120_EHR_087,DeepSeek-V3.2,closed_success,11,42,11,11,2,6,5,5,True,5.5,1,5,0,12,3,,,closed,terminal_safe_episode_closed,oncology_hematology,new_mass_staging,home_execution_failure,light,external_system_gap,document_or_image_quality_problem | delayed_or_staged_result_return,high,medium,HO1 | HO2 | HO3 | HO4,3.5,3.5,3,1.5,0.5499999999999998,below_strong | high_judge_disagreement | minor_or_moderate_error_any_judge | important_non_chain_defect_any_judge,high_judge_disagreement,False,False,True,False,False,False,False,False,True,False,False,False,False,False,False,True,True
case_CL120_EHR_088__DeepSeek-V3.2,case_CL120_EHR_088__anon_28e845c37be16511,case_CL120_EHR_088,DeepSeek-V3.2,closed_success,5,49,5,5,3,12,11,11,True,1.6666666666666667,1,3,6,0,4,,,closed,terminal_safe_episode_closed,oncology_hematology,chemotherapy_complication,home_execution_failure,light,misstated_family_or_patient_information,delayed_or_staged_result_return | low_adherence_or_refusal,high,medium,HO1 | HO2 | HO3 | HO4,3.5,3.5,3,1.5,1.0,below_strong | high_judge_disagreement | minor_or_moderate_error_any_judge,high_judge_disagreement,False,False,True,False,False,False,False,False,True,False,False,False,False,False,False,True,False
case_CL120_EHR_089__DeepSeek-V3.2,case_CL120_EHR_089__anon_c6ff1f38d46bd3e2,case_CL120_EHR_089,DeepSeek-V3.2,open_at_100,100,305,100,100,19,36,33,33,True,5.2631578947368425,1,100,101,0,2,,,open,open_progressing,oncology_hematology,anemia_bleeding,longitudinal_followup,light,cost_transport_or_work_barrier,low_adherence_or_refusal | external_system_gap,high,medium,HO1 | HO2 | HO3 | HO4,2.5,2.0,2,0.8660254037844386,-2.0,low_score | very_low_score | below_strong | high_turn | very_high_turn | heavy_workspace | high_judge_disagreement | workspace_overuse_candidate | long_or_tool_intensive_low_score | model_specific_weakness | minor_or_moderate_error_any_judge | important_non_chain_defect_any_judge,open_at_100,True,True,True,True,True,False,False,True,True,False,True,True,False,True,False,True,True
case_CL120_EHR_090__DeepSeek-V3.2,case_CL120_EHR_090__anon_8aebd5ff831969e5,case_CL120_EHR_090,DeepSeek-V3.2,closed_success,64,247,64,64,24,37,35,36,True,2.6666666666666665,1,64,65,0,6,,,closed,terminal_safe_episode_closed,oncology_hematology,palliative_transition,discharge_transition,light,privacy_stigma_or_sensitive_history,external_system_gap | misstated_family_or_patient_information,high,medium,HO1 | HO2 | HO3 | HO4,4,5.0,4,1.7320508075688772,1.9500000000000002,high_turn | heavy_workspace | high_judge_disagreement | serious_error_any_judge | minor_or_moderate_error_any_judge,high_judge_disagreement,False,False,False,True,False,False,False,True,True,False,False,False,False,False,True,True,False
case_CL120_EHR_091__DeepSeek-V3.2,case_CL120_EHR_091__anon_8e20c07e0b0d684f,case_CL120_EHR_091,DeepSeek-V3.2,closed_success,6,55,6,6,3,15,11,12,True,2.0,1,4,7,0,4,,,closed,terminal_safe_episode_closed,oncology_hematology,family_disclosure,discharge_transition,light,incomplete_patient_information,misstated_family_or_patient_information | cost_transport_or_work_barrier,high,medium,HO1 | HO2 | HO3 | HO4,3,3.0,4,1.5811388300841898,0.6000000000000001,low_score | below_strong | high_judge_disagreement | closed_but_low_score | serious_error_any_judge | minor_or_moderate_error_any_judge,closed_but_low_score,True,False,True,False,False,False,False,False,True,False,False,False,True,False,True,True,False
case_CL120_EHR_092__DeepSeek-V3.2,case_CL120_EHR_092__anon_369da73c9c8f2960,case_CL120_EHR_092,DeepSeek-V3.2,closed_success,4,43,4,4,3,11,9,9,True,1.3333333333333333,1,3,5,0,5,,,closed,terminal_safe_handoff_closed,oncology_hematology,new_mass_staging,pre_handoff,light,medication_confusion_or_execution_failure,cost_transport_or_work_barrier | privacy_stigma_or_sensitive_history,high,short,HO1 | HO2 | HO3 | HO4,3.5,3.5,3,1.118033988749895,0.8999999999999999,below_strong | high_judge_disagreement | minor_or_moderate_error_any_judge,high_judge_disagreement,False,False,True,False,False,False,False,False,True,False,False,False,False,False,False,True,False
case_CL120_EHR_093__DeepSeek-V3.2,case_CL120_EHR_093__anon_df40d8f3ca6854fa,case_CL120_EHR_093,DeepSeek-V3.2,closed_success,17,81,17,17,8,16,14,14,True,2.125,1,17,18,0,2,,,closed,terminal_bounded_episode_closed,oncology_hematology,chemotherapy_complication,pre_handoff,moderate,caregiver_conflict_or_fatigue,privacy_stigma_or_sensitive_history | incomplete_patient_information,high,medium,HO1 | HO2 | HO3 | HO4,2.25,1.5,4,1.6393596310755,-0.75,low_score | very_low_score | below_strong | heavy_workspace | high_judge_disagreement | workspace_overuse_candidate | long_or_tool_intensive_low_score | closed_but_low_score | serious_error_any_judge | minor_or_moderate_error_any_judge,very_low_score,True,True,True,False,False,False,False,True,True,False,True,True,True,False,True,True,False
case_CL120_EHR_094__DeepSeek-V3.2,case_CL120_EHR_094__anon_105c28cae1dfdf75,case_CL120_EHR_094,DeepSeek-V3.2,closed_success,40,136,40,40,11,17,16,16,True,3.6363636363636362,1,40,41,0,5,,,closed,terminal_safe_episode_closed,oncology_hematology,anemia_bleeding,post_handoff,moderate,document_or_image_quality_problem,incomplete_patient_information | medication_confusion_or_execution_failure,high,medium,HO1 | HO2 | HO3 | HO4,4,5.0,4,1.7320508075688772,1.7000000000000002,heavy_workspace | high_judge_disagreement | serious_error_any_judge | minor_or_moderate_error_any_judge,high_judge_disagreement,False,False,False,False,False,False,False,True,True,False,False,False,False,False,True,True,False
case_CL120_EHR_095__DeepSeek-V3.2,case_CL120_EHR_095__anon_0fc035bf323bcab2,case_CL120_EHR_095,DeepSeek-V3.2,closed_success,4,43,4,4,3,11,10,10,True,1.3333333333333333,1,3,5,0,3,,,closed,terminal_safe_episode_closed,oncology_hematology,palliative_transition,post_handoff,moderate,delayed_or_staged_result_return,medication_confusion_or_execution_failure | caregiver_conflict_or_fatigue,high,medium,HO1 | HO2 | HO3 | HO4,2.25,2.0,1,0.4330127018922193,-0.7999999999999998,low_score | very_low_score | below_strong | closed_but_low_score | minor_or_moderate_error_any_judge,very_low_score,True,True,True,False,False,False,False,False,False,False,False,False,True,False,False,True,False
case_CL120_EHR_096__DeepSeek-V3.2,case_CL120_EHR_096__anon_3c960ab5b090dfc4,case_CL120_EHR_096,DeepSeek-V3.2,closed_success,44,162,44,44,13,24,23,23,True,3.3846153846153846,1,43,45,0,3,,,closed,terminal_safe_episode_closed,oncology_hematology,family_disclosure,result_return,moderate,low_adherence_or_refusal,caregiver_conflict_or_fatigue | document_or_image_quality_problem,high,medium,HO1 | HO2 | HO3 | HO4,4.25,5.0,3,1.299038105676658,1.0499999999999998,heavy_workspace | high_judge_disagreement | minor_or_moderate_error_any_judge,high_judge_disagreement,False,False,False,False,False,False,False,True,True,False,False,False,False,False,False,True,False
case_CL120_EHR_097__DeepSeek-V3.2,case_CL120_EHR_097__anon_7b86b8eec5f013f1,case_CL120_EHR_097,DeepSeek-V3.2,closed_success,4,37,4,4,2,10,8,8,True,2.0,1,3,5,0,2,,,closed,terminal_safe_episode_closed,infectious_disease,culture_result_action,result_return,moderate,external_system_gap,document_or_image_quality_problem | delayed_or_staged_result_return,high,medium,HO1 | HO2 | HO3 | HO4,2.25,2.0,3,1.0897247358851685,-1.1,low_score | very_low_score | below_strong | high_judge_disagreement | closed_but_low_score | model_specific_weakness | serious_error_any_judge | minor_or_moderate_error_any_judge | important_non_chain_defect_any_judge,very_low_score,True,True,True,False,False,False,False,False,True,False,False,False,True,True,True,True,True
case_CL120_EHR_098__DeepSeek-V3.2,case_CL120_EHR_098__anon_c312a99493c5ce74,case_CL120_EHR_098,DeepSeek-V3.2,closed_success,30,103,30,30,10,14,13,13,True,3.0,1,24,31,0,2,,,closed,terminal_safe_episode_closed,infectious_disease,sepsis_warning,home_execution_failure,moderate,misstated_family_or_patient_information,delayed_or_staged_result_return | low_adherence_or_refusal,high,medium,HO1 | HO2 | HO3 | HO4,2.75,2.0,3,1.299038105676658,-1.7999999999999998,low_score | very_low_score | below_strong | heavy_workspace | high_judge_disagreement | workspace_overuse_candidate | long_or_tool_intensive_low_score | closed_but_low_score | model_specific_weakness | minor_or_moderate_error_any_judge | important_non_chain_defect_any_judge,very_low_score,True,True,True,False,False,False,False,True,True,False,True,True,True,True,False,True,True
case_CL120_EHR_099__DeepSeek-V3.2,case_CL120_EHR_099__anon_853779626c247370,case_CL120_EHR_099,DeepSeek-V3.2,open_at_100,100,369,100,100,29,58,50,54,True,3.4482758620689653,1,93,101,0,3,,,open,open_progressing,infectious_disease,tb_or_hbv_stigma,home_execution_failure,moderate,cost_transport_or_work_barrier,low_adherence_or_refusal | external_system_gap,high,medium,HO1 | HO2 | HO3 | HO4,2.25,2.0,3,1.0897247358851685,-1.5499999999999998,low_score | very_low_score | below_strong | high_turn | very_high_turn | heavy_workspace | high_judge_disagreement | workspace_overuse_candidate | long_or_tool_intensive_low_score | model_specific_weakness | serious_error_any_judge | minor_or_moderate_error_any_judge,open_at_100,True,True,True,True,True,False,False,True,True,False,True,True,False,True,True,True,False
case_CL120_EHR_100__DeepSeek-V3.2,case_CL120_EHR_100__anon_313effe0266d9c77,case_CL120_EHR_100,DeepSeek-V3.2,closed_success,21,106,21,21,9,21,19,19,True,2.3333333333333335,1,19,0,22,3,,,closed,terminal_safe_episode_closed,infectious_disease,antibiotic_allergy_or_adherence,longitudinal_followup,moderate,privacy_stigma_or_sensitive_history,external_system_gap | misstated_family_or_patient_information,high,medium,HO1 | HO2 | HO3 | HO4,2.75,2.0,3,1.299038105676658,-0.8500000000000001,low_score | very_low_score | below_strong | heavy_workspace | high_judge_disagreement | workspace_overuse_candidate | long_or_tool_intensive_low_score | closed_but_low_score | minor_or_moderate_error_any_judge | important_non_chain_defect_any_judge,very_low_score,True,True,True,False,False,False,False,True,True,False,True,True,True,False,False,True,True
case_CL120_EHR_101__DeepSeek-V3.2,case_CL120_EHR_101__anon_0a240884db573677,case_CL120_EHR_101,DeepSeek-V3.2,closed_success,15,87,15,15,6,17,15,15,True,2.5,1,15,16,0,9,,,closed,terminal_safe_episode_closed,infectious_disease,culture_result_action,discharge_transition,heavy,incomplete_patient_information,misstated_family_or_patient_information | cost_transport_or_work_barrier,high,long,HO1 | HO2 | HO3 | HO4,3,3.0,4,2.0,-0.5,low_score | below_strong | heavy_workspace | high_judge_disagreement | workspace_overuse_candidate | long_or_tool_intensive_low_score | closed_but_low_score | serious_error_any_judge | minor_or_moderate_error_any_judge,long_or_tool_intensive_low_score,True,False,True,False,False,False,False,True,True,False,True,True,True,False,True,True,False
case_CL120_EHR_102__DeepSeek-V3.2,case_CL120_EHR_102__anon_558aefacc2677f24,case_CL120_EHR_102,DeepSeek-V3.2,closed_success,49,172,49,49,16,24,23,23,True,3.0625,1,49,0,50,3,,,closed,terminal_safe_episode_closed,infectious_disease,sepsis_warning,discharge_transition,heavy,medication_confusion_or_execution_failure,cost_transport_or_work_barrier | privacy_stigma_or_sensitive_history,high,long,HO1 | HO2 | HO3 | HO4,3.5,3.5,3,1.5,-0.3500000000000001,below_strong | heavy_workspace | high_judge_disagreement | workspace_overuse_candidate | long_or_tool_intensive_low_score | minor_or_moderate_error_any_judge | important_non_chain_defect_any_judge,long_or_tool_intensive_low_score,False,False,True,False,False,False,False,True,True,False,True,True,False,False,False,True,True
case_CL120_EHR_103__DeepSeek-V3.2,case_CL120_EHR_103__anon_f8c17c430d9a5ff3,case_CL120_EHR_103,DeepSeek-V3.2,closed_success,6,41,6,6,3,9,8,8,True,2.0,1,3,7,0,3,,,closed,terminal_safe_episode_closed,infectious_disease,transplant_patient_hbv_tb_stigma_and_immunosuppression_safety,pre_handoff,heavy,caregiver_conflict_or_fatigue,privacy_stigma_or_sensitive_history | incomplete_patient_information,high,long,HO1 | HO2 | HO3 | HO4,3.5,3.5,3,1.5,0.20000000000000018,below_strong | high_judge_disagreement | minor_or_moderate_error_any_judge,high_judge_disagreement,False,False,True,False,False,False,False,False,True,False,False,False,False,False,False,True,False
case_CL120_EHR_104__DeepSeek-V3.2,case_CL120_EHR_104__anon_80489cb96bf02193,case_CL120_EHR_104,DeepSeek-V3.2,closed_success,5,44,5,5,4,12,10,10,True,1.25,1,5,6,0,1,,,closed,terminal_safe_handoff_closed,infectious_disease,antibiotic_allergy_or_adherence,pre_handoff,light,document_or_image_quality_problem,incomplete_patient_information | medication_confusion_or_execution_failure,high,short,HO1 | HO2 | HO3 | HO4,2.75,2.0,3,1.299038105676658,-1.25,low_score | very_low_score | below_strong | high_judge_disagreement | closed_but_low_score | model_specific_weakness | minor_or_moderate_error_any_judge,very_low_score,True,True,True,False,False,False,False,False,True,False,False,False,True,True,False,True,False
case_CL120_EHR_105__DeepSeek-V3.2,case_CL120_EHR_105__anon_fa1a4f93000d36fd,case_CL120_EHR_105,DeepSeek-V3.2,closed_success,21,95,21,21,7,18,15,16,True,3.0,1,20,22,0,3,,,closed,terminal_safe_episode_closed,musculoskeletal_geriatrics,fracture_fall_prevention,post_handoff,light,delayed_or_staged_result_return,medication_confusion_or_execution_failure | caregiver_conflict_or_fatigue,high,medium,HO1 | HO2 | HO3 | HO4,3,3.0,4,2.0,0.10000000000000009,low_score | below_strong | heavy_workspace | high_judge_disagreement | workspace_overuse_candidate | long_or_tool_intensive_low_score | closed_but_low_score | serious_error_any_judge | minor_or_moderate_error_any_judge,long_or_tool_intensive_low_score,True,False,True,False,False,False,False,True,True,False,True,True,True,False,True,True,False
case_CL120_EHR_106__DeepSeek-V3.2,case_CL120_EHR_106__anon_9dbd3911274d41a0,case_CL120_EHR_106,DeepSeek-V3.2,closed_success,14,61,14,14,3,10,9,9,True,4.666666666666667,1,9,15,0,4,,,closed,terminal_safe_episode_closed,musculoskeletal_geriatrics,osteoporosis,post_handoff,light,low_adherence_or_refusal,caregiver_conflict_or_fatigue | document_or_image_quality_problem,high,medium,HO1 | HO2 | HO3 | HO4,2.25,1.5,4,1.6393596310755,-2.1,low_score | very_low_score | below_strong | high_judge_disagreement | closed_but_low_score | model_specific_weakness | serious_error_any_judge | minor_or_moderate_error_any_judge | important_non_chain_defect_any_judge,very_low_score,True,True,True,False,False,False,False,False,True,False,False,False,True,True,True,True,True
case_CL120_EHR_107__DeepSeek-V3.2,case_CL120_EHR_107__anon_11dbd9fcc24f46a4,case_CL120_EHR_107,DeepSeek-V3.2,closed_success,7,53,7,7,4,13,11,11,True,1.75,1,7,8,0,3,,,closed,terminal_safe_episode_closed,musculoskeletal_geriatrics,polypharmacy,result_return,light,external_system_gap,document_or_image_quality_problem | delayed_or_staged_result_return,high,medium,HO1 | HO2 | HO3 | HO4,2.5,2.0,4,1.5,-1.2000000000000002,low_score | very_low_score | below_strong | high_judge_disagreement | closed_but_low_score | model_specific_weakness | serious_error_any_judge | minor_or_moderate_error_any_judge,very_low_score,True,True,True,False,False,False,False,False,True,False,False,False,True,True,True,True,False
case_CL120_EHR_108__DeepSeek-V3.2,case_CL120_EHR_108__anon_1f8494288101677f,case_CL120_EHR_108,DeepSeek-V3.2,closed_success,29,157,29,29,16,33,31,31,True,1.8125,1,24,30,0,3,,,closed,terminal_safe_episode_closed,musculoskeletal_geriatrics,frailty_caregiver_execution,result_return,light,misstated_family_or_patient_information,delayed_or_staged_result_return | low_adherence_or_refusal,high,medium,HO1 | HO2 | HO3 | HO4,3.75,4.5,4,1.6393596310755,1.65,heavy_workspace | high_judge_disagreement | serious_error_any_judge | minor_or_moderate_error_any_judge,high_judge_disagreement,False,False,False,False,False,False,False,True,True,False,False,False,False,False,True,True,False
case_CL120_EHR_109__DeepSeek-V3.2,case_CL120_EHR_109__anon_cefe31832ca55061,case_CL120_EHR_109,DeepSeek-V3.2,closed_success,9,66,9,9,5,16,14,14,True,1.8,1,8,10,0,3,,,closed,terminal_safe_episode_closed,musculoskeletal_geriatrics,fracture_fall_prevention,home_execution_failure,light,cost_transport_or_work_barrier,low_adherence_or_refusal | external_system_gap,high,medium,HO1 | HO2 | HO3 | HO4,2.75,2.0,3,1.299038105676658,-1.25,low_score | very_low_score | below_strong | high_judge_disagreement | closed_but_low_score | model_specific_weakness | minor_or_moderate_error_any_judge,very_low_score,True,True,True,False,False,False,False,False,True,False,False,False,True,True,False,True,False
case_CL120_EHR_110__DeepSeek-V3.2,case_CL120_EHR_110__anon_ff521ce36b483f21,case_CL120_EHR_110,DeepSeek-V3.2,closed_success,32,157,32,32,16,30,28,29,True,2.0,1,32,33,0,5,,,closed,terminal_safe_episode_closed,musculoskeletal_geriatrics,osteoporosis,home_execution_failure,moderate,privacy_stigma_or_sensitive_history,external_system_gap | misstated_family_or_patient_information,high,medium,HO1 | HO2 | HO3 | HO4,2.5,2.0,4,1.5,-0.1499999999999999,low_score | very_low_score | below_strong | heavy_workspace | high_judge_disagreement | workspace_overuse_candidate | long_or_tool_intensive_low_score | closed_but_low_score | serious_error_any_judge | minor_or_moderate_error_any_judge,very_low_score,True,True,True,False,False,False,False,True,True,False,True,True,True,False,True,True,False
case_CL120_EHR_111__DeepSeek-V3.2,case_CL120_EHR_111__anon_e145a64e49e16b95,case_CL120_EHR_111,DeepSeek-V3.2,closed_success,15,52,15,15,3,7,6,6,True,5.0,1,12,16,0,2,,,closed,terminal_safe_episode_closed,musculoskeletal_geriatrics,polypharmacy,longitudinal_followup,moderate,incomplete_patient_information,misstated_family_or_patient_information | cost_transport_or_work_barrier,high,medium,HO1 | HO2 | HO3 | HO4,2,1.0,4,1.7320508075688772,-1.35,low_score | very_low_score | below_strong | high_judge_disagreement | closed_but_low_score | model_specific_weakness | serious_error_any_judge | minor_or_moderate_error_any_judge,very_low_score,True,True,True,False,False,False,False,False,True,False,False,False,True,True,True,True,False
case_CL120_EHR_112__DeepSeek-V3.2,case_CL120_EHR_112__anon_2d3ac86fd4ae199d,case_CL120_EHR_112,DeepSeek-V3.2,closed_success,9,73,9,9,5,18,16,16,True,1.8,1,7,10,0,4,,,closed,terminal_safe_episode_closed,musculoskeletal_geriatrics,frailty_caregiver_execution,discharge_transition,moderate,medication_confusion_or_execution_failure,cost_transport_or_work_barrier | privacy_stigma_or_sensitive_history,high,medium,HO1 | HO2 | HO3 | HO4,3.25,3.0,3,1.299038105676658,-0.6000000000000001,low_score | below_strong | high_judge_disagreement | closed_but_low_score | minor_or_moderate_error_any_judge | important_non_chain_defect_any_judge,closed_but_low_score,True,False,True,False,False,False,False,False,True,False,False,False,True,False,False,True,True
case_CL120_EHR_113__DeepSeek-V3.2,case_CL120_EHR_113__anon_aee2136e4789368f,case_CL120_EHR_113,DeepSeek-V3.2,closed_success,23,103,23,23,10,20,15,18,True,2.3,1,19,24,0,1,,,closed,terminal_safe_episode_closed,mental_health_somatic,anxiety_depression_somatic_red_flag_and_followup,longitudinal_followup,moderate,caregiver_conflict_or_fatigue,privacy_stigma_or_sensitive_history | incomplete_patient_information,high,medium,HO1 | HO2 | HO3 | HO4,3.75,4.5,4,1.6393596310755,1.2000000000000002,heavy_workspace | high_judge_disagreement | serious_error_any_judge | minor_or_moderate_error_any_judge,high_judge_disagreement,False,False,False,False,False,False,False,True,True,False,False,False,False,False,True,True,False
case_CL120_EHR_114__DeepSeek-V3.2,case_CL120_EHR_114__anon_d6cb44dbcaa1261d,case_CL120_EHR_114,DeepSeek-V3.2,closed_success,5,34,5,5,2,7,6,6,True,2.5,1,2,6,0,4,,,closed,terminal_safe_handoff_closed,mental_health_somatic,depression_adherence,pre_handoff,moderate,document_or_image_quality_problem,incomplete_patient_information | medication_confusion_or_execution_failure,high,medium,HO1 | HO2 | HO3 | HO4,2.75,2.0,3,1.299038105676658,-0.5,low_score | very_low_score | below_strong | high_judge_disagreement | closed_but_low_score | minor_or_moderate_error_any_judge,very_low_score,True,True,True,False,False,False,False,False,True,False,False,False,True,False,False,True,False
case_CL120_EHR_115__DeepSeek-V3.2,case_CL120_EHR_115__anon_e109c31f09781fc9,case_CL120_EHR_115,DeepSeek-V3.2,closed_success,14,110,14,14,5,17,13,14,True,2.8,1,12,15,0,36,,,closed,terminal_safe_episode_closed,mental_health_somatic,stigma_hidden_history,pre_handoff,moderate,delayed_or_staged_result_return,medication_confusion_or_execution_failure | caregiver_conflict_or_fatigue,high,medium,HO1 | HO2 | HO3 | HO4,3.5,3.5,3,1.5,-0.04999999999999982,below_strong | high_judge_disagreement | minor_or_moderate_error_any_judge,high_judge_disagreement,False,False,True,False,False,False,False,False,True,False,False,False,False,False,False,True,False
case_CL120_EHR_116__DeepSeek-V3.2,case_CL120_EHR_116__anon_eb942303c058f424,case_CL120_EHR_116,DeepSeek-V3.2,closed_success,16,81,16,16,6,16,14,14,True,2.6666666666666665,1,11,17,0,4,,,closed,terminal_safe_episode_closed,mental_health_somatic,anxiety_somatic_red_flag,post_handoff,moderate,low_adherence_or_refusal,caregiver_conflict_or_fatigue | document_or_image_quality_problem,high,medium,HO1 | HO2 | HO3 | HO4,2,1.0,4,1.7320508075688772,-1.5,low_score | very_low_score | below_strong | heavy_workspace | high_judge_disagreement | workspace_overuse_candidate | long_or_tool_intensive_low_score | closed_but_low_score | model_specific_weakness | serious_error_any_judge | minor_or_moderate_error_any_judge | important_non_chain_defect_any_judge,very_low_score,True,True,True,False,False,False,False,True,True,False,True,True,True,True,True,True,True
case_CL120_EHR_117__DeepSeek-V3.2,case_CL120_EHR_117__anon_f0a04691b0263ba0,case_CL120_EHR_117,DeepSeek-V3.2,closed_success,14,85,14,14,8,19,17,17,True,1.75,1,14,15,0,3,,,closed,terminal_safe_episode_closed,mental_health_somatic,depression_adherence,post_handoff,moderate,external_system_gap,document_or_image_quality_problem | delayed_or_staged_result_return,high,medium,HO1 | HO2 | HO3 | HO4,3,3.0,4,2.0,0.6000000000000001,low_score | below_strong | heavy_workspace | high_judge_disagreement | workspace_overuse_candidate | long_or_tool_intensive_low_score | closed_but_low_score | serious_error_any_judge | important_non_chain_defect_any_judge,long_or_tool_intensive_low_score,True,False,True,False,False,False,False,True,True,False,True,True,True,False,True,False,True
case_CL120_EHR_118__DeepSeek-V3.2,case_CL120_EHR_118__anon_cbab10a833ec38d0,case_CL120_EHR_118,DeepSeek-V3.2,closed_success,39,128,39,39,10,16,15,15,True,3.9,1,39,40,0,3,,,closed,terminal_safe_episode_closed,dermatology_ent_ophthalmology,rash_drug_reaction,result_return,heavy,misstated_family_or_patient_information,delayed_or_staged_result_return | low_adherence_or_refusal,high,long,HO1 | HO2 | HO3 | HO4,3.5,3.5,3,1.118033988749895,0.25,below_strong | heavy_workspace | high_judge_disagreement | workspace_overuse_candidate | long_or_tool_intensive_low_score | minor_or_moderate_error_any_judge | important_non_chain_defect_any_judge,long_or_tool_intensive_low_score,False,False,True,False,False,False,False,True,True,False,True,True,False,False,False,True,True
case_CL120_EHR_119__DeepSeek-V3.2,case_CL120_EHR_119__anon_c50d71c66a22057a,case_CL120_EHR_119,DeepSeek-V3.2,closed_success,26,137,26,26,12,28,24,26,True,2.1666666666666665,1,25,0,27,6,,,closed,terminal_safe_episode_closed,dermatology_ent_ophthalmology,vision_red_flag,result_return,heavy,cost_transport_or_work_barrier,low_adherence_or_refusal | external_system_gap,high,long,HO1 | HO2 | HO3 | HO4,3.25,3.0,3,1.299038105676658,-0.3999999999999999,low_score | below_strong | heavy_workspace | high_judge_disagreement | workspace_overuse_candidate | long_or_tool_intensive_low_score | closed_but_low_score | minor_or_moderate_error_any_judge | important_non_chain_defect_any_judge,long_or_tool_intensive_low_score,True,False,True,False,False,False,False,True,True,False,True,True,True,False,False,True,True
case_CL120_EHR_120__DeepSeek-V3.2,case_CL120_EHR_120__anon_a8cc8bd3eb3a788c,case_CL120_EHR_120,DeepSeek-V3.2,closed_success,17,81,17,17,6,15,13,13,True,2.8333333333333335,1,16,0,18,5,,,closed,terminal_safe_episode_closed,dermatology_ent_ophthalmology,otitis_sinus_complication,home_execution_failure,heavy,privacy_stigma_or_sensitive_history,external_system_gap | misstated_family_or_patient_information,high,long,HO1 | HO2 | HO3 | HO4,3.5,3.5,3,1.5,0.8500000000000001,below_strong | heavy_workspace | high_judge_disagreement | workspace_overuse_candidate | long_or_tool_intensive_low_score | minor_or_moderate_error_any_judge,long_or_tool_intensive_low_score,False,False,True,False,False,False,False,True,True,False,True,True,False,False,False,True,False
case_CL120_EHR_001__DeepSeek-V4-Pro,case_CL120_EHR_001__anon_08e8f50ddc442d2a,case_CL120_EHR_001,DeepSeek-V4-Pro,closed_success,9,85,9,9,7,22,21,21,True,1.2857142857142858,1,9,10,0,2,,,closed,terminal_safe_episode_closed,cardiovascular,chest_pain_acs_dissection,longitudinal_followup,light,incomplete_patient_information,misstated_family_or_patient_information | cost_transport_or_work_barrier,high,medium,HO1 | HO2 | HO3 | HO4,3.25,3.5,4,1.7853571071357126,0.6499999999999999,below_strong | heavy_workspace | high_judge_disagreement | workspace_overuse_candidate | long_or_tool_intensive_low_score | serious_error_any_judge | minor_or_moderate_error_any_judge,long_or_tool_intensive_low_score,False,False,True,False,False,False,False,True,True,False,True,True,False,False,True,True,False
case_CL120_EHR_002__DeepSeek-V4-Pro,case_CL120_EHR_002__anon_47dc581a11ad55fb,case_CL120_EHR_002,DeepSeek-V4-Pro,closed_success,11,63,11,11,5,14,12,12,True,2.2,1,6,12,0,2,,,closed,terminal_safe_episode_closed,cardiovascular,heart_failure_decompensation,longitudinal_followup,light,medication_confusion_or_execution_failure,cost_transport_or_work_barrier | privacy_stigma_or_sensitive_history,high,medium,HO1 | HO2 | HO3 | HO4,2.5,2.0,4,1.6583123951777,-0.8999999999999999,low_score | very_low_score | below_strong | high_judge_disagreement | closed_but_low_score | serious_error_any_judge,very_low_score,True,True,True,False,False,False,False,False,True,False,False,False,True,False,True,False,False
case_CL120_EHR_003__DeepSeek-V4-Pro,case_CL120_EHR_003__anon_0a2ef7756cff3e47,case_CL120_EHR_003,DeepSeek-V4-Pro,closed_success,4,46,4,4,3,11,9,9,True,1.3333333333333333,1,3,5,0,8,,,closed,terminal_safe_episode_closed,cardiovascular,atrial_fibrillation_anticoagulation,discharge_transition,light,caregiver_conflict_or_fatigue,privacy_stigma_or_sensitive_history | incomplete_patient_information,high,medium,HO1 | HO2 | HO3 | HO4,2.5,2.0,4,1.5,-1.0,low_score | very_low_score | below_strong | high_judge_disagreement | closed_but_low_score | model_specific_weakness | serious_error_any_judge | minor_or_moderate_error_any_judge | important_non_chain_defect_any_judge,very_low_score,True,True,True,False,False,False,False,False,True,False,False,False,True,True,True,True,True
case_CL120_EHR_004__DeepSeek-V4-Pro,case_CL120_EHR_004__anon_30190f9bb8c3f2f9,case_CL120_EHR_004,DeepSeek-V4-Pro,closed_success,6,52,6,6,2,7,5,6,True,3.0,1,3,7,0,19,,,closed,terminal_safe_episode_closed,dermatology_ent_ophthalmology,cataract_postoperative_medication_and_followup,discharge_transition,light,document_or_image_quality_problem,incomplete_patient_information | medication_confusion_or_execution_failure,high,medium,HO1 | HO2 | HO3 | HO4,3,3.0,4,2.0,0.20000000000000018,low_score | below_strong | high_judge_disagreement | closed_but_low_score | serious_error_any_judge,closed_but_low_score,True,False,True,False,False,False,False,False,True,False,False,False,True,False,True,False,False
case_CL120_EHR_005__DeepSeek-V4-Pro,case_CL120_EHR_005__anon_136409f7df8776ad,case_CL120_EHR_005,DeepSeek-V4-Pro,closed_success,3,29,3,3,2,7,6,6,True,1.5,1,2,4,0,2,,,closed,terminal_safe_handoff_closed,cardiovascular,syncope,pre_handoff,light,delayed_or_staged_result_return,medication_confusion_or_execution_failure | caregiver_conflict_or_fatigue,high,short,HO1 | HO2 | HO3 | HO4,4,5.0,4,1.7320508075688772,1.35,high_judge_disagreement | serious_error_any_judge | minor_or_moderate_error_any_judge,high_judge_disagreement,False,False,False,False,False,False,False,False,True,False,False,False,False,False,True,True,False
case_CL120_EHR_006__DeepSeek-V4-Pro,case_CL120_EHR_006__anon_1af426b379029a97,case_CL120_EHR_006,DeepSeek-V4-Pro,closed_success,12,38,12,12,2,3,3,3,True,6.0,1,3,13,0,4,,,closed,terminal_safe_handoff_closed,cardiovascular,chest_pain_acs_dissection,pre_handoff,light,low_adherence_or_refusal,caregiver_conflict_or_fatigue | document_or_image_quality_problem,high,short,HO1 | HO2 | HO3 | HO4,4.75,5.0,1,0.4330127018922193,1.1,,no_major_failure_flag,False,False,False,False,False,False,False,False,False,False,False,False,False,False,False,False,False
case_CL120_EHR_007__DeepSeek-V4-Pro,case_CL120_EHR_007__anon_ae2257b63f03237f,case_CL120_EHR_007,DeepSeek-V4-Pro,closed_success,8,74,8,8,7,18,17,17,True,1.1428571428571428,1,7,9,0,4,,,closed,terminal_safe_episode_closed,cardiovascular,heart_failure_decompensation,post_handoff,moderate,external_system_gap,document_or_image_quality_problem | delayed_or_staged_result_return,high,medium,HO1 | HO2 | HO3 | HO4,2.75,2.5,4,1.7853571071357126,-0.10000000000000009,low_score | very_low_score | below_strong | heavy_workspace | high_judge_disagreement | workspace_overuse_candidate | long_or_tool_intensive_low_score | closed_but_low_score | serious_error_any_judge | minor_or_moderate_error_any_judge,very_low_score,True,True,True,False,False,False,False,True,True,False,True,True,True,False,True,True,False
case_CL120_EHR_008__DeepSeek-V4-Pro,case_CL120_EHR_008__anon_289853ddfc495b90,case_CL120_EHR_008,DeepSeek-V4-Pro,closed_success,6,67,6,6,4,18,16,16,True,1.5,1,6,7,0,3,,,closed,terminal_safe_episode_closed,cardiovascular,atrial_fibrillation_anticoagulation,post_handoff,moderate,misstated_family_or_patient_information,delayed_or_staged_result_return | low_adherence_or_refusal,high,medium,HO1 | HO2 | HO3 | HO4,3,3.0,4,2.0,-0.6000000000000001,low_score | below_strong | high_judge_disagreement | closed_but_low_score | serious_error_any_judge | minor_or_moderate_error_any_judge | important_non_chain_defect_any_judge,closed_but_low_score,True,False,True,False,False,False,False,False,True,False,False,False,True,False,True,True,True
case_CL120_EHR_009__DeepSeek-V4-Pro,case_CL120_EHR_009__anon_0bb26e302bc8dad5,case_CL120_EHR_009,DeepSeek-V4-Pro,closed_success,13,96,13,13,7,23,21,21,True,1.8571428571428572,1,13,14,0,4,,,closed,terminal_safe_episode_closed,cardiovascular,hypertension_urgency,result_return,moderate,cost_transport_or_work_barrier,low_adherence_or_refusal | external_system_gap,high,medium,HO1 | HO2 | HO3 | HO4,3.25,3.5,4,1.7853571071357126,0.6000000000000001,below_strong | heavy_workspace | high_judge_disagreement | workspace_overuse_candidate | long_or_tool_intensive_low_score | serious_error_any_judge | minor_or_moderate_error_any_judge,long_or_tool_intensive_low_score,False,False,True,False,False,False,False,True,True,False,True,True,False,False,True,True,False
case_CL120_EHR_010__DeepSeek-V4-Pro,case_CL120_EHR_010__anon_2e46f3e7fcd17ed7,case_CL120_EHR_010,DeepSeek-V4-Pro,closed_success,11,65,11,11,6,13,12,12,True,1.8333333333333333,1,8,12,0,4,,,closed,terminal_safe_episode_closed,cardiovascular,syncope,result_return,moderate,privacy_stigma_or_sensitive_history,external_system_gap | misstated_family_or_patient_information,high,medium,HO1 | HO2 | HO3 | HO4,3.75,4.5,4,1.6393596310755,0.5499999999999998,heavy_workspace | high_judge_disagreement | serious_error_any_judge | minor_or_moderate_error_any_judge,high_judge_disagreement,False,False,False,False,False,False,False,True,True,False,False,False,False,False,True,True,False
case_CL120_EHR_011__DeepSeek-V4-Pro,case_CL120_EHR_011__anon_723d0b21c9e961a6,case_CL120_EHR_011,DeepSeek-V4-Pro,closed_success,59,219,59,59,16,32,30,31,True,3.6875,1,59,60,0,2,,,closed,terminal_safe_episode_closed,cardiovascular,chest_pain_acs_dissection,home_execution_failure,moderate,incomplete_patient_information,misstated_family_or_patient_information | cost_transport_or_work_barrier,high,medium,HO1 | HO2 | HO3 | HO4,4.25,5.0,3,1.299038105676658,1.2999999999999998,high_turn | heavy_workspace | high_judge_disagreement | minor_or_moderate_error_any_judge | important_non_chain_defect_any_judge,high_judge_disagreement,False,False,False,True,False,False,False,True,True,False,False,False,False,False,False,True,True
case_CL120_EHR_012__DeepSeek-V4-Pro,case_CL120_EHR_012__anon_c79691f1658f157c,case_CL120_EHR_012,DeepSeek-V4-Pro,closed_success,47,232,47,47,23,46,42,44,True,2.0434782608695654,1,44,47,1,3,,,closed,terminal_safe_episode_closed,cardiovascular,heart_failure_decompensation,longitudinal_followup,moderate,medication_confusion_or_execution_failure,cost_transport_or_work_barrier | privacy_stigma_or_sensitive_history,high,medium,HO1 | HO2 | HO3 | HO4,4,4.5,3,1.224744871391589,1.2999999999999998,heavy_workspace | high_judge_disagreement | minor_or_moderate_error_any_judge,high_judge_disagreement,False,False,False,False,False,False,False,True,True,False,False,False,False,False,False,True,False
case_CL120_EHR_013__DeepSeek-V4-Pro,case_CL120_EHR_013__anon_f1b5a90877574ffc,case_CL120_EHR_013,DeepSeek-V4-Pro,closed_success,4,34,4,4,3,7,6,7,True,1.3333333333333333,1,3,5,0,3,,,closed,terminal_safe_episode_closed,cardiovascular,atrial_fibrillation_anticoagulation,longitudinal_followup,moderate,caregiver_conflict_or_fatigue,privacy_stigma_or_sensitive_history | incomplete_patient_information,high,medium,HO1 | HO2 | HO3 | HO4,2.25,1.5,4,1.6393596310755,-2.1,low_score | very_low_score | below_strong | high_judge_disagreement | closed_but_low_score | model_specific_weakness | serious_error_any_judge | minor_or_moderate_error_any_judge,very_low_score,True,True,True,False,False,False,False,False,True,False,False,False,True,True,True,True,False
case_CL120_EHR_014__DeepSeek-V4-Pro,case_CL120_EHR_014__anon_a6cd3a761a668ebc,case_CL120_EHR_014,DeepSeek-V4-Pro,closed_success,12,60,12,12,5,10,9,9,True,2.4,1,11,13,0,6,,,closed,terminal_safe_episode_closed,cardiovascular,hypertension_urgency,discharge_transition,moderate,document_or_image_quality_problem,incomplete_patient_information | medication_confusion_or_execution_failure,high,medium,HO1 | HO2 | HO3 | HO4,4,5.0,4,1.7320508075688772,1.9,high_judge_disagreement | serious_error_any_judge | minor_or_moderate_error_any_judge,high_judge_disagreement,False,False,False,False,False,False,False,False,True,False,False,False,False,False,True,True,False
case_CL120_EHR_015__DeepSeek-V4-Pro,case_CL120_EHR_015__anon_46379c94bd57b79f,case_CL120_EHR_015,DeepSeek-V4-Pro,closed_success,30,233,30,30,17,55,47,47,True,1.7647058823529411,1,27,31,0,15,,,closed,terminal_safe_episode_closed,respiratory,suspected_pulmonary_embolism_result_and_anticoagulation_followup,result_return,heavy,delayed_or_staged_result_return,medication_confusion_or_execution_failure | caregiver_conflict_or_fatigue,high,long,HO1 | HO2 | HO3 | HO4,3.75,4.5,4,1.6393596310755,0.8500000000000001,heavy_workspace | high_judge_disagreement | serious_error_any_judge,high_judge_disagreement,False,False,False,False,False,False,False,True,True,False,False,False,False,False,True,False,False
case_CL120_EHR_016__DeepSeek-V4-Pro,case_CL120_EHR_016__anon_636d6d3398288c68,case_CL120_EHR_016,DeepSeek-V4-Pro,closed_success,3,35,3,3,3,8,8,8,True,1.0,1,3,4,0,4,,,closed,terminal_safe_handoff_closed,respiratory,pneumonia,pre_handoff,heavy,low_adherence_or_refusal,caregiver_conflict_or_fatigue | document_or_image_quality_problem,high,long,HO1 | HO2 | HO3 | HO4,2,1.5,3,1.224744871391589,-1.5,low_score | very_low_score | below_strong | high_judge_disagreement | closed_but_low_score | model_specific_weakness | serious_error_any_judge | minor_or_moderate_error_any_judge,very_low_score,True,True,True,False,False,False,False,False,True,False,False,False,True,True,True,True,False
case_CL120_EHR_017__DeepSeek-V4-Pro,case_CL120_EHR_017__anon_206d4fba1f19dcaf,case_CL120_EHR_017,DeepSeek-V4-Pro,closed_success,36,163,36,36,11,30,25,27,True,3.272727272727273,1,33,37,0,5,,,closed,terminal_safe_episode_closed,respiratory,lung_nodule_mass,post_handoff,heavy,external_system_gap,document_or_image_quality_problem | delayed_or_staged_result_return,high,long,HO1 | HO2 | HO3 | HO4,3.25,3.5,4,1.7853571071357126,-0.7000000000000002,below_strong | heavy_workspace | high_judge_disagreement | workspace_overuse_candidate | long_or_tool_intensive_low_score | serious_error_any_judge | minor_or_moderate_error_any_judge,long_or_tool_intensive_low_score,False,False,True,False,False,False,False,True,True,False,True,True,False,False,True,True,False
case_CL120_EHR_018__DeepSeek-V4-Pro,case_CL120_EHR_018__anon_12330aa53db5674d,case_CL120_EHR_018,DeepSeek-V4-Pro,closed_success,10,76,10,10,8,17,17,17,True,1.25,1,10,11,0,2,,,closed,terminal_safe_episode_closed,respiratory,pulmonary_embolism,post_handoff,extreme,misstated_family_or_patient_information,delayed_or_staged_result_return | low_adherence_or_refusal,high,extra_long,HO1 | HO2 | HO3 | HO4,3,3.0,4,2.0,0.3999999999999999,low_score | below_strong | heavy_workspace | high_judge_disagreement | workspace_overuse_candidate | long_or_tool_intensive_low_score | closed_but_low_score | serious_error_any_judge | minor_or_moderate_error_any_judge,long_or_tool_intensive_low_score,True,False,True,False,False,False,False,True,True,False,True,True,True,False,True,True,False
case_CL120_EHR_019__DeepSeek-V4-Pro,case_CL120_EHR_019__anon_8b757049b89d5e48,case_CL120_EHR_019,DeepSeek-V4-Pro,closed_success,18,120,18,18,10,28,25,25,True,1.8,1,17,19,0,4,,,closed,terminal_safe_episode_closed,respiratory,home_oxygen_or_inhaler_execution,post_handoff,light,cost_transport_or_work_barrier,low_adherence_or_refusal | external_system_gap,high,medium,HO1 | HO2 | HO3 | HO4,4,5.0,4,1.7320508075688772,1.4500000000000002,heavy_workspace | high_judge_disagreement | serious_error_any_judge | minor_or_moderate_error_any_judge | important_non_chain_defect_any_judge,high_judge_disagreement,False,False,False,False,False,False,False,True,True,False,False,False,False,False,True,True,True
case_CL120_EHR_020__DeepSeek-V4-Pro,case_CL120_EHR_020__anon_17e8f4fa2ee446d5,case_CL120_EHR_020,DeepSeek-V4-Pro,closed_success,35,227,35,35,8,20,17,18,True,4.375,1,31,36,0,96,,,closed,terminal_safe_episode_closed,respiratory,asthma_copd_exacerbation,result_return,light,privacy_stigma_or_sensitive_history,external_system_gap | misstated_family_or_patient_information,high,medium,HO1 | HO2 | HO3 | HO4,1.75,2.0,1,0.4330127018922193,0.10000000000000009,low_score | very_low_score | below_strong | heavy_workspace | workspace_overuse_candidate | long_or_tool_intensive_low_score | closed_but_low_score | serious_error_any_judge | minor_or_moderate_error_any_judge,very_low_score,True,True,True,False,False,False,False,True,False,False,True,True,True,False,True,True,False
case_CL120_EHR_021__DeepSeek-V4-Pro,case_CL120_EHR_021__anon_07e71e1357acd5d8,case_CL120_EHR_021,DeepSeek-V4-Pro,closed_success,25,95,25,25,10,13,11,13,True,2.5,1,24,26,0,6,,,closed,terminal_safe_handoff_closed,respiratory,pneumonia,result_return,light,incomplete_patient_information,misstated_family_or_patient_information | cost_transport_or_work_barrier,high,medium,HO1 | HO2 | HO3 | HO4,3,3.0,4,1.5811388300841898,-0.04999999999999982,low_score | below_strong | heavy_workspace | high_judge_disagreement | workspace_overuse_candidate | long_or_tool_intensive_low_score | closed_but_low_score | serious_error_any_judge | minor_or_moderate_error_any_judge,long_or_tool_intensive_low_score,True,False,True,False,False,False,False,True,True,False,True,True,True,False,True,True,False
case_CL120_EHR_022__DeepSeek-V4-Pro,case_CL120_EHR_022__anon_6acdd8d1574e4f9c,case_CL120_EHR_022,DeepSeek-V4-Pro,closed_success,7,37,7,7,2,7,6,6,True,3.5,1,5,0,8,3,,,closed,terminal_safe_episode_closed,respiratory,lung_nodule_mass,home_execution_failure,light,medication_confusion_or_execution_failure,cost_transport_or_work_barrier | privacy_stigma_or_sensitive_history,high,medium,HO1 | HO2 | HO3 | HO4,1.75,1.0,3,1.299038105676658,-0.8500000000000001,low_score | very_low_score | below_strong | high_judge_disagreement | closed_but_low_score | serious_error_any_judge | minor_or_moderate_error_any_judge,very_low_score,True,True,True,False,False,False,False,False,True,False,False,False,True,False,True,True,False
case_CL120_EHR_023__DeepSeek-V4-Pro,case_CL120_EHR_023__anon_d97632c9fa512872,case_CL120_EHR_023,DeepSeek-V4-Pro,closed_success,6,43,6,6,2,10,8,8,True,3.0,1,2,7,0,4,,,closed,terminal_safe_episode_closed,respiratory,pulmonary_embolism,longitudinal_followup,light,caregiver_conflict_or_fatigue,privacy_stigma_or_sensitive_history | incomplete_patient_information,high,medium,HO1 | HO2 | HO3 | HO4,2,1.0,4,1.7320508075688772,-0.8999999999999999,low_score | very_low_score | below_strong | high_judge_disagreement | closed_but_low_score | serious_error_any_judge | minor_or_moderate_error_any_judge,very_low_score,True,True,True,False,False,False,False,False,True,False,False,False,True,False,True,True,False
case_CL120_EHR_024__DeepSeek-V4-Pro,case_CL120_EHR_024__anon_8f2c6743c20e0dfb,case_CL120_EHR_024,DeepSeek-V4-Pro,closed_success,10,50,10,10,3,8,7,7,True,3.3333333333333335,1,5,11,0,7,,,closed,terminal_safe_episode_closed,respiratory,home_oxygen_or_inhaler_execution,longitudinal_followup,moderate,document_or_image_quality_problem,incomplete_patient_information | medication_confusion_or_execution_failure,high,medium,HO1 | HO2 | HO3 | HO4,3,3.0,4,1.5811388300841898,0.3999999999999999,low_score | below_strong | high_judge_disagreement | closed_but_low_score | serious_error_any_judge | minor_or_moderate_error_any_judge,closed_but_low_score,True,False,True,False,False,False,False,False,True,False,False,False,True,False,True,True,False
case_CL120_EHR_025__DeepSeek-V4-Pro,case_CL120_EHR_025__anon_1738ca228c315aa6,case_CL120_EHR_025,DeepSeek-V4-Pro,closed_success,68,425,68,68,40,95,88,91,True,1.7,1,68,69,0,4,,,closed,terminal_safe_handoff_closed,respiratory,asthma_copd_exacerbation,discharge_transition,moderate,delayed_or_staged_result_return,medication_confusion_or_execution_failure | caregiver_conflict_or_fatigue,high,medium,HO1 | HO2 | HO3 | HO4,4.25,5.0,3,1.299038105676658,1.6,high_turn | heavy_workspace | high_judge_disagreement | minor_or_moderate_error_any_judge | important_non_chain_defect_any_judge,high_judge_disagreement,False,False,False,True,False,False,False,True,True,False,False,False,False,False,False,True,True
case_CL120_EHR_026__DeepSeek-V4-Pro,case_CL120_EHR_026__anon_693ce108276891dd,case_CL120_EHR_026,DeepSeek-V4-Pro,open_at_100,100,401,100,100,31,64,56,61,True,3.225806451612903,1,99,101,0,5,,,open,open_progressing,respiratory,pneumonia,palliative_terminal,moderate,low_adherence_or_refusal,caregiver_conflict_or_fatigue | document_or_image_quality_problem,high,medium,HO1 | HO2 | HO3 | HO4,2.5,2.5,3,1.118033988749895,-0.2999999999999998,low_score | very_low_score | below_strong | high_turn | very_high_turn | heavy_workspace | high_judge_disagreement | workspace_overuse_candidate | long_or_tool_intensive_low_score | serious_error_any_judge | minor_or_moderate_error_any_judge,open_at_100,True,True,True,True,True,False,False,True,True,False,True,True,False,False,True,True,False
case_CL120_EHR_027__DeepSeek-V4-Pro,case_CL120_EHR_027__anon_774e9834cbfda3ad,case_CL120_EHR_027,DeepSeek-V4-Pro,closed_success,3,36,3,3,2,10,8,8,True,1.5,1,2,4,0,3,,,closed,terminal_safe_handoff_closed,endocrine_metabolic,diabetes_sick_day,pre_handoff,moderate,external_system_gap,document_or_image_quality_problem | delayed_or_staged_result_return,high,medium,HO1 | HO2 | HO3 | HO4,2,1.5,3,1.224744871391589,-0.9500000000000002,low_score | very_low_score | below_strong | high_judge_disagreement | closed_but_low_score | serious_error_any_judge | minor_or_moderate_error_any_judge | important_non_chain_defect_any_judge,very_low_score,True,True,True,False,False,False,False,False,True,False,False,False,True,False,True,True,True
case_CL120_EHR_028__DeepSeek-V4-Pro,case_CL120_EHR_028__anon_4490ce5402ce8cc9,case_CL120_EHR_028,DeepSeek-V4-Pro,closed_success,70,348,70,70,31,69,62,65,True,2.2580645161290325,1,70,70,1,4,,,closed,terminal_safe_episode_closed,endocrine_metabolic,hypoglycemia,post_handoff,moderate,misstated_family_or_patient_information,delayed_or_staged_result_return | low_adherence_or_refusal,high,medium,HO1 | HO2 | HO3 | HO4,3,3.0,4,2.0,1.1,low_score | below_strong | high_turn | heavy_workspace | high_judge_disagreement | workspace_overuse_candidate | long_or_tool_intensive_low_score | closed_but_low_score | serious_error_any_judge | minor_or_moderate_error_any_judge,long_or_tool_intensive_low_score,True,False,True,True,False,False,False,True,True,False,True,True,True,False,True,True,False
case_CL120_EHR_029__DeepSeek-V4-Pro,case_CL120_EHR_029__anon_8c69eddc0f03a292,case_CL120_EHR_029,DeepSeek-V4-Pro,open_at_100,100,511,100,100,42,107,93,102,True,2.380952380952381,1,93,101,0,2,,,open,open_progressing,endocrine_metabolic,thyroid_dysfunction,post_handoff,moderate,cost_transport_or_work_barrier,low_adherence_or_refusal | external_system_gap,high,medium,HO1 | HO2 | HO3 | HO4,3,3.0,4,1.5811388300841898,-0.7999999999999998,low_score | below_strong | high_turn | very_high_turn | heavy_workspace | high_judge_disagreement | workspace_overuse_candidate | long_or_tool_intensive_low_score | serious_error_any_judge | minor_or_moderate_error_any_judge | important_non_chain_defect_any_judge,open_at_100,True,False,True,True,True,False,False,True,True,False,True,True,False,False,True,True,True
case_CL120_EHR_030__DeepSeek-V4-Pro,case_CL120_EHR_030__anon_2316565edbd8f8db,case_CL120_EHR_030,DeepSeek-V4-Pro,open_at_100,100,380,100,100,30,58,55,57,True,3.3333333333333335,1,100,101,0,6,,,soft_closed,milestone_closed_but_not_terminal,endocrine_metabolic,steroid_or_insulin_adjustment,post_handoff,moderate,privacy_stigma_or_sensitive_history,external_system_gap | misstated_family_or_patient_information,high,medium,HO1 | HO2 | HO3 | HO4,2.25,2.0,3,1.299038105676658,-0.2999999999999998,low_score | very_low_score | below_strong | high_turn | very_high_turn | heavy_workspace | high_judge_disagreement | workspace_overuse_candidate | long_or_tool_intensive_low_score | serious_error_any_judge | minor_or_moderate_error_any_judge,open_at_100,True,True,True,True,True,False,False,True,True,False,True,True,False,False,True,True,False
case_CL120_EHR_031__DeepSeek-V4-Pro,case_CL120_EHR_031__anon_8d9f6b9658bb97d1,case_CL120_EHR_031,DeepSeek-V4-Pro,closed_success,9,93,9,9,6,23,20,21,True,1.5,1,6,0,10,3,,,closed,terminal_bounded_episode_closed,endocrine_metabolic,obesity_sleep_apnea_metabolic_risk,result_return,moderate,incomplete_patient_information,misstated_family_or_patient_information | cost_transport_or_work_barrier,high,medium,HO1 | HO2 | HO3 | HO4,4,5.0,4,1.7320508075688772,2.4,heavy_workspace | high_judge_disagreement | serious_error_any_judge | minor_or_moderate_error_any_judge,high_judge_disagreement,False,False,False,False,False,False,False,True,True,False,False,False,False,False,True,True,False
case_CL120_EHR_032__DeepSeek-V4-Pro,case_CL120_EHR_032__anon_20563c4a68e5ebf5,case_CL120_EHR_032,DeepSeek-V4-Pro,closed_success,37,156,37,37,10,27,26,25,True,3.7,1,34,0,38,2,,,closed,terminal_safe_episode_closed,endocrine_metabolic,diabetes_sick_day,result_return,moderate,medication_confusion_or_execution_failure,cost_transport_or_work_barrier | privacy_stigma_or_sensitive_history,high,medium,HO1 | HO2 | HO3 | HO4,3,3.0,4,2.0,0.7000000000000002,low_score | below_strong | heavy_workspace | high_judge_disagreement | workspace_overuse_candidate | long_or_tool_intensive_low_score | closed_but_low_score | serious_error_any_judge,long_or_tool_intensive_low_score,True,False,True,False,False,False,False,True,True,False,True,True,True,False,True,False,False
case_CL120_EHR_033__DeepSeek-V4-Pro,case_CL120_EHR_033__anon_3437463df52b49e5,case_CL120_EHR_033,DeepSeek-V4-Pro,closed_success,17,65,17,17,5,8,8,8,True,3.4,1,15,18,0,3,,,closed,terminal_safe_episode_closed,endocrine_metabolic,hypoglycemia,home_execution_failure,heavy,caregiver_conflict_or_fatigue,privacy_stigma_or_sensitive_history | incomplete_patient_information,high,long,HO1 | HO2 | HO3 | HO4,2,1.5,3,1.224744871391589,-1.75,low_score | very_low_score | below_strong | high_judge_disagreement | closed_but_low_score | model_specific_weakness | serious_error_any_judge | minor_or_moderate_error_any_judge | important_non_chain_defect_any_judge,very_low_score,True,True,True,False,False,False,False,False,True,False,False,False,True,True,True,True,True
case_CL120_EHR_034__DeepSeek-V4-Pro,case_CL120_EHR_034__anon_1947db79ccc6d383,case_CL120_EHR_034,DeepSeek-V4-Pro,closed_success,34,258,34,34,20,61,55,55,True,1.7,1,34,0,35,6,,,closed,terminal_safe_episode_closed,endocrine_metabolic,thyroid_dysfunction,longitudinal_followup,heavy,document_or_image_quality_problem,incomplete_patient_information | medication_confusion_or_execution_failure,high,long,HO1 | HO2 | HO3 | HO4,2,1.5,3,1.224744871391589,-0.8999999999999999,low_score | very_low_score | below_strong | heavy_workspace | high_judge_disagreement | workspace_overuse_candidate | long_or_tool_intensive_low_score | closed_but_low_score | serious_error_any_judge | minor_or_moderate_error_any_judge | important_non_chain_defect_any_judge,very_low_score,True,True,True,False,False,False,False,True,True,False,True,True,True,False,True,True,True
case_CL120_EHR_035__DeepSeek-V4-Pro,case_CL120_EHR_035__anon_95899178c0ec3c4f,case_CL120_EHR_035,DeepSeek-V4-Pro,open_at_100,100,534,100,100,42,115,100,105,True,2.380952380952381,1,98,68,33,4,,,open,open_progressing,endocrine_metabolic,steroid_or_insulin_adjustment,longitudinal_followup,extreme,delayed_or_staged_result_return,medication_confusion_or_execution_failure | caregiver_conflict_or_fatigue,high,extra_long,HO1 | HO2 | HO3 | HO4,2.5,2.5,3,1.5,-0.10000000000000009,low_score | very_low_score | below_strong | high_turn | very_high_turn | heavy_workspace | high_judge_disagreement | workspace_overuse_candidate | long_or_tool_intensive_low_score | serious_error_any_judge | minor_or_moderate_error_any_judge | important_non_chain_defect_any_judge,open_at_100,True,True,True,True,True,False,False,True,True,False,True,True,False,False,True,True,True
case_CL120_EHR_036__DeepSeek-V4-Pro,case_CL120_EHR_036__anon_4ee611bd361a7856,case_CL120_EHR_036,DeepSeek-V4-Pro,closed_success,62,248,62,62,22,42,38,40,True,2.8181818181818183,1,61,0,63,2,,,closed,terminal_safe_episode_closed,endocrine_metabolic,obesity_sleep_apnea_metabolic_risk,discharge_transition,light,low_adherence_or_refusal,caregiver_conflict_or_fatigue | document_or_image_quality_problem,high,medium,HO1 | HO2 | HO3 | HO4,2.75,2.5,4,1.7853571071357126,0.5,low_score | very_low_score | below_strong | high_turn | heavy_workspace | high_judge_disagreement | workspace_overuse_candidate | long_or_tool_intensive_low_score | closed_but_low_score | serious_error_any_judge | minor_or_moderate_error_any_judge,very_low_score,True,True,True,True,False,False,False,True,True,False,True,True,True,False,True,True,False
case_CL120_EHR_037__DeepSeek-V4-Pro,case_CL120_EHR_037__anon_be300b423dd17a6b,case_CL120_EHR_037,DeepSeek-V4-Pro,closed_success,59,395,59,59,32,88,81,83,True,1.84375,1,58,60,0,17,,,closed,terminal_safe_episode_closed,endocrine_metabolic,diabetic_foot_wound_and_sick_day_medication_safety,home_execution_failure,light,external_system_gap,document_or_image_quality_problem | delayed_or_staged_result_return,high,medium,HO1 | HO2 | HO3 | HO4,3,3.0,4,2.0,-0.25,low_score | below_strong | high_turn | heavy_workspace | high_judge_disagreement | workspace_overuse_candidate | long_or_tool_intensive_low_score | closed_but_low_score | serious_error_any_judge | minor_or_moderate_error_any_judge | important_non_chain_defect_any_judge,long_or_tool_intensive_low_score,True,False,True,True,False,False,False,True,True,False,True,True,True,False,True,True,True
case_CL120_EHR_038__DeepSeek-V4-Pro,case_CL120_EHR_038__anon_c5a6f8590585b103,case_CL120_EHR_038,DeepSeek-V4-Pro,closed_success,89,433,89,89,31,90,76,80,True,2.870967741935484,1,86,90,0,1,,,closed,terminal_safe_handoff_closed,endocrine_metabolic,postoperative_glucose_variability_and_medication_safety,home_execution_failure,light,misstated_family_or_patient_information,delayed_or_staged_result_return | low_adherence_or_refusal,high,short,HO1 | HO2 | HO3 | HO4,3,3.0,4,2.0,-0.1499999999999999,low_score | below_strong | high_turn | heavy_workspace | high_judge_disagreement | workspace_overuse_candidate | long_or_tool_intensive_low_score | closed_but_low_score | serious_error_any_judge,long_or_tool_intensive_low_score,True,False,True,True,False,False,False,True,True,False,True,True,True,False,True,False,False
case_CL120_EHR_039__DeepSeek-V4-Pro,case_CL120_EHR_039__anon_f4d7e933f22cb863,case_CL120_EHR_039,DeepSeek-V4-Pro,closed_success,11,57,11,11,4,12,10,10,True,2.75,2,8,0,12,2,,,closed,terminal_bounded_episode_closed,renal_urology,ckd_med_reconciliation,post_handoff,light,cost_transport_or_work_barrier,low_adherence_or_refusal | external_system_gap,high,medium,HO1 | HO2 | HO3 | HO4,2.25,1.5,4,1.6393596310755,-0.75,low_score | very_low_score | below_strong | high_judge_disagreement | closed_but_low_score | serious_error_any_judge | minor_or_moderate_error_any_judge,very_low_score,True,True,True,False,False,False,False,False,True,False,False,False,True,False,True,True,False
case_CL120_EHR_040__DeepSeek-V4-Pro,case_CL120_EHR_040__anon_d13827ea964a8a2b,case_CL120_EHR_040,DeepSeek-V4-Pro,closed_success,10,104,10,10,7,30,25,25,True,1.4285714285714286,1,9,11,0,1,,,closed,terminal_safe_episode_closed,renal_urology,uti_culture_action,post_handoff,light,privacy_stigma_or_sensitive_history,external_system_gap | misstated_family_or_patient_information,high,medium,HO1 | HO2 | HO3 | HO4,2,1.5,3,1.224744871391589,-1.35,low_score | very_low_score | below_strong | heavy_workspace | high_judge_disagreement | workspace_overuse_candidate | long_or_tool_intensive_low_score | closed_but_low_score | model_specific_weakness | serious_error_any_judge | minor_or_moderate_error_any_judge,very_low_score,True,True,True,False,False,False,False,True,True,False,True,True,True,True,True,True,False
case_CL120_EHR_041__DeepSeek-V4-Pro,case_CL120_EHR_041__anon_17bb94d02b9936a3,case_CL120_EHR_041,DeepSeek-V4-Pro,closed_success,17,116,17,17,10,26,25,25,True,1.7,1,15,18,0,3,,,closed,terminal_safe_episode_closed,renal_urology,renal_function_abnormality_warning_and_result_followup,result_return,moderate,incomplete_patient_information,misstated_family_or_patient_information | cost_transport_or_work_barrier,high,medium,HO1 | HO2 | HO3 | HO4,3.75,4.5,4,1.6393596310755,0.9500000000000002,heavy_workspace | high_judge_disagreement | serious_error_any_judge,high_judge_disagreement,False,False,False,False,False,False,False,True,True,False,False,False,False,False,True,False,False
case_CL120_EHR_042__DeepSeek-V4-Pro,case_CL120_EHR_042__anon_a2cbcbf7ddec12b2,case_CL120_EHR_042,DeepSeek-V4-Pro,closed_success,8,66,8,8,6,16,15,14,True,1.3333333333333333,1,7,0,9,4,,,closed,terminal_safe_episode_closed,renal_urology,stone_colic,result_return,moderate,medication_confusion_or_execution_failure,cost_transport_or_work_barrier | privacy_stigma_or_sensitive_history,high,medium,HO1 | HO2 | HO3 | HO4,2.75,2.0,3,1.299038105676658,-0.7999999999999998,low_score | very_low_score | below_strong | heavy_workspace | high_judge_disagreement | workspace_overuse_candidate | long_or_tool_intensive_low_score | closed_but_low_score | minor_or_moderate_error_any_judge | important_non_chain_defect_any_judge,very_low_score,True,True,True,False,False,False,False,True,True,False,True,True,True,False,False,True,True
case_CL120_EHR_043__DeepSeek-V4-Pro,case_CL120_EHR_043__anon_9961151a71a0105c,case_CL120_EHR_043,DeepSeek-V4-Pro,closed_success,21,102,21,21,6,19,17,17,True,3.5,1,20,22,0,4,,,closed,terminal_safe_episode_closed,renal_urology,anticoagulation_and_hematuria,home_execution_failure,moderate,caregiver_conflict_or_fatigue,privacy_stigma_or_sensitive_history | incomplete_patient_information,high,medium,HO1 | HO2 | HO3 | HO4,4.25,4.0,1,0.4330127018922193,0.6000000000000001,heavy_workspace,no_major_failure_flag,False,False,False,False,False,False,False,True,False,False,False,False,False,False,False,False,False
case_CL120_EHR_044__DeepSeek-V4-Pro,case_CL120_EHR_044__anon_09d4e0141f7d2d21,case_CL120_EHR_044,DeepSeek-V4-Pro,closed_success,33,178,33,33,16,35,33,33,True,2.0625,1,32,0,34,7,,,closed,terminal_safe_episode_closed,renal_urology,ckd_med_reconciliation,home_execution_failure,moderate,document_or_image_quality_problem,incomplete_patient_information | medication_confusion_or_execution_failure,high,medium,HO1 | HO2 | HO3 | HO4,3.5,4.0,4,1.5,0.4500000000000002,heavy_workspace | high_judge_disagreement | serious_error_any_judge,high_judge_disagreement,False,False,False,False,False,False,False,True,True,False,False,False,False,False,True,False,False
case_CL120_EHR_045__DeepSeek-V4-Pro,case_CL120_EHR_045__anon_42799e3684b0b034,case_CL120_EHR_045,DeepSeek-V4-Pro,closed_success,23,193,23,23,15,48,43,45,True,1.5333333333333334,1,22,0,24,4,,,closed,terminal_safe_episode_closed,renal_urology,uti_culture_action,longitudinal_followup,moderate,delayed_or_staged_result_return,medication_confusion_or_execution_failure | caregiver_conflict_or_fatigue,high,medium,HO1 | HO2 | HO3 | HO4,2.25,1.5,4,1.6393596310755,-0.6000000000000001,low_score | very_low_score | below_strong | heavy_workspace | high_judge_disagreement | workspace_overuse_candidate | long_or_tool_intensive_low_score | closed_but_low_score | serious_error_any_judge | minor_or_moderate_error_any_judge,very_low_score,True,True,True,False,False,False,False,True,True,False,True,True,True,False,True,True,False
case_CL120_EHR_046__DeepSeek-V4-Pro,case_CL120_EHR_046__anon_5f8c7d8a558daabe,case_CL120_EHR_046,DeepSeek-V4-Pro,closed_success,53,204,53,53,16,31,28,30,True,3.3125,1,53,54,0,6,,,closed,terminal_safe_episode_closed,renal_urology,aki_warning,longitudinal_followup,moderate,low_adherence_or_refusal,caregiver_conflict_or_fatigue | document_or_image_quality_problem,high,medium,HO1 | HO2 | HO3 | HO4,3,3.0,4,2.0,-0.3500000000000001,low_score | below_strong | high_turn | heavy_workspace | high_judge_disagreement | workspace_overuse_candidate | long_or_tool_intensive_low_score | closed_but_low_score | serious_error_any_judge | minor_or_moderate_error_any_judge | important_non_chain_defect_any_judge,long_or_tool_intensive_low_score,True,False,True,True,False,False,False,True,True,False,True,True,True,False,True,True,True
case_CL120_EHR_047__DeepSeek-V4-Pro,case_CL120_EHR_047__anon_4d925ef442306700,case_CL120_EHR_047,DeepSeek-V4-Pro,closed_success,21,146,21,21,11,31,29,29,True,1.9090909090909092,1,21,22,0,8,,,closed,terminal_safe_episode_closed,renal_urology,stone_colic,discharge_transition,moderate,external_system_gap,document_or_image_quality_problem | delayed_or_staged_result_return,high,medium,HO1 | HO2 | HO3 | HO4,3.5,3.5,3,1.5,1.2000000000000002,below_strong | heavy_workspace | high_judge_disagreement | workspace_overuse_candidate | long_or_tool_intensive_low_score | minor_or_moderate_error_any_judge,long_or_tool_intensive_low_score,False,False,True,False,False,False,False,True,True,False,True,True,False,False,False,True,False
case_CL120_EHR_048__DeepSeek-V4-Pro,case_CL120_EHR_048__anon_28f5b5c4ad7d2b27,case_CL120_EHR_048,DeepSeek-V4-Pro,closed_success,63,283,63,63,22,51,48,49,True,2.8636363636363638,1,60,64,0,4,,,closed,terminal_safe_episode_closed,renal_urology,renal_function_electrolyte_and_urine_color_medication_safety,home_execution_failure,moderate,misstated_family_or_patient_information,delayed_or_staged_result_return | low_adherence_or_refusal,high,medium,HO1 | HO2 | HO3 | HO4,3,3.0,4,2.0,0.0,low_score | below_strong | high_turn | heavy_workspace | high_judge_disagreement | workspace_overuse_candidate | long_or_tool_intensive_low_score | closed_but_low_score | serious_error_any_judge | minor_or_moderate_error_any_judge | important_non_chain_defect_any_judge,long_or_tool_intensive_low_score,True,False,True,True,False,False,False,True,True,False,True,True,True,False,True,True,True
case_CL120_EHR_049__DeepSeek-V4-Pro,case_CL120_EHR_049__anon_48a63f54d728043f,case_CL120_EHR_049,DeepSeek-V4-Pro,closed_success,13,96,13,13,7,23,20,20,True,1.8571428571428572,1,11,0,14,6,,,closed,terminal_safe_episode_closed,respiratory,pulmonary_sequestration_interventional_planning_and_cost_barrier,pre_handoff,moderate,cost_transport_or_work_barrier,low_adherence_or_refusal | external_system_gap,high,medium,HO1 | HO2 | HO3 | HO4,3.25,3.0,3,1.299038105676658,-0.1499999999999999,low_score | below_strong | heavy_workspace | high_judge_disagreement | workspace_overuse_candidate | long_or_tool_intensive_low_score | closed_but_low_score | minor_or_moderate_error_any_judge,long_or_tool_intensive_low_score,True,False,True,False,False,False,False,True,True,False,True,True,True,False,False,True,False
case_CL120_EHR_050__DeepSeek-V4-Pro,case_CL120_EHR_050__anon_58dcf4f9bdac2a4b,case_CL120_EHR_050,DeepSeek-V4-Pro,open_at_100,100,468,100,100,35,82,67,77,True,2.857142857142857,1,94,101,0,28,,,open,open_progressing,gastro_hepatology,viral_hepatitis_cirrhosis,post_handoff,heavy,privacy_stigma_or_sensitive_history,external_system_gap | misstated_family_or_patient_information,high,long,HO1 | HO2 | HO3 | HO4,1.75,1.5,2,0.82915619758885,-0.5,low_score | very_low_score | below_strong | high_turn | very_high_turn | heavy_workspace | high_judge_disagreement | workspace_overuse_candidate | long_or_tool_intensive_low_score | serious_error_any_judge | minor_or_moderate_error_any_judge | important_non_chain_defect_any_judge,open_at_100,True,True,True,True,True,False,False,True,True,False,True,True,False,False,True,True,True
case_CL120_EHR_051__DeepSeek-V4-Pro,case_CL120_EHR_051__anon_7304be2320bc428c,case_CL120_EHR_051,DeepSeek-V4-Pro,closed_success,61,407,61,61,32,96,87,86,True,1.90625,1,60,62,0,6,,,closed,terminal_safe_episode_closed,gastro_hepatology,abdominal_pain,post_handoff,heavy,incomplete_patient_information,misstated_family_or_patient_information | cost_transport_or_work_barrier,high,long,HO1 | HO2 | HO3 | HO4,3.5,4.0,4,1.5,1.15,high_turn | heavy_workspace | high_judge_disagreement | serious_error_any_judge | minor_or_moderate_error_any_judge | important_non_chain_defect_any_judge,high_judge_disagreement,False,False,False,True,False,False,False,True,True,False,False,False,False,False,True,True,True
case_CL120_EHR_052__DeepSeek-V4-Pro,case_CL120_EHR_052__anon_228b5893a194f855,case_CL120_EHR_052,DeepSeek-V4-Pro,closed_success,9,85,9,9,6,24,19,20,True,1.5,1,8,10,0,2,,,closed,terminal_safe_episode_closed,gastro_hepatology,pancreatitis,result_return,extreme,medication_confusion_or_execution_failure,cost_transport_or_work_barrier | privacy_stigma_or_sensitive_history,high,extra_long,HO1 | HO2 | HO3 | HO4,4,5.0,4,1.7320508075688772,2.15,heavy_workspace | high_judge_disagreement | serious_error_any_judge,high_judge_disagreement,False,False,False,False,False,False,False,True,True,False,False,False,False,False,True,False,False
case_CL120_EHR_053__DeepSeek-V4-Pro,case_CL120_EHR_053__anon_ba2325eaba1d7953,case_CL120_EHR_053,DeepSeek-V4-Pro,closed_success,6,40,6,6,3,9,8,8,True,2.0,1,3,7,0,2,,,closed,terminal_safe_episode_closed,renal_urology,lupus_nephritis_steroid_and_followup_after_negative_covid_result,result_return,light,caregiver_conflict_or_fatigue,privacy_stigma_or_sensitive_history | incomplete_patient_information,high,medium,HO1 | HO2 | HO3 | HO4,3,3.0,4,2.0,-0.8500000000000001,low_score | below_strong | high_judge_disagreement | closed_but_low_score | serious_error_any_judge | minor_or_moderate_error_any_judge,closed_but_low_score,True,False,True,False,False,False,False,False,True,False,False,False,True,False,True,True,False
case_CL120_EHR_054__DeepSeek-V4-Pro,case_CL120_EHR_054__anon_dee94cbc1ed8e21b,case_CL120_EHR_054,DeepSeek-V4-Pro,closed_success,10,76,10,10,6,19,16,17,True,1.6666666666666667,1,9,11,0,3,,,closed,terminal_safe_episode_closed,gastro_hepatology,gi_bleeding,home_execution_failure,light,document_or_image_quality_problem,incomplete_patient_information | medication_confusion_or_execution_failure,high,medium,HO1 | HO2 | HO3 | HO4,2.25,1.5,4,1.6393596310755,-0.7000000000000002,low_score | very_low_score | below_strong | heavy_workspace | high_judge_disagreement | workspace_overuse_candidate | long_or_tool_intensive_low_score | closed_but_low_score | serious_error_any_judge | minor_or_moderate_error_any_judge,very_low_score,True,True,True,False,False,False,False,True,True,False,True,True,True,False,True,True,False
case_CL120_EHR_055__DeepSeek-V4-Pro,case_CL120_EHR_055__anon_d981dd53690a87e3,case_CL120_EHR_055,DeepSeek-V4-Pro,closed_success,15,107,15,15,9,19,16,17,True,1.6666666666666667,1,15,16,0,18,,,closed,terminal_safe_episode_closed,gastro_hepatology,viral_hepatitis_cirrhosis,home_execution_failure,light,delayed_or_staged_result_return,medication_confusion_or_execution_failure | caregiver_conflict_or_fatigue,high,medium,HO1 | HO2 | HO3 | HO4,3.5,4.0,4,1.5,0.3999999999999999,heavy_workspace | high_judge_disagreement | serious_error_any_judge | minor_or_moderate_error_any_judge | important_non_chain_defect_any_judge,high_judge_disagreement,False,False,False,False,False,False,False,True,True,False,False,False,False,False,True,True,True
case_CL120_EHR_056__DeepSeek-V4-Pro,case_CL120_EHR_056__anon_b1abe6833c9b3cad,case_CL120_EHR_056,DeepSeek-V4-Pro,closed_success,8,90,8,8,7,24,22,22,True,1.1428571428571428,1,7,9,0,4,,,closed,terminal_safe_episode_closed,gastro_hepatology,abdominal_pain,longitudinal_followup,light,low_adherence_or_refusal,caregiver_conflict_or_fatigue | document_or_image_quality_problem,high,medium,HO1 | HO2 | HO3 | HO4,2.75,2.5,4,1.7853571071357126,-1.1,low_score | very_low_score | below_strong | heavy_workspace | high_judge_disagreement | workspace_overuse_candidate | long_or_tool_intensive_low_score | closed_but_low_score | model_specific_weakness | serious_error_any_judge | minor_or_moderate_error_any_judge,very_low_score,True,True,True,False,False,False,False,True,True,False,True,True,True,True,True,True,False
case_CL120_EHR_057__DeepSeek-V4-Pro,case_CL120_EHR_057__anon_1453b84ea1098049,case_CL120_EHR_057,DeepSeek-V4-Pro,closed_success,13,56,13,13,3,11,9,9,True,4.333333333333333,1,7,0,14,0,,,closed,terminal_safe_episode_closed,gastro_hepatology,pancreatitis,discharge_transition,light,external_system_gap,document_or_image_quality_problem | delayed_or_staged_result_return,high,medium,HO1 | HO2 | HO3 | HO4,2,1.0,4,1.7320508075688772,-1.35,low_score | very_low_score | below_strong | high_judge_disagreement | closed_but_low_score | model_specific_weakness | serious_error_any_judge | minor_or_moderate_error_any_judge | important_non_chain_defect_any_judge,very_low_score,True,True,True,False,False,False,False,False,True,False,False,False,True,True,True,True,True
case_CL120_EHR_058__DeepSeek-V4-Pro,case_CL120_EHR_058__anon_d795d3936a6cade0,case_CL120_EHR_058,DeepSeek-V4-Pro,closed_success,10,69,10,10,5,16,13,14,True,2.0,1,7,11,0,4,,,closed,terminal_safe_episode_closed,gastro_hepatology,colonoscopy_or_pathology_followup,discharge_transition,moderate,misstated_family_or_patient_information,delayed_or_staged_result_return | low_adherence_or_refusal,high,medium,HO1 | HO2 | HO3 | HO4,3,3.0,4,2.0,0.6000000000000001,low_score | below_strong | high_judge_disagreement | closed_but_low_score | serious_error_any_judge | minor_or_moderate_error_any_judge,closed_but_low_score,True,False,True,False,False,False,False,False,True,False,False,False,True,False,True,True,False
case_CL120_EHR_059__DeepSeek-V4-Pro,case_CL120_EHR_059__anon_984f215d33163c88,case_CL120_EHR_059,DeepSeek-V4-Pro,closed_success,15,64,15,15,5,10,8,9,True,3.0,1,13,0,16,5,,,closed,terminal_safe_handoff_closed,gastro_hepatology,gi_bleeding,pre_handoff,moderate,cost_transport_or_work_barrier,low_adherence_or_refusal | external_system_gap,high,medium,HO1 | HO2 | HO3 | HO4,2.25,1.5,4,1.6393596310755,-1.65,low_score | very_low_score | below_strong | high_judge_disagreement | closed_but_low_score | model_specific_weakness | serious_error_any_judge | minor_or_moderate_error_any_judge,very_low_score,True,True,True,False,False,False,False,False,True,False,False,False,True,True,True,True,False
case_CL120_EHR_060__DeepSeek-V4-Pro,case_CL120_EHR_060__anon_ef4010395380a436,case_CL120_EHR_060,DeepSeek-V4-Pro,runtime_error,1,11,1,1,1,3,3,3,True,1.0,1,1,1,0,0,content_filter_400,RuntimeError,open,,gastro_hepatology,viral_hepatitis_cirrhosis,pre_handoff,moderate,privacy_stigma_or_sensitive_history,external_system_gap | misstated_family_or_patient_information,high,medium,HO1 | HO2 | HO3 | HO4,1.25,1.0,1,0.4330127018922193,-0.30000000000000004,low_score | very_low_score | below_strong | sparse_workspace | workspace_underuse_candidate | serious_error_any_judge | minor_or_moderate_error_any_judge,runtime_error,True,True,True,False,False,False,True,False,False,True,False,False,False,False,True,True,False
case_CL120_EHR_061__DeepSeek-V4-Pro,case_CL120_EHR_061__anon_df81ff06b56e89c9,case_CL120_EHR_061,DeepSeek-V4-Pro,closed_success,19,126,19,19,13,28,25,26,True,1.4615384615384615,1,19,20,0,5,,,closed,terminal_safe_episode_closed,neurology,stroke_tia,post_handoff,moderate,incomplete_patient_information,misstated_family_or_patient_information | cost_transport_or_work_barrier,high,medium,HO1 | HO2 | HO3 | HO4,2,1.0,4,1.7320508075688772,-1.9,low_score | very_low_score | below_strong | heavy_workspace | high_judge_disagreement | workspace_overuse_candidate | long_or_tool_intensive_low_score | closed_but_low_score | model_specific_weakness | serious_error_any_judge | minor_or_moderate_error_any_judge,very_low_score,True,True,True,False,False,False,False,True,True,False,True,True,True,True,True,True,False
case_CL120_EHR_062__DeepSeek-V4-Pro,case_CL120_EHR_062__anon_1d6217f555cb675f,case_CL120_EHR_062,DeepSeek-V4-Pro,closed_success,10,75,10,10,4,18,14,15,True,2.5,1,7,11,0,6,,,closed,terminal_bounded_episode_closed,neurology,limb_numbness_weakness_preoperative_medication_and_followup,pre_handoff,moderate,medication_confusion_or_execution_failure,cost_transport_or_work_barrier | privacy_stigma_or_sensitive_history,high,medium,HO1 | HO2 | HO3 | HO4,3.5,3.5,3,1.5,0.0,below_strong | high_judge_disagreement | minor_or_moderate_error_any_judge,high_judge_disagreement,False,False,True,False,False,False,False,False,True,False,False,False,False,False,False,True,False
case_CL120_EHR_063__DeepSeek-V4-Pro,case_CL120_EHR_063__anon_eeb07f0612441088,case_CL120_EHR_063,DeepSeek-V4-Pro,closed_success,11,73,11,11,4,16,14,15,True,2.75,1,9,12,0,4,,,closed,terminal_safe_episode_closed,neurology,headache_red_flag,result_return,moderate,caregiver_conflict_or_fatigue,privacy_stigma_or_sensitive_history | incomplete_patient_information,high,medium,HO1 | HO2 | HO3 | HO4,2.5,2.0,4,1.5,-0.5,low_score | very_low_score | below_strong | high_judge_disagreement | closed_but_low_score | serious_error_any_judge | minor_or_moderate_error_any_judge | important_non_chain_defect_any_judge,very_low_score,True,True,True,False,False,False,False,False,True,False,False,False,True,False,True,True,True
case_CL120_EHR_064__DeepSeek-V4-Pro,case_CL120_EHR_064__anon_ccd7cd55093045e2,case_CL120_EHR_064,DeepSeek-V4-Pro,closed_success,14,85,14,14,6,19,17,17,True,2.3333333333333335,1,12,15,0,3,,,closed,terminal_safe_episode_closed,neurology,dementia_delirium,result_return,moderate,document_or_image_quality_problem,incomplete_patient_information | medication_confusion_or_execution_failure,high,medium,HO1 | HO2 | HO3 | HO4,1.5,1.5,1,0.5,-0.6499999999999999,low_score | very_low_score | below_strong | heavy_workspace | workspace_overuse_candidate | long_or_tool_intensive_low_score | closed_but_low_score | serious_error_any_judge | minor_or_moderate_error_any_judge,very_low_score,True,True,True,False,False,False,False,True,False,False,True,True,True,False,True,True,False
case_CL120_EHR_065__DeepSeek-V4-Pro,case_CL120_EHR_065__anon_4ec4a137040e90ab,case_CL120_EHR_065,DeepSeek-V4-Pro,closed_success,6,69,6,6,5,18,14,15,True,1.2,1,6,7,0,7,,,closed,terminal_safe_episode_closed,neurology,neuropathy_or_fall,home_execution_failure,moderate,delayed_or_staged_result_return,medication_confusion_or_execution_failure | caregiver_conflict_or_fatigue,high,medium,HO1 | HO2 | HO3 | HO4,4,5.0,4,1.7320508075688772,2.55,high_judge_disagreement | serious_error_any_judge | minor_or_moderate_error_any_judge,high_judge_disagreement,False,False,False,False,False,False,False,False,True,False,False,False,False,False,True,True,False
case_CL120_EHR_066__DeepSeek-V4-Pro,case_CL120_EHR_066__anon_8655902bedec22d1,case_CL120_EHR_066,DeepSeek-V4-Pro,closed_success,13,82,13,13,7,18,17,17,True,1.8571428571428572,1,13,14,0,3,,,closed,terminal_safe_episode_closed,neurology,stroke_tia,home_execution_failure,moderate,low_adherence_or_refusal,caregiver_conflict_or_fatigue | document_or_image_quality_problem,high,medium,HO1 | HO2 | HO3 | HO4,3,3.0,4,1.5811388300841898,-0.5,low_score | below_strong | heavy_workspace | high_judge_disagreement | workspace_overuse_candidate | long_or_tool_intensive_low_score | closed_but_low_score | serious_error_any_judge | minor_or_moderate_error_any_judge | important_non_chain_defect_any_judge,long_or_tool_intensive_low_score,True,False,True,False,False,False,False,True,True,False,True,True,True,False,True,True,True
case_CL120_EHR_067__DeepSeek-V4-Pro,case_CL120_EHR_067__anon_a4de4156eee4c856,case_CL120_EHR_067,DeepSeek-V4-Pro,closed_success,25,131,25,25,12,25,23,24,True,2.0833333333333335,1,25,26,0,5,,,closed,terminal_safe_episode_closed,neurology,seizure,longitudinal_followup,heavy,external_system_gap,document_or_image_quality_problem | delayed_or_staged_result_return,high,long,HO1 | HO2 | HO3 | HO4,3.5,4.0,4,1.5,0.8500000000000001,heavy_workspace | high_judge_disagreement | serious_error_any_judge | minor_or_moderate_error_any_judge,high_judge_disagreement,False,False,False,False,False,False,False,True,True,False,False,False,False,False,True,True,False
case_CL120_EHR_068__DeepSeek-V4-Pro,case_CL120_EHR_068__anon_6778f487fa4dd806,case_CL120_EHR_068,DeepSeek-V4-Pro,closed_success,20,146,20,20,11,35,31,32,True,1.8181818181818181,1,19,21,0,5,,,closed,terminal_safe_episode_closed,neurology,headache_red_flag,discharge_transition,heavy,misstated_family_or_patient_information,delayed_or_staged_result_return | low_adherence_or_refusal,high,long,HO1 | HO2 | HO3 | HO4,3.25,3.5,4,1.7853571071357126,-0.5499999999999998,below_strong | heavy_workspace | high_judge_disagreement | workspace_overuse_candidate | long_or_tool_intensive_low_score | serious_error_any_judge | minor_or_moderate_error_any_judge,long_or_tool_intensive_low_score,False,False,True,False,False,False,False,True,True,False,True,True,False,False,True,True,False
case_CL120_EHR_069__DeepSeek-V4-Pro,case_CL120_EHR_069__anon_23e687511d9e0fef,case_CL120_EHR_069,DeepSeek-V4-Pro,closed_success,98,410,98,98,27,71,59,63,True,3.6296296296296298,1,97,99,0,18,,,closed,terminal_bounded_episode_closed,neurology,dementia_delirium,discharge_transition,extreme,cost_transport_or_work_barrier,low_adherence_or_refusal | external_system_gap,high,extra_long,HO1 | HO2 | HO3 | HO4,3.5,4.0,4,1.5,0.8500000000000001,high_turn | very_high_turn | heavy_workspace | high_judge_disagreement | serious_error_any_judge | minor_or_moderate_error_any_judge,high_judge_disagreement,False,False,False,True,True,False,False,True,True,False,False,False,False,False,True,True,False
case_CL120_EHR_070__DeepSeek-V4-Pro,case_CL120_EHR_070__anon_e097f89904adc4f5,case_CL120_EHR_070,DeepSeek-V4-Pro,closed_success,6,42,6,6,3,9,9,9,True,2.0,1,3,7,0,2,,,closed,terminal_safe_handoff_closed,neurology,neuropathy_or_fall,pre_handoff,light,privacy_stigma_or_sensitive_history,external_system_gap | misstated_family_or_patient_information,high,short,HO1 | HO2 | HO3 | HO4,3.25,3.0,3,1.299038105676658,-0.3999999999999999,low_score | below_strong | high_judge_disagreement | closed_but_low_score | minor_or_moderate_error_any_judge,closed_but_low_score,True,False,True,False,False,False,False,False,True,False,False,False,True,False,False,True,False
case_CL120_EHR_071__DeepSeek-V4-Pro,case_CL120_EHR_071__anon_8b64d9e9af9a8107,case_CL120_EHR_071,DeepSeek-V4-Pro,closed_success,7,36,7,7,2,7,6,6,True,3.5,1,2,0,8,2,,,closed,terminal_safe_handoff_closed,obstetrics_gynecology,pregnancy_med_safety,pre_handoff,light,incomplete_patient_information,misstated_family_or_patient_information | cost_transport_or_work_barrier,high,short,HO1 | HO2 | HO3 | HO4,3.5,3.5,3,1.5,1.1,below_strong | high_judge_disagreement | minor_or_moderate_error_any_judge,high_judge_disagreement,False,False,True,False,False,False,False,False,True,False,False,False,False,False,False,True,False
case_CL120_EHR_072__DeepSeek-V4-Pro,case_CL120_EHR_072__anon_40ac3de8a10827da,case_CL120_EHR_072,DeepSeek-V4-Pro,closed_success,10,50,10,10,2,10,8,8,True,5.0,1,2,11,0,3,,,closed,terminal_safe_episode_closed,obstetrics_gynecology,ectopic_or_bleeding,post_handoff,light,medication_confusion_or_execution_failure,cost_transport_or_work_barrier | privacy_stigma_or_sensitive_history,high,medium,HO1 | HO2 | HO3 | HO4,3.5,3.5,3,1.5,0.0,below_strong | high_judge_disagreement | minor_or_moderate_error_any_judge,high_judge_disagreement,False,False,True,False,False,False,False,False,True,False,False,False,False,False,False,True,False
case_CL120_EHR_073__DeepSeek-V4-Pro,case_CL120_EHR_073__anon_6c009683f71a29b7,case_CL120_EHR_073,DeepSeek-V4-Pro,closed_success,43,256,43,43,22,57,50,53,True,1.9545454545454546,1,41,43,0,2,,,closed,terminal_safe_episode_closed,obstetrics_gynecology,postpartum_warning,post_handoff,light,caregiver_conflict_or_fatigue,privacy_stigma_or_sensitive_history | incomplete_patient_information,high,medium,HO1 | HO2 | HO3 | HO4,3.75,4.5,4,1.6393596310755,0.4500000000000002,heavy_workspace | high_judge_disagreement | serious_error_any_judge | minor_or_moderate_error_any_judge,high_judge_disagreement,False,False,False,False,False,False,False,True,True,False,False,False,False,False,True,True,False
case_CL120_EHR_074__DeepSeek-V4-Pro,case_CL120_EHR_074__anon_599ce479fc6b9f3c,case_CL120_EHR_074,DeepSeek-V4-Pro,closed_success,5,53,5,5,3,15,12,12,True,1.6666666666666667,1,3,0,6,3,,,closed,terminal_safe_episode_closed,obstetrics_gynecology,gynecologic_mass_pathway,result_return,light,document_or_image_quality_problem,incomplete_patient_information | medication_confusion_or_execution_failure,high,medium,HO1 | HO2 | HO3 | HO4,3.75,4.0,3,1.0897247358851685,0.3500000000000001,high_judge_disagreement | minor_or_moderate_error_any_judge,high_judge_disagreement,False,False,False,False,False,False,False,False,True,False,False,False,False,False,False,True,False
case_CL120_EHR_075__DeepSeek-V4-Pro,case_CL120_EHR_075__anon_1cc318f1e3d80e22,case_CL120_EHR_075,DeepSeek-V4-Pro,closed_success,6,28,6,6,2,4,4,4,True,3.0,1,5,0,7,3,,,closed,terminal_bounded_episode_closed,obstetrics_gynecology,pregnancy_med_safety,result_return,moderate,delayed_or_staged_result_return,medication_confusion_or_execution_failure | caregiver_conflict_or_fatigue,high,medium,HO1 | HO2 | HO3 | HO4,3.5,3.5,3,1.5,0.6499999999999999,below_strong | high_judge_disagreement | minor_or_moderate_error_any_judge | important_non_chain_defect_any_judge,high_judge_disagreement,False,False,True,False,False,False,False,False,True,False,False,False,False,False,False,True,True
case_CL120_EHR_076__DeepSeek-V4-Pro,case_CL120_EHR_076__anon_d0baee9dd6098342,case_CL120_EHR_076,DeepSeek-V4-Pro,closed_success,50,238,50,50,19,46,42,42,True,2.6315789473684212,1,50,4,47,4,,,closed,terminal_safe_handoff_closed,obstetrics_gynecology,ectopic_or_bleeding,home_execution_failure,moderate,low_adherence_or_refusal,caregiver_conflict_or_fatigue | document_or_image_quality_problem,high,medium,HO1 | HO2 | HO3 | HO4,2.5,2.0,4,1.5,-1.25,low_score | very_low_score | below_strong | high_turn | heavy_workspace | high_judge_disagreement | workspace_overuse_candidate | long_or_tool_intensive_low_score | closed_but_low_score | model_specific_weakness | serious_error_any_judge | minor_or_moderate_error_any_judge | important_non_chain_defect_any_judge,very_low_score,True,True,True,True,False,False,False,True,True,False,True,True,True,True,True,True,True
case_CL120_EHR_077__DeepSeek-V4-Pro,case_CL120_EHR_077__anon_8fa81832b89649c9,case_CL120_EHR_077,DeepSeek-V4-Pro,closed_success,3,31,3,3,2,8,7,7,True,1.5,1,2,0,4,2,,,closed,terminal_safe_episode_closed,obstetrics_gynecology,postpartum_warning,home_execution_failure,moderate,external_system_gap,document_or_image_quality_problem | delayed_or_staged_result_return,high,medium,HO1 | HO2 | HO3 | HO4,2.75,2.0,3,1.299038105676658,-1.0,low_score | very_low_score | below_strong | high_judge_disagreement | closed_but_low_score | model_specific_weakness | minor_or_moderate_error_any_judge | important_non_chain_defect_any_judge,very_low_score,True,True,True,False,False,False,False,False,True,False,False,False,True,True,False,True,True
case_CL120_EHR_078__DeepSeek-V4-Pro,case_CL120_EHR_078__anon_5cc95fb82e9a87c9,case_CL120_EHR_078,DeepSeek-V4-Pro,closed_success,77,482,77,77,36,114,95,100,True,2.138888888888889,1,77,78,0,9,,,closed,terminal_safe_episode_closed,obstetrics_gynecology,gynecologic_mass_pathway,longitudinal_followup,moderate,misstated_family_or_patient_information,delayed_or_staged_result_return | low_adherence_or_refusal,high,medium,HO1 | HO2 | HO3 | HO4,3.75,4.5,4,1.6393596310755,0.7000000000000002,high_turn | heavy_workspace | high_judge_disagreement | serious_error_any_judge,high_judge_disagreement,False,False,False,True,False,False,False,True,True,False,False,False,False,False,True,False,False
case_CL120_EHR_079__DeepSeek-V4-Pro,case_CL120_EHR_079__anon_6c0b988bf31baa21,case_CL120_EHR_079,DeepSeek-V4-Pro,closed_success,19,107,19,19,9,23,21,22,True,2.111111111111111,1,18,20,0,1,,,closed,terminal_safe_episode_closed,pediatrics,fever_dehydration,discharge_transition,moderate,cost_transport_or_work_barrier,low_adherence_or_refusal | external_system_gap,high,medium,HO1 | HO2 | HO3 | HO4,3.5,3.5,3,1.5,0.9500000000000002,below_strong | heavy_workspace | high_judge_disagreement | workspace_overuse_candidate | long_or_tool_intensive_low_score | minor_or_moderate_error_any_judge | important_non_chain_defect_any_judge,long_or_tool_intensive_low_score,False,False,True,False,False,False,False,True,True,False,True,True,False,False,False,True,True
case_CL120_EHR_080__DeepSeek-V4-Pro,case_CL120_EHR_080__anon_148d1eaea248e748,case_CL120_EHR_080,DeepSeek-V4-Pro,closed_success,7,31,7,7,4,5,5,5,True,1.75,1,5,8,0,1,,,closed,terminal_safe_episode_closed,pediatrics,type1_diabetes_vomiting,discharge_transition,moderate,privacy_stigma_or_sensitive_history,external_system_gap | misstated_family_or_patient_information,high,medium,HO1 | HO2 | HO3 | HO4,3.5,3.5,3,1.5,1.15,below_strong | high_judge_disagreement | minor_or_moderate_error_any_judge,high_judge_disagreement,False,False,True,False,False,False,False,False,True,False,False,False,False,False,False,True,False
case_CL120_EHR_081__DeepSeek-V4-Pro,case_CL120_EHR_081__anon_9582c28034334ef2,case_CL120_EHR_081,DeepSeek-V4-Pro,closed_success,3,35,3,3,2,10,8,8,True,1.5,1,2,4,0,2,,,closed,terminal_safe_episode_closed,pediatrics,short_stature_growth_hormone_deficiency_and_scoliosis_followup,discharge_transition,moderate,incomplete_patient_information,misstated_family_or_patient_information | cost_transport_or_work_barrier,high,medium,HO1 | HO2 | HO3 | HO4,2.75,2.0,3,1.299038105676658,-1.2000000000000002,low_score | very_low_score | below_strong | high_judge_disagreement | closed_but_low_score | model_specific_weakness | minor_or_moderate_error_any_judge,very_low_score,True,True,True,False,False,False,False,False,True,False,False,False,True,True,False,True,False
case_CL120_EHR_082__DeepSeek-V4-Pro,case_CL120_EHR_082__anon_6bbed5a79f3df7a0,case_CL120_EHR_082,DeepSeek-V4-Pro,closed_success,6,81,6,6,5,24,20,20,True,1.2,1,6,7,0,1,,,closed,terminal_safe_episode_closed,pediatrics,caregiver_medication_error,pre_handoff,moderate,medication_confusion_or_execution_failure,cost_transport_or_work_barrier | privacy_stigma_or_sensitive_history,high,medium,HO1 | HO2 | HO3 | HO4,2.75,2.0,3,1.299038105676658,-0.9500000000000002,low_score | very_low_score | below_strong | high_judge_disagreement | closed_but_low_score | minor_or_moderate_error_any_judge,very_low_score,True,True,True,False,False,False,False,False,True,False,False,False,True,False,False,True,False
case_CL120_EHR_083__DeepSeek-V4-Pro,case_CL120_EHR_083__anon_dda617d080112ee8,case_CL120_EHR_083,DeepSeek-V4-Pro,closed_success,27,162,27,27,18,33,33,32,True,1.5,1,25,28,0,6,,,closed,terminal_safe_episode_closed,pediatrics,fever_dehydration,post_handoff,moderate,caregiver_conflict_or_fatigue,privacy_stigma_or_sensitive_history | incomplete_patient_information,high,medium,HO1 | HO2 | HO3 | HO4,2.75,2.0,3,1.299038105676658,-1.0,low_score | very_low_score | below_strong | heavy_workspace | high_judge_disagreement | workspace_overuse_candidate | long_or_tool_intensive_low_score | closed_but_low_score | model_specific_weakness | minor_or_moderate_error_any_judge | important_non_chain_defect_any_judge,very_low_score,True,True,True,False,False,False,False,True,True,False,True,True,True,True,False,True,True
case_CL120_EHR_084__DeepSeek-V4-Pro,case_CL120_EHR_084__anon_a515c621067f73df,case_CL120_EHR_084,DeepSeek-V4-Pro,closed_success,68,406,68,68,36,91,82,83,True,1.8888888888888888,1,68,69,0,3,,,closed,terminal_safe_episode_closed,pediatrics,type1_diabetes_vomiting,post_handoff,heavy,document_or_image_quality_problem,incomplete_patient_information | medication_confusion_or_execution_failure,high,long,HO1 | HO2 | HO3 | HO4,4.25,4.0,1,0.4330127018922193,1.0499999999999998,high_turn | heavy_workspace,no_major_failure_flag,False,False,False,True,False,False,False,True,False,False,False,False,False,False,False,False,False
case_CL120_EHR_085__DeepSeek-V4-Pro,case_CL120_EHR_085__anon_d409083b047cd1cc,case_CL120_EHR_085,DeepSeek-V4-Pro,closed_success,6,43,6,6,4,10,9,9,True,1.5,1,5,7,0,2,,,closed,terminal_safe_episode_closed,pediatrics,asthma_child,result_return,heavy,delayed_or_staged_result_return,medication_confusion_or_execution_failure | caregiver_conflict_or_fatigue,high,long,HO1 | HO2 | HO3 | HO4,3.25,3.5,4,1.7853571071357126,0.7000000000000002,below_strong | high_judge_disagreement | serious_error_any_judge | minor_or_moderate_error_any_judge | important_non_chain_defect_any_judge,high_judge_disagreement,False,False,True,False,False,False,False,False,True,False,False,False,False,False,True,True,True
case_CL120_EHR_086__DeepSeek-V4-Pro,case_CL120_EHR_086__anon_84e05bd5c944bf2b,case_CL120_EHR_086,DeepSeek-V4-Pro,closed_success,17,92,17,17,4,16,14,14,True,4.25,1,17,18,0,9,,,closed,terminal_safe_episode_closed,pediatrics,caregiver_medication_error,result_return,heavy,low_adherence_or_refusal,caregiver_conflict_or_fatigue | document_or_image_quality_problem,high,long,HO1 | HO2 | HO3 | HO4,4.25,5.0,3,1.299038105676658,1.2999999999999998,high_judge_disagreement | minor_or_moderate_error_any_judge | important_non_chain_defect_any_judge,high_judge_disagreement,False,False,False,False,False,False,False,False,True,False,False,False,False,False,False,True,True
case_CL120_EHR_087__DeepSeek-V4-Pro,case_CL120_EHR_087__anon_67922dbdd8dfe8a0,case_CL120_EHR_087,DeepSeek-V4-Pro,closed_success,36,163,36,36,13,30,27,28,True,2.769230769230769,1,33,20,17,3,,,closed,terminal_safe_episode_closed,oncology_hematology,new_mass_staging,home_execution_failure,light,external_system_gap,document_or_image_quality_problem | delayed_or_staged_result_return,high,medium,HO1 | HO2 | HO3 | HO4,3.25,3.5,4,1.7853571071357126,0.5499999999999998,below_strong | heavy_workspace | high_judge_disagreement | workspace_overuse_candidate | long_or_tool_intensive_low_score | serious_error_any_judge | minor_or_moderate_error_any_judge,long_or_tool_intensive_low_score,False,False,True,False,False,False,False,True,True,False,True,True,False,False,True,True,False
case_CL120_EHR_088__DeepSeek-V4-Pro,case_CL120_EHR_088__anon_4536c9a54b13965d,case_CL120_EHR_088,DeepSeek-V4-Pro,closed_success,4,43,4,4,3,10,9,9,True,1.3333333333333333,1,3,5,0,5,,,closed,terminal_safe_episode_closed,oncology_hematology,chemotherapy_complication,home_execution_failure,light,misstated_family_or_patient_information,delayed_or_staged_result_return | low_adherence_or_refusal,high,medium,HO1 | HO2 | HO3 | HO4,3,3.0,4,1.5811388300841898,0.5,low_score | below_strong | high_judge_disagreement | closed_but_low_score | serious_error_any_judge | minor_or_moderate_error_any_judge,closed_but_low_score,True,False,True,False,False,False,False,False,True,False,False,False,True,False,True,True,False
case_CL120_EHR_089__DeepSeek-V4-Pro,case_CL120_EHR_089__anon_c520f1352b8d231f,case_CL120_EHR_089,DeepSeek-V4-Pro,closed_success,10,92,10,10,3,14,13,12,True,3.3333333333333335,1,4,11,0,31,,,closed,terminal_safe_handoff_closed,oncology_hematology,anemia_bleeding,longitudinal_followup,light,cost_transport_or_work_barrier,low_adherence_or_refusal | external_system_gap,high,medium,HO1 | HO2 | HO3 | HO4,3.5,3.5,3,1.5,-0.5,below_strong | high_judge_disagreement | minor_or_moderate_error_any_judge,high_judge_disagreement,False,False,True,False,False,False,False,False,True,False,False,False,False,False,False,True,False
case_CL120_EHR_090__DeepSeek-V4-Pro,case_CL120_EHR_090__anon_6e9d0aa03e64ba38,case_CL120_EHR_090,DeepSeek-V4-Pro,closed_success,4,33,4,4,2,7,7,7,True,2.0,1,3,5,0,3,,,closed,terminal_safe_episode_closed,oncology_hematology,palliative_transition,discharge_transition,light,privacy_stigma_or_sensitive_history,external_system_gap | misstated_family_or_patient_information,high,medium,HO1 | HO2 | HO3 | HO4,3.5,3.5,3,1.5,0.4500000000000002,below_strong | high_judge_disagreement | minor_or_moderate_error_any_judge | important_non_chain_defect_any_judge,high_judge_disagreement,False,False,True,False,False,False,False,False,True,False,False,False,False,False,False,True,True
case_CL120_EHR_091__DeepSeek-V4-Pro,case_CL120_EHR_091__anon_d3f66327ea73fe46,case_CL120_EHR_091,DeepSeek-V4-Pro,closed_success,7,59,7,7,4,12,12,12,True,1.75,1,6,8,0,3,,,closed,terminal_safe_episode_closed,oncology_hematology,family_disclosure,discharge_transition,light,incomplete_patient_information,misstated_family_or_patient_information | cost_transport_or_work_barrier,high,medium,HO1 | HO2 | HO3 | HO4,2.75,3.0,3,1.299038105676658,0.6000000000000001,low_score | below_strong | high_judge_disagreement | closed_but_low_score | serious_error_any_judge | minor_or_moderate_error_any_judge,closed_but_low_score,True,False,True,False,False,False,False,False,True,False,False,False,True,False,True,True,False
case_CL120_EHR_092__DeepSeek-V4-Pro,case_CL120_EHR_092__anon_e339c78e2a1e98c1,case_CL120_EHR_092,DeepSeek-V4-Pro,closed_success,2,19,2,2,1,5,4,4,True,2.0,1,1,3,0,1,,,closed,terminal_safe_handoff_closed,oncology_hematology,new_mass_staging,pre_handoff,light,medication_confusion_or_execution_failure,cost_transport_or_work_barrier | privacy_stigma_or_sensitive_history,high,short,HO1 | HO2 | HO3 | HO4,1.75,2.0,1,0.4330127018922193,-0.6000000000000001,low_score | very_low_score | below_strong | sparse_workspace | workspace_underuse_candidate | closed_but_low_score | serious_error_any_judge | minor_or_moderate_error_any_judge,very_low_score,True,True,True,False,False,False,True,False,False,True,False,False,True,False,True,True,False
case_CL120_EHR_093__DeepSeek-V4-Pro,case_CL120_EHR_093__anon_8b9e25231979dee0,case_CL120_EHR_093,DeepSeek-V4-Pro,closed_success,5,56,5,5,5,16,13,14,True,1.0,1,5,6,0,2,,,closed,terminal_safe_handoff_closed,oncology_hematology,chemotherapy_complication,pre_handoff,moderate,caregiver_conflict_or_fatigue,privacy_stigma_or_sensitive_history | incomplete_patient_information,high,medium,HO1 | HO2 | HO3 | HO4,3,3.0,4,2.0,0.75,low_score | below_strong | high_judge_disagreement | closed_but_low_score | serious_error_any_judge | minor_or_moderate_error_any_judge | important_non_chain_defect_any_judge,closed_but_low_score,True,False,True,False,False,False,False,False,True,False,False,False,True,False,True,True,True
case_CL120_EHR_094__DeepSeek-V4-Pro,case_CL120_EHR_094__anon_4fbfa1ab9d3c6cd1,case_CL120_EHR_094,DeepSeek-V4-Pro,closed_success,39,180,39,39,15,31,31,30,True,2.6,1,38,40,0,6,,,closed,terminal_safe_episode_closed,oncology_hematology,anemia_bleeding,post_handoff,moderate,document_or_image_quality_problem,incomplete_patient_information | medication_confusion_or_execution_failure,high,medium,HO1 | HO2 | HO3 | HO4,3.25,3.0,3,1.299038105676658,-0.2999999999999998,low_score | below_strong | heavy_workspace | high_judge_disagreement | workspace_overuse_candidate | long_or_tool_intensive_low_score | closed_but_low_score | minor_or_moderate_error_any_judge | important_non_chain_defect_any_judge,long_or_tool_intensive_low_score,True,False,True,False,False,False,False,True,True,False,True,True,True,False,False,True,True
case_CL120_EHR_095__DeepSeek-V4-Pro,case_CL120_EHR_095__anon_d18bacfb39335acb,case_CL120_EHR_095,DeepSeek-V4-Pro,closed_success,45,216,45,45,19,41,39,38,True,2.3684210526315788,1,44,46,0,2,,,closed,terminal_safe_episode_closed,oncology_hematology,palliative_transition,post_handoff,moderate,delayed_or_staged_result_return,medication_confusion_or_execution_failure | caregiver_conflict_or_fatigue,high,medium,HO1 | HO2 | HO3 | HO4,3.25,3.0,3,1.299038105676658,0.20000000000000018,low_score | below_strong | heavy_workspace | high_judge_disagreement | workspace_overuse_candidate | long_or_tool_intensive_low_score | closed_but_low_score | minor_or_moderate_error_any_judge,long_or_tool_intensive_low_score,True,False,True,False,False,False,False,True,True,False,True,True,True,False,False,True,False
case_CL120_EHR_096__DeepSeek-V4-Pro,case_CL120_EHR_096__anon_cdea097dcecf8b8b,case_CL120_EHR_096,DeepSeek-V4-Pro,open_at_100,100,450,100,100,35,81,72,76,True,2.857142857142857,1,100,101,0,4,,,open,open_progressing,oncology_hematology,family_disclosure,result_return,moderate,low_adherence_or_refusal,caregiver_conflict_or_fatigue | document_or_image_quality_problem,high,medium,HO1 | HO2 | HO3 | HO4,3,3.0,2,1.0,-0.9500000000000002,low_score | below_strong | high_turn | very_high_turn | heavy_workspace | high_judge_disagreement | workspace_overuse_candidate | long_or_tool_intensive_low_score | minor_or_moderate_error_any_judge | important_non_chain_defect_any_judge,open_at_100,True,False,True,True,True,False,False,True,True,False,True,True,False,False,False,True,True
case_CL120_EHR_097__DeepSeek-V4-Pro,case_CL120_EHR_097__anon_978e3f1f14a78399,case_CL120_EHR_097,DeepSeek-V4-Pro,closed_success,16,100,16,16,9,21,20,20,True,1.7777777777777777,1,16,17,0,4,,,closed,terminal_safe_episode_closed,infectious_disease,culture_result_action,result_return,moderate,external_system_gap,document_or_image_quality_problem | delayed_or_staged_result_return,high,medium,HO1 | HO2 | HO3 | HO4,2.75,2.0,3,1.299038105676658,-1.1,low_score | very_low_score | below_strong | heavy_workspace | high_judge_disagreement | workspace_overuse_candidate | long_or_tool_intensive_low_score | closed_but_low_score | model_specific_weakness | minor_or_moderate_error_any_judge,very_low_score,True,True,True,False,False,False,False,True,True,False,True,True,True,True,False,True,False
case_CL120_EHR_098__DeepSeek-V4-Pro,case_CL120_EHR_098__anon_8fc4751a5ae5e355,case_CL120_EHR_098,DeepSeek-V4-Pro,closed_success,21,109,21,21,9,21,19,19,True,2.3333333333333335,1,19,22,0,5,,,closed,terminal_safe_episode_closed,infectious_disease,sepsis_warning,home_execution_failure,moderate,misstated_family_or_patient_information,delayed_or_staged_result_return | low_adherence_or_refusal,high,medium,HO1 | HO2 | HO3 | HO4,4.25,5.0,3,1.299038105676658,1.2000000000000002,heavy_workspace | high_judge_disagreement | minor_or_moderate_error_any_judge,high_judge_disagreement,False,False,False,False,False,False,False,True,True,False,False,False,False,False,False,True,False
case_CL120_EHR_099__DeepSeek-V4-Pro,case_CL120_EHR_099__anon_3fc3e6a92c436c86,case_CL120_EHR_099,DeepSeek-V4-Pro,closed_success,22,128,22,22,12,28,25,25,True,1.8333333333333333,1,22,23,0,1,,,closed,terminal_safe_episode_closed,infectious_disease,tb_or_hbv_stigma,home_execution_failure,moderate,cost_transport_or_work_barrier,low_adherence_or_refusal | external_system_gap,high,medium,HO1 | HO2 | HO3 | HO4,4,4.5,3,1.224744871391589,0.9500000000000002,heavy_workspace | high_judge_disagreement | minor_or_moderate_error_any_judge,high_judge_disagreement,False,False,False,False,False,False,False,True,True,False,False,False,False,False,False,True,False
case_CL120_EHR_100__DeepSeek-V4-Pro,case_CL120_EHR_100__anon_d11f8e9261a1c3b3,case_CL120_EHR_100,DeepSeek-V4-Pro,closed_success,31,178,31,31,15,40,34,35,True,2.066666666666667,1,31,0,32,5,,,closed,terminal_safe_episode_closed,infectious_disease,antibiotic_allergy_or_adherence,longitudinal_followup,moderate,privacy_stigma_or_sensitive_history,external_system_gap | misstated_family_or_patient_information,high,medium,HO1 | HO2 | HO3 | HO4,2.5,2.0,4,1.5,-0.8500000000000001,low_score | very_low_score | below_strong | heavy_workspace | high_judge_disagreement | workspace_overuse_candidate | long_or_tool_intensive_low_score | closed_but_low_score | serious_error_any_judge | minor_or_moderate_error_any_judge | important_non_chain_defect_any_judge,very_low_score,True,True,True,False,False,False,False,True,True,False,True,True,True,False,True,True,True
case_CL120_EHR_101__DeepSeek-V4-Pro,case_CL120_EHR_101__anon_fa5a8d836e9fef8c,case_CL120_EHR_101,DeepSeek-V4-Pro,closed_success,15,135,15,15,9,35,30,30,True,1.6666666666666667,1,15,16,0,8,,,closed,terminal_safe_episode_closed,infectious_disease,culture_result_action,discharge_transition,heavy,incomplete_patient_information,misstated_family_or_patient_information | cost_transport_or_work_barrier,high,long,HO1 | HO2 | HO3 | HO4,4.25,5.0,3,1.299038105676658,1.5,heavy_workspace | high_judge_disagreement | minor_or_moderate_error_any_judge,high_judge_disagreement,False,False,False,False,False,False,False,True,True,False,False,False,False,False,False,True,False
case_CL120_EHR_102__DeepSeek-V4-Pro,case_CL120_EHR_102__anon_113eeed9386745ae,case_CL120_EHR_102,DeepSeek-V4-Pro,closed_success,13,63,13,13,5,12,11,11,True,2.6,1,13,0,14,2,,,closed,terminal_safe_episode_closed,infectious_disease,sepsis_warning,discharge_transition,heavy,medication_confusion_or_execution_failure,cost_transport_or_work_barrier | privacy_stigma_or_sensitive_history,high,long,HO1 | HO2 | HO3 | HO4,4.25,5.0,3,1.299038105676658,1.15,high_judge_disagreement | minor_or_moderate_error_any_judge,high_judge_disagreement,False,False,False,False,False,False,False,False,True,False,False,False,False,False,False,True,False
case_CL120_EHR_103__DeepSeek-V4-Pro,case_CL120_EHR_103__anon_91fec67aefa347cf,case_CL120_EHR_103,DeepSeek-V4-Pro,closed_success,10,87,10,10,6,23,20,20,True,1.6666666666666667,1,8,11,0,2,,,closed,terminal_safe_handoff_closed,infectious_disease,transplant_patient_hbv_tb_stigma_and_immunosuppression_safety,pre_handoff,heavy,caregiver_conflict_or_fatigue,privacy_stigma_or_sensitive_history | incomplete_patient_information,high,long,HO1 | HO2 | HO3 | HO4,3.5,3.5,3,1.5,0.20000000000000018,below_strong | heavy_workspace | high_judge_disagreement | workspace_overuse_candidate | long_or_tool_intensive_low_score | minor_or_moderate_error_any_judge,long_or_tool_intensive_low_score,False,False,True,False,False,False,False,True,True,False,True,True,False,False,False,True,False
case_CL120_EHR_104__DeepSeek-V4-Pro,case_CL120_EHR_104__anon_d161b4feb3f83c1e,case_CL120_EHR_104,DeepSeek-V4-Pro,closed_success,6,46,6,6,4,11,8,10,True,1.5,1,6,7,0,3,,,closed,terminal_safe_handoff_closed,infectious_disease,antibiotic_allergy_or_adherence,pre_handoff,light,document_or_image_quality_problem,incomplete_patient_information | medication_confusion_or_execution_failure,high,short,HO1 | HO2 | HO3 | HO4,3.25,3.0,3,1.299038105676658,-0.25,low_score | below_strong | high_judge_disagreement | closed_but_low_score | minor_or_moderate_error_any_judge | important_non_chain_defect_any_judge,closed_but_low_score,True,False,True,False,False,False,False,False,True,False,False,False,True,False,False,True,True
case_CL120_EHR_105__DeepSeek-V4-Pro,case_CL120_EHR_105__anon_460d2d2cb28945d2,case_CL120_EHR_105,DeepSeek-V4-Pro,closed_success,8,46,8,8,4,9,9,9,True,2.0,1,4,8,0,3,,,closed,terminal_bounded_episode_closed,musculoskeletal_geriatrics,fracture_fall_prevention,post_handoff,light,delayed_or_staged_result_return,medication_confusion_or_execution_failure | caregiver_conflict_or_fatigue,high,medium,HO1 | HO2 | HO3 | HO4,3.25,3.5,4,1.7853571071357126,0.6000000000000001,below_strong | high_judge_disagreement | serious_error_any_judge | minor_or_moderate_error_any_judge,high_judge_disagreement,False,False,True,False,False,False,False,False,True,False,False,False,False,False,True,True,False
case_CL120_EHR_106__DeepSeek-V4-Pro,case_CL120_EHR_106__anon_1ea894356ccb0190,case_CL120_EHR_106,DeepSeek-V4-Pro,closed_success,28,157,28,28,13,32,29,29,True,2.1538461538461537,1,27,29,0,3,,,closed,terminal_safe_episode_closed,musculoskeletal_geriatrics,osteoporosis,post_handoff,light,low_adherence_or_refusal,caregiver_conflict_or_fatigue | document_or_image_quality_problem,high,medium,HO1 | HO2 | HO3 | HO4,4.25,5.0,3,1.299038105676658,1.4,heavy_workspace | high_judge_disagreement | minor_or_moderate_error_any_judge | important_non_chain_defect_any_judge,high_judge_disagreement,False,False,False,False,False,False,False,True,True,False,False,False,False,False,False,True,True
case_CL120_EHR_107__DeepSeek-V4-Pro,case_CL120_EHR_107__anon_5ee25a184114dbd3,case_CL120_EHR_107,DeepSeek-V4-Pro,closed_success,10,70,10,10,5,17,14,14,True,2.0,1,8,11,0,4,,,closed,terminal_safe_episode_closed,musculoskeletal_geriatrics,polypharmacy,result_return,light,external_system_gap,document_or_image_quality_problem | delayed_or_staged_result_return,high,medium,HO1 | HO2 | HO3 | HO4,4,5.0,4,1.7320508075688772,1.7999999999999998,high_judge_disagreement | serious_error_any_judge | minor_or_moderate_error_any_judge,high_judge_disagreement,False,False,False,False,False,False,False,False,True,False,False,False,False,False,True,True,False
case_CL120_EHR_108__DeepSeek-V4-Pro,case_CL120_EHR_108__anon_225637b5081c7b01,case_CL120_EHR_108,DeepSeek-V4-Pro,closed_success,12,70,12,12,6,14,14,14,True,2.0,1,10,13,0,2,,,closed,terminal_safe_episode_closed,musculoskeletal_geriatrics,frailty_caregiver_execution,result_return,light,misstated_family_or_patient_information,delayed_or_staged_result_return | low_adherence_or_refusal,high,medium,HO1 | HO2 | HO3 | HO4,3,3.0,4,1.5811388300841898,0.1499999999999999,low_score | below_strong | heavy_workspace | high_judge_disagreement | workspace_overuse_candidate | long_or_tool_intensive_low_score | closed_but_low_score | serious_error_any_judge | minor_or_moderate_error_any_judge,long_or_tool_intensive_low_score,True,False,True,False,False,False,False,True,True,False,True,True,True,False,True,True,False
case_CL120_EHR_109__DeepSeek-V4-Pro,case_CL120_EHR_109__anon_f2ebf983114c6b17,case_CL120_EHR_109,DeepSeek-V4-Pro,closed_success,8,41,8,8,3,8,6,7,True,2.6666666666666665,1,5,9,0,3,,,closed,terminal_safe_episode_closed,musculoskeletal_geriatrics,fracture_fall_prevention,home_execution_failure,light,cost_transport_or_work_barrier,low_adherence_or_refusal | external_system_gap,high,medium,HO1 | HO2 | HO3 | HO4,4,4.5,3,1.224744871391589,1.25,high_judge_disagreement | minor_or_moderate_error_any_judge,high_judge_disagreement,False,False,False,False,False,False,False,False,True,False,False,False,False,False,False,True,False
case_CL120_EHR_110__DeepSeek-V4-Pro,case_CL120_EHR_110__anon_3a609effd6d3a864,case_CL120_EHR_110,DeepSeek-V4-Pro,closed_success,19,140,19,19,11,34,29,30,True,1.7272727272727273,1,19,20,0,2,,,closed,terminal_safe_episode_closed,musculoskeletal_geriatrics,osteoporosis,home_execution_failure,moderate,privacy_stigma_or_sensitive_history,external_system_gap | misstated_family_or_patient_information,high,medium,HO1 | HO2 | HO3 | HO4,2.25,1.5,4,1.6393596310755,-0.6499999999999999,low_score | very_low_score | below_strong | heavy_workspace | high_judge_disagreement | workspace_overuse_candidate | long_or_tool_intensive_low_score | closed_but_low_score | serious_error_any_judge | minor_or_moderate_error_any_judge,very_low_score,True,True,True,False,False,False,False,True,True,False,True,True,True,False,True,True,False
case_CL120_EHR_111__DeepSeek-V4-Pro,case_CL120_EHR_111__anon_107eb35f0965209b,case_CL120_EHR_111,DeepSeek-V4-Pro,closed_success,12,61,12,12,4,11,11,11,True,3.0,1,10,13,0,3,,,closed,terminal_safe_episode_closed,musculoskeletal_geriatrics,polypharmacy,longitudinal_followup,moderate,incomplete_patient_information,misstated_family_or_patient_information | cost_transport_or_work_barrier,high,medium,HO1 | HO2 | HO3 | HO4,3,3.0,4,2.0,0.6499999999999999,low_score | below_strong | high_judge_disagreement | closed_but_low_score | serious_error_any_judge | minor_or_moderate_error_any_judge,closed_but_low_score,True,False,True,False,False,False,False,False,True,False,False,False,True,False,True,True,False
case_CL120_EHR_112__DeepSeek-V4-Pro,case_CL120_EHR_112__anon_48cfdfaeec10325c,case_CL120_EHR_112,DeepSeek-V4-Pro,closed_success,12,104,12,12,8,27,23,24,True,1.5,1,11,13,0,4,,,closed,terminal_safe_episode_closed,musculoskeletal_geriatrics,frailty_caregiver_execution,discharge_transition,moderate,medication_confusion_or_execution_failure,cost_transport_or_work_barrier | privacy_stigma_or_sensitive_history,high,medium,HO1 | HO2 | HO3 | HO4,4.25,5.0,3,1.299038105676658,1.4,heavy_workspace | high_judge_disagreement | minor_or_moderate_error_any_judge | important_non_chain_defect_any_judge,high_judge_disagreement,False,False,False,False,False,False,False,True,True,False,False,False,False,False,False,True,True
case_CL120_EHR_113__DeepSeek-V4-Pro,case_CL120_EHR_113__anon_6adffbec060ee3f3,case_CL120_EHR_113,DeepSeek-V4-Pro,closed_success,9,76,9,9,6,17,16,16,True,1.5,1,9,10,0,6,,,closed,terminal_safe_episode_closed,mental_health_somatic,anxiety_depression_somatic_red_flag_and_followup,longitudinal_followup,moderate,caregiver_conflict_or_fatigue,privacy_stigma_or_sensitive_history | incomplete_patient_information,high,medium,HO1 | HO2 | HO3 | HO4,2.75,2.0,3,1.299038105676658,-1.2999999999999998,low_score | very_low_score | below_strong | heavy_workspace | high_judge_disagreement | workspace_overuse_candidate | long_or_tool_intensive_low_score | closed_but_low_score | model_specific_weakness | minor_or_moderate_error_any_judge | important_non_chain_defect_any_judge,very_low_score,True,True,True,False,False,False,False,True,True,False,True,True,True,True,False,True,True
case_CL120_EHR_114__DeepSeek-V4-Pro,case_CL120_EHR_114__anon_b7a8036f2dca921b,case_CL120_EHR_114,DeepSeek-V4-Pro,closed_success,11,47,11,11,3,6,6,6,True,3.6666666666666665,1,3,12,0,6,,,closed,terminal_safe_handoff_closed,mental_health_somatic,depression_adherence,pre_handoff,moderate,document_or_image_quality_problem,incomplete_patient_information | medication_confusion_or_execution_failure,high,medium,HO1 | HO2 | HO3 | HO4,2.75,2.0,3,1.299038105676658,-0.5,low_score | very_low_score | below_strong | high_judge_disagreement | closed_but_low_score | minor_or_moderate_error_any_judge,very_low_score,True,True,True,False,False,False,False,False,True,False,False,False,True,False,False,True,False
case_CL120_EHR_115__DeepSeek-V4-Pro,case_CL120_EHR_115__anon_a2b5548d2bf9162f,case_CL120_EHR_115,DeepSeek-V4-Pro,closed_success,13,69,13,13,7,13,12,13,True,1.8571428571428572,1,10,14,0,3,,,closed,terminal_safe_episode_closed,mental_health_somatic,stigma_hidden_history,pre_handoff,moderate,delayed_or_staged_result_return,medication_confusion_or_execution_failure | caregiver_conflict_or_fatigue,high,medium,HO1 | HO2 | HO3 | HO4,3.25,3.0,3,1.299038105676658,-0.5499999999999998,low_score | below_strong | heavy_workspace | high_judge_disagreement | workspace_overuse_candidate | long_or_tool_intensive_low_score | closed_but_low_score | minor_or_moderate_error_any_judge | important_non_chain_defect_any_judge,long_or_tool_intensive_low_score,True,False,True,False,False,False,False,True,True,False,True,True,True,False,False,True,True
case_CL120_EHR_116__DeepSeek-V4-Pro,case_CL120_EHR_116__anon_c494d087bd716b43,case_CL120_EHR_116,DeepSeek-V4-Pro,closed_success,21,96,21,21,7,18,16,17,True,3.0,1,21,22,0,1,,,closed,terminal_safe_handoff_closed,mental_health_somatic,anxiety_somatic_red_flag,post_handoff,moderate,low_adherence_or_refusal,caregiver_conflict_or_fatigue | document_or_image_quality_problem,high,medium,HO1 | HO2 | HO3 | HO4,2.5,2.0,4,1.5,-0.5,low_score | very_low_score | below_strong | heavy_workspace | high_judge_disagreement | workspace_overuse_candidate | long_or_tool_intensive_low_score | closed_but_low_score | serious_error_any_judge | minor_or_moderate_error_any_judge,very_low_score,True,True,True,False,False,False,False,True,True,False,True,True,True,False,True,True,False
case_CL120_EHR_117__DeepSeek-V4-Pro,case_CL120_EHR_117__anon_186190a4df7458fb,case_CL120_EHR_117,DeepSeek-V4-Pro,closed_success,11,70,11,11,5,15,13,13,True,2.2,1,11,12,0,3,,,closed,terminal_safe_episode_closed,mental_health_somatic,depression_adherence,post_handoff,moderate,external_system_gap,document_or_image_quality_problem | delayed_or_staged_result_return,high,medium,HO1 | HO2 | HO3 | HO4,2,1.0,4,1.7320508075688772,-1.4,low_score | very_low_score | below_strong | high_judge_disagreement | closed_but_low_score | model_specific_weakness | serious_error_any_judge | minor_or_moderate_error_any_judge | important_non_chain_defect_any_judge,very_low_score,True,True,True,False,False,False,False,False,True,False,False,False,True,True,True,True,True
case_CL120_EHR_118__DeepSeek-V4-Pro,case_CL120_EHR_118__anon_3ad9be58b9c6c416,case_CL120_EHR_118,DeepSeek-V4-Pro,closed_success,4,28,4,4,2,6,5,5,True,2.0,1,2,5,0,3,,,closed,terminal_safe_handoff_closed,dermatology_ent_ophthalmology,rash_drug_reaction,result_return,heavy,misstated_family_or_patient_information,delayed_or_staged_result_return | low_adherence_or_refusal,high,long,HO1 | HO2 | HO3 | HO4,2.75,2.5,2,0.82915619758885,-0.75,low_score | very_low_score | below_strong | high_judge_disagreement | closed_but_low_score | minor_or_moderate_error_any_judge,very_low_score,True,True,True,False,False,False,False,False,True,False,False,False,True,False,False,True,False
case_CL120_EHR_119__DeepSeek-V4-Pro,case_CL120_EHR_119__anon_b369660ab72cec6b,case_CL120_EHR_119,DeepSeek-V4-Pro,runtime_error,23,134,23,23,13,29,28,28,True,1.7692307692307692,1,22,0,23,3,content_filter_400,RuntimeError,open,,dermatology_ent_ophthalmology,vision_red_flag,result_return,heavy,cost_transport_or_work_barrier,low_adherence_or_refusal | external_system_gap,high,long,HO1 | HO2 | HO3 | HO4,2.25,2.0,3,1.0897247358851685,-1.4,low_score | very_low_score | below_strong | heavy_workspace | high_judge_disagreement | workspace_overuse_candidate | long_or_tool_intensive_low_score | model_specific_weakness | serious_error_any_judge | minor_or_moderate_error_any_judge | important_non_chain_defect_any_judge,runtime_error,True,True,True,False,False,False,False,True,True,False,True,True,False,True,True,True,True
case_CL120_EHR_120__DeepSeek-V4-Pro,case_CL120_EHR_120__anon_218dd6b586fdbe7e,case_CL120_EHR_120,DeepSeek-V4-Pro,closed_success,11,45,11,11,3,6,6,6,True,3.6666666666666665,2,9,0,12,4,,,closed,terminal_safe_episode_closed,dermatology_ent_ophthalmology,otitis_sinus_complication,home_execution_failure,heavy,privacy_stigma_or_sensitive_history,external_system_gap | misstated_family_or_patient_information,high,long,HO1 | HO2 | HO3 | HO4,3.25,3.5,4,1.7853571071357126,0.8500000000000001,below_strong | high_judge_disagreement | serious_error_any_judge | minor_or_moderate_error_any_judge,high_judge_disagreement,False,False,True,False,False,False,False,False,True,False,False,False,False,False,True,True,False
case_CL120_EHR_001__Doubao-Seed-2.0-lite,case_CL120_EHR_001__anon_3ac26ec9d4445cba,case_CL120_EHR_001,Doubao-Seed-2.0-lite,closed_success,11,36,11,11,2,3,3,3,True,5.5,1,2,12,0,4,,,closed,terminal_safe_episode_closed,cardiovascular,chest_pain_acs_dissection,longitudinal_followup,light,incomplete_patient_information,misstated_family_or_patient_information | cost_transport_or_work_barrier,high,medium,HO1 | HO2 | HO3 | HO4,2.25,2.0,3,1.0897247358851685,-0.8500000000000001,low_score | very_low_score | below_strong | high_judge_disagreement | closed_but_low_score | serious_error_any_judge | minor_or_moderate_error_any_judge | important_non_chain_defect_any_judge,very_low_score,True,True,True,False,False,False,False,False,True,False,False,False,True,False,True,True,True
case_CL120_EHR_002__Doubao-Seed-2.0-lite,case_CL120_EHR_002__anon_675367c76a08ffb7,case_CL120_EHR_002,Doubao-Seed-2.0-lite,closed_success,30,75,30,30,2,3,3,3,True,15.0,1,2,31,0,5,,,closed,terminal_safe_episode_closed,cardiovascular,heart_failure_decompensation,longitudinal_followup,light,medication_confusion_or_execution_failure,cost_transport_or_work_barrier | privacy_stigma_or_sensitive_history,high,medium,HO1 | HO2 | HO3 | HO4,3.25,3.5,4,1.7853571071357126,0.6000000000000001,below_strong | high_judge_disagreement | serious_error_any_judge | minor_or_moderate_error_any_judge | important_non_chain_defect_any_judge,high_judge_disagreement,False,False,True,False,False,False,False,False,True,False,False,False,False,False,True,True,True
case_CL120_EHR_003__Doubao-Seed-2.0-lite,case_CL120_EHR_003__anon_816fc709e407b439,case_CL120_EHR_003,Doubao-Seed-2.0-lite,closed_success,11,46,11,11,3,7,6,7,True,3.6666666666666665,1,9,11,0,4,,,closed,terminal_safe_episode_closed,cardiovascular,atrial_fibrillation_anticoagulation,discharge_transition,light,caregiver_conflict_or_fatigue,privacy_stigma_or_sensitive_history | incomplete_patient_information,high,medium,HO1 | HO2 | HO3 | HO4,2,1.5,3,1.224744871391589,-1.5,low_score | very_low_score | below_strong | high_judge_disagreement | closed_but_low_score | model_specific_weakness | serious_error_any_judge | minor_or_moderate_error_any_judge | important_non_chain_defect_any_judge,very_low_score,True,True,True,False,False,False,False,False,True,False,False,False,True,True,True,True,True
case_CL120_EHR_004__Doubao-Seed-2.0-lite,case_CL120_EHR_004__anon_efd7d19a9a629fbf,case_CL120_EHR_004,Doubao-Seed-2.0-lite,closed_success,6,22,6,6,1,2,2,2,True,6.0,1,1,6,0,4,,,closed,terminal_safe_episode_closed,dermatology_ent_ophthalmology,cataract_postoperative_medication_and_followup,discharge_transition,light,document_or_image_quality_problem,incomplete_patient_information | medication_confusion_or_execution_failure,high,medium,HO1 | HO2 | HO3 | HO4,2.75,2.5,4,1.7853571071357126,-0.2999999999999998,low_score | very_low_score | below_strong | sparse_workspace | high_judge_disagreement | workspace_underuse_candidate | closed_but_low_score | serious_error_any_judge | minor_or_moderate_error_any_judge,very_low_score,True,True,True,False,False,False,True,False,True,True,False,False,True,False,True,True,False
case_CL120_EHR_005__Doubao-Seed-2.0-lite,case_CL120_EHR_005__anon_358d05b4d98dd9fa,case_CL120_EHR_005,Doubao-Seed-2.0-lite,closed_success,2,14,2,2,1,2,2,2,True,2.0,1,1,3,0,3,,,closed,terminal_safe_handoff_closed,cardiovascular,syncope,pre_handoff,light,delayed_or_staged_result_return,medication_confusion_or_execution_failure | caregiver_conflict_or_fatigue,high,short,HO1 | HO2 | HO3 | HO4,2.75,2.0,3,1.299038105676658,-1.65,low_score | very_low_score | below_strong | sparse_workspace | high_judge_disagreement | workspace_underuse_candidate | closed_but_low_score | model_specific_weakness | minor_or_moderate_error_any_judge,very_low_score,True,True,True,False,False,False,True,False,True,True,False,False,True,True,False,True,False
case_CL120_EHR_006__Doubao-Seed-2.0-lite,case_CL120_EHR_006__anon_5c3900ee77e19997,case_CL120_EHR_006,Doubao-Seed-2.0-lite,closed_success,3,15,3,3,1,2,2,2,True,3.0,1,1,4,0,2,,,closed,terminal_safe_handoff_closed,cardiovascular,chest_pain_acs_dissection,pre_handoff,light,low_adherence_or_refusal,caregiver_conflict_or_fatigue | document_or_image_quality_problem,high,short,HO1 | HO2 | HO3 | HO4,4,4.5,3,1.224744871391589,0.6000000000000001,sparse_workspace | high_judge_disagreement | minor_or_moderate_error_any_judge | important_non_chain_defect_any_judge,high_judge_disagreement,False,False,False,False,False,False,True,False,True,False,False,False,False,False,False,True,True
case_CL120_EHR_007__Doubao-Seed-2.0-lite,case_CL120_EHR_007__anon_96656505a44abe8c,case_CL120_EHR_007,Doubao-Seed-2.0-lite,closed_success,9,33,9,9,1,5,4,4,True,9.0,1,1,10,0,1,,,closed,terminal_safe_episode_closed,cardiovascular,heart_failure_decompensation,post_handoff,moderate,external_system_gap,document_or_image_quality_problem | delayed_or_staged_result_return,high,medium,HO1 | HO2 | HO3 | HO4,3,3.0,4,2.0,0.3999999999999999,low_score | below_strong | sparse_workspace | high_judge_disagreement | workspace_underuse_candidate | closed_but_low_score | serious_error_any_judge | minor_or_moderate_error_any_judge,workspace_underuse_candidate,True,False,True,False,False,False,True,False,True,True,False,False,True,False,True,True,False
case_CL120_EHR_008__Doubao-Seed-2.0-lite,case_CL120_EHR_008__anon_bfa464f479606c1c,case_CL120_EHR_008,Doubao-Seed-2.0-lite,closed_success,22,64,22,22,2,6,5,5,True,11.0,1,2,23,0,3,,,closed,terminal_safe_episode_closed,cardiovascular,atrial_fibrillation_anticoagulation,post_handoff,moderate,misstated_family_or_patient_information,delayed_or_staged_result_return | low_adherence_or_refusal,high,medium,HO1 | HO2 | HO3 | HO4,3,3.0,4,2.0,-0.6000000000000001,low_score | below_strong | high_judge_disagreement | closed_but_low_score | serious_error_any_judge | minor_or_moderate_error_any_judge | important_non_chain_defect_any_judge,closed_but_low_score,True,False,True,False,False,False,False,False,True,False,False,False,True,False,True,True,True
case_CL120_EHR_009__Doubao-Seed-2.0-lite,case_CL120_EHR_009__anon_206768e96a710a4f,case_CL120_EHR_009,Doubao-Seed-2.0-lite,closed_success,11,46,11,11,1,5,4,4,True,11.0,1,1,12,0,10,,,closed,terminal_safe_episode_closed,cardiovascular,hypertension_urgency,result_return,moderate,cost_transport_or_work_barrier,low_adherence_or_refusal | external_system_gap,high,medium,HO1 | HO2 | HO3 | HO4,2.25,1.5,4,1.6393596310755,-1.4,low_score | very_low_score | below_strong | sparse_workspace | high_judge_disagreement | workspace_underuse_candidate | closed_but_low_score | model_specific_weakness | serious_error_any_judge | minor_or_moderate_error_any_judge,very_low_score,True,True,True,False,False,False,True,False,True,True,False,False,True,True,True,True,False
case_CL120_EHR_010__Doubao-Seed-2.0-lite,case_CL120_EHR_010__anon_b277a89c7460a520,case_CL120_EHR_010,Doubao-Seed-2.0-lite,closed_success,19,53,19,19,2,4,4,4,True,9.5,1,2,20,0,2,,,closed,terminal_safe_episode_closed,cardiovascular,syncope,result_return,moderate,privacy_stigma_or_sensitive_history,external_system_gap | misstated_family_or_patient_information,high,medium,HO1 | HO2 | HO3 | HO4,3,3.0,4,2.0,-0.9500000000000002,low_score | below_strong | high_judge_disagreement | closed_but_low_score | serious_error_any_judge | minor_or_moderate_error_any_judge | important_non_chain_defect_any_judge,closed_but_low_score,True,False,True,False,False,False,False,False,True,False,False,False,True,False,True,True,True
case_CL120_EHR_011__Doubao-Seed-2.0-lite,case_CL120_EHR_011__anon_1e9ce516b0567545,case_CL120_EHR_011,Doubao-Seed-2.0-lite,closed_success,16,42,16,16,1,2,2,2,True,16.0,1,1,17,0,3,,,closed,terminal_safe_episode_closed,cardiovascular,chest_pain_acs_dissection,home_execution_failure,moderate,incomplete_patient_information,misstated_family_or_patient_information | cost_transport_or_work_barrier,high,medium,HO1 | HO2 | HO3 | HO4,3.5,3.5,3,1.5,-0.20000000000000018,below_strong | sparse_workspace | high_judge_disagreement | workspace_underuse_candidate | minor_or_moderate_error_any_judge | important_non_chain_defect_any_judge,workspace_underuse_candidate,False,False,True,False,False,False,True,False,True,True,False,False,False,False,False,True,True
case_CL120_EHR_012__Doubao-Seed-2.0-lite,case_CL120_EHR_012__anon_cbe3135baf7c0bb9,case_CL120_EHR_012,Doubao-Seed-2.0-lite,closed_success,18,54,18,18,1,5,4,4,True,18.0,1,1,19,0,4,,,closed,terminal_safe_episode_closed,cardiovascular,heart_failure_decompensation,longitudinal_followup,moderate,medication_confusion_or_execution_failure,cost_transport_or_work_barrier | privacy_stigma_or_sensitive_history,high,medium,HO1 | HO2 | HO3 | HO4,2.75,2.0,3,1.299038105676658,-1.2000000000000002,low_score | very_low_score | below_strong | sparse_workspace | high_judge_disagreement | workspace_underuse_candidate | closed_but_low_score | model_specific_weakness | minor_or_moderate_error_any_judge | important_non_chain_defect_any_judge,very_low_score,True,True,True,False,False,False,True,False,True,True,False,False,True,True,False,True,True
case_CL120_EHR_013__Doubao-Seed-2.0-lite,case_CL120_EHR_013__anon_0830e39f96c44afb,case_CL120_EHR_013,Doubao-Seed-2.0-lite,closed_success,7,22,7,7,2,2,2,2,True,3.5,1,2,8,0,1,,,closed,terminal_safe_episode_closed,cardiovascular,atrial_fibrillation_anticoagulation,longitudinal_followup,moderate,caregiver_conflict_or_fatigue,privacy_stigma_or_sensitive_history | incomplete_patient_information,high,medium,HO1 | HO2 | HO3 | HO4,3.75,4.5,4,1.6393596310755,0.8999999999999999,high_judge_disagreement | serious_error_any_judge,high_judge_disagreement,False,False,False,False,False,False,False,False,True,False,False,False,False,False,True,False,False
case_CL120_EHR_014__Doubao-Seed-2.0-lite,case_CL120_EHR_014__anon_9c56a77f6fa03b6a,case_CL120_EHR_014,Doubao-Seed-2.0-lite,closed_success,13,46,13,13,2,5,5,5,True,6.5,1,2,14,0,4,,,closed,terminal_safe_episode_closed,cardiovascular,hypertension_urgency,discharge_transition,moderate,document_or_image_quality_problem,incomplete_patient_information | medication_confusion_or_execution_failure,high,medium,HO1 | HO2 | HO3 | HO4,3,3.0,4,1.5811388300841898,-0.10000000000000009,low_score | below_strong | high_judge_disagreement | closed_but_low_score | serious_error_any_judge | minor_or_moderate_error_any_judge,closed_but_low_score,True,False,True,False,False,False,False,False,True,False,False,False,True,False,True,True,False
case_CL120_EHR_015__Doubao-Seed-2.0-lite,case_CL120_EHR_015__anon_a8b3bb335dd6f959,case_CL120_EHR_015,Doubao-Seed-2.0-lite,closed_success,17,44,17,17,1,1,1,1,True,17.0,1,1,18,0,6,,,closed,terminal_safe_episode_closed,respiratory,suspected_pulmonary_embolism_result_and_anticoagulation_followup,result_return,heavy,delayed_or_staged_result_return,medication_confusion_or_execution_failure | caregiver_conflict_or_fatigue,high,long,HO1 | HO2 | HO3 | HO4,2.75,2.5,4,1.7853571071357126,-1.15,low_score | very_low_score | below_strong | sparse_workspace | high_judge_disagreement | workspace_underuse_candidate | closed_but_low_score | model_specific_weakness | serious_error_any_judge | minor_or_moderate_error_any_judge,very_low_score,True,True,True,False,False,False,True,False,True,True,False,False,True,True,True,True,False
case_CL120_EHR_016__Doubao-Seed-2.0-lite,case_CL120_EHR_016__anon_82cbb53e2ca7be98,case_CL120_EHR_016,Doubao-Seed-2.0-lite,closed_success,6,28,6,6,1,5,4,4,True,6.0,1,1,7,0,2,,,closed,terminal_safe_handoff_closed,respiratory,pneumonia,pre_handoff,heavy,low_adherence_or_refusal,caregiver_conflict_or_fatigue | document_or_image_quality_problem,high,long,HO1 | HO2 | HO3 | HO4,3.25,3.5,4,1.7853571071357126,0.5,below_strong | sparse_workspace | high_judge_disagreement | workspace_underuse_candidate | serious_error_any_judge | minor_or_moderate_error_any_judge,workspace_underuse_candidate,False,False,True,False,False,False,True,False,True,True,False,False,False,False,True,True,False
case_CL120_EHR_017__Doubao-Seed-2.0-lite,case_CL120_EHR_017__anon_58b12dee59247686,case_CL120_EHR_017,Doubao-Seed-2.0-lite,closed_success,73,172,73,73,3,8,7,7,True,24.333333333333332,1,22,74,0,3,,,closed,terminal_bounded_episode_closed,respiratory,lung_nodule_mass,post_handoff,heavy,external_system_gap,document_or_image_quality_problem | delayed_or_staged_result_return,high,long,HO1 | HO2 | HO3 | HO4,3.5,3.5,3,1.118033988749895,-0.7000000000000002,below_strong | high_turn | high_judge_disagreement | long_or_tool_intensive_low_score | minor_or_moderate_error_any_judge | important_non_chain_defect_any_judge,long_or_tool_intensive_low_score,False,False,True,True,False,False,False,False,True,False,False,True,False,False,False,True,True
case_CL120_EHR_018__Doubao-Seed-2.0-lite,case_CL120_EHR_018__anon_d8a295e6a7968c2e,case_CL120_EHR_018,Doubao-Seed-2.0-lite,closed_success,14,48,14,14,2,6,5,5,True,7.0,1,2,15,0,3,,,closed,terminal_safe_episode_closed,respiratory,pulmonary_embolism,post_handoff,extreme,misstated_family_or_patient_information,delayed_or_staged_result_return | low_adherence_or_refusal,high,extra_long,HO1 | HO2 | HO3 | HO4,3,3.0,4,1.5811388300841898,0.3999999999999999,low_score | below_strong | high_judge_disagreement | closed_but_low_score | serious_error_any_judge | minor_or_moderate_error_any_judge,closed_but_low_score,True,False,True,False,False,False,False,False,True,False,False,False,True,False,True,True,False
case_CL120_EHR_019__Doubao-Seed-2.0-lite,case_CL120_EHR_019__anon_7c035590b750ea34,case_CL120_EHR_019,Doubao-Seed-2.0-lite,closed_success,9,40,9,9,2,7,6,6,True,4.5,1,2,10,0,2,,,closed,terminal_safe_episode_closed,respiratory,home_oxygen_or_inhaler_execution,post_handoff,light,cost_transport_or_work_barrier,low_adherence_or_refusal | external_system_gap,high,medium,HO1 | HO2 | HO3 | HO4,3,3.0,4,1.5811388300841898,-0.5499999999999998,low_score | below_strong | high_judge_disagreement | closed_but_low_score | serious_error_any_judge | minor_or_moderate_error_any_judge,closed_but_low_score,True,False,True,False,False,False,False,False,True,False,False,False,True,False,True,True,False
case_CL120_EHR_020__Doubao-Seed-2.0-lite,case_CL120_EHR_020__anon_925ffa123d87216d,case_CL120_EHR_020,Doubao-Seed-2.0-lite,closed_success,4,25,4,4,1,5,4,4,True,4.0,1,1,5,0,3,,,closed,terminal_safe_episode_closed,respiratory,asthma_copd_exacerbation,result_return,light,privacy_stigma_or_sensitive_history,external_system_gap | misstated_family_or_patient_information,high,medium,HO1 | HO2 | HO3 | HO4,2.25,1.5,4,1.6393596310755,-0.3999999999999999,low_score | very_low_score | below_strong | sparse_workspace | high_judge_disagreement | workspace_underuse_candidate | closed_but_low_score | serious_error_any_judge | minor_or_moderate_error_any_judge,very_low_score,True,True,True,False,False,False,True,False,True,True,False,False,True,False,True,True,False
case_CL120_EHR_021__Doubao-Seed-2.0-lite,case_CL120_EHR_021__anon_5ba0385d1343f4ed,case_CL120_EHR_021,Doubao-Seed-2.0-lite,closed_success,24,60,24,24,1,2,2,2,True,24.0,1,1,25,0,5,,,closed,terminal_safe_episode_closed,respiratory,pneumonia,result_return,light,incomplete_patient_information,misstated_family_or_patient_information | cost_transport_or_work_barrier,high,medium,HO1 | HO2 | HO3 | HO4,3,3.0,4,1.5811388300841898,-0.04999999999999982,low_score | below_strong | sparse_workspace | high_judge_disagreement | workspace_underuse_candidate | closed_but_low_score | serious_error_any_judge | minor_or_moderate_error_any_judge | important_non_chain_defect_any_judge,workspace_underuse_candidate,True,False,True,False,False,False,True,False,True,True,False,False,True,False,True,True,True
case_CL120_EHR_022__Doubao-Seed-2.0-lite,case_CL120_EHR_022__anon_c5aa00599619c982,case_CL120_EHR_022,Doubao-Seed-2.0-lite,closed_success,6,35,6,6,2,6,5,5,True,3.0,1,2,0,7,6,,,closed,terminal_safe_episode_closed,respiratory,lung_nodule_mass,home_execution_failure,light,medication_confusion_or_execution_failure,cost_transport_or_work_barrier | privacy_stigma_or_sensitive_history,high,medium,HO1 | HO2 | HO3 | HO4,2,1.5,3,1.224744871391589,-0.3500000000000001,low_score | very_low_score | below_strong | high_judge_disagreement | closed_but_low_score | serious_error_any_judge | minor_or_moderate_error_any_judge | important_non_chain_defect_any_judge,very_low_score,True,True,True,False,False,False,False,False,True,False,False,False,True,False,True,True,True
case_CL120_EHR_023__Doubao-Seed-2.0-lite,case_CL120_EHR_023__anon_81e7570d71a8b909,case_CL120_EHR_023,Doubao-Seed-2.0-lite,closed_success,7,34,7,7,2,6,5,5,True,3.5,1,2,8,0,3,,,closed,terminal_safe_episode_closed,respiratory,pulmonary_embolism,longitudinal_followup,light,caregiver_conflict_or_fatigue,privacy_stigma_or_sensitive_history | incomplete_patient_information,high,medium,HO1 | HO2 | HO3 | HO4,1.5,1.5,1,0.5,-0.3999999999999999,low_score | very_low_score | below_strong | closed_but_low_score | serious_error_any_judge | minor_or_moderate_error_any_judge | important_non_chain_defect_any_judge,very_low_score,True,True,True,False,False,False,False,False,False,False,False,False,True,False,True,True,True
case_CL120_EHR_024__Doubao-Seed-2.0-lite,case_CL120_EHR_024__anon_b4485cdd0ca6c051,case_CL120_EHR_024,Doubao-Seed-2.0-lite,closed_success,6,23,6,6,1,2,2,2,True,6.0,1,1,7,0,4,,,closed,terminal_safe_episode_closed,respiratory,home_oxygen_or_inhaler_execution,longitudinal_followup,moderate,document_or_image_quality_problem,incomplete_patient_information | medication_confusion_or_execution_failure,high,medium,HO1 | HO2 | HO3 | HO4,1.5,1.5,1,0.5,-1.1,low_score | very_low_score | below_strong | sparse_workspace | workspace_underuse_candidate | closed_but_low_score | model_specific_weakness | serious_error_any_judge | minor_or_moderate_error_any_judge | important_non_chain_defect_any_judge,very_low_score,True,True,True,False,False,False,True,False,False,True,False,False,True,True,True,True,True
case_CL120_EHR_025__Doubao-Seed-2.0-lite,case_CL120_EHR_025__anon_6899680af4a19d17,case_CL120_EHR_025,Doubao-Seed-2.0-lite,closed_success,52,121,52,52,1,5,4,4,True,52.0,1,1,53,0,3,,,closed,terminal_safe_handoff_closed,respiratory,asthma_copd_exacerbation,discharge_transition,moderate,delayed_or_staged_result_return,medication_confusion_or_execution_failure | caregiver_conflict_or_fatigue,high,medium,HO1 | HO2 | HO3 | HO4,3.25,3.0,3,1.299038105676658,-0.3999999999999999,low_score | below_strong | high_turn | sparse_workspace | high_judge_disagreement | workspace_underuse_candidate | long_or_tool_intensive_low_score | closed_but_low_score | minor_or_moderate_error_any_judge,long_or_tool_intensive_low_score,True,False,True,True,False,False,True,False,True,True,False,True,True,False,False,True,False
case_CL120_EHR_026__Doubao-Seed-2.0-lite,case_CL120_EHR_026__anon_18a3f831a783989c,case_CL120_EHR_026,Doubao-Seed-2.0-lite,closed_success,61,137,61,61,1,4,4,4,True,61.0,1,1,62,0,2,,,closed,terminal_safe_handoff_closed,respiratory,pneumonia,palliative_terminal,moderate,low_adherence_or_refusal,caregiver_conflict_or_fatigue | document_or_image_quality_problem,high,medium,HO1 | HO2 | HO3 | HO4,3.25,3.5,4,1.479019945774904,0.7000000000000002,below_strong | high_turn | sparse_workspace | high_judge_disagreement | workspace_underuse_candidate | long_or_tool_intensive_low_score | serious_error_any_judge,long_or_tool_intensive_low_score,False,False,True,True,False,False,True,False,True,True,False,True,False,False,True,False,False
case_CL120_EHR_027__Doubao-Seed-2.0-lite,case_CL120_EHR_027__anon_8c190b05e7b8f6d5,case_CL120_EHR_027,Doubao-Seed-2.0-lite,closed_success,9,36,9,9,2,6,5,5,True,4.5,1,2,10,0,1,,,closed,terminal_safe_handoff_closed,endocrine_metabolic,diabetes_sick_day,pre_handoff,moderate,external_system_gap,document_or_image_quality_problem | delayed_or_staged_result_return,high,medium,HO1 | HO2 | HO3 | HO4,1,1.0,0,0.0,-1.4500000000000002,low_score | very_low_score | below_strong | closed_but_low_score | model_specific_weakness | serious_error_any_judge,very_low_score,True,True,True,False,False,False,False,False,False,False,False,False,True,True,True,False,False
case_CL120_EHR_028__Doubao-Seed-2.0-lite,case_CL120_EHR_028__anon_3d5ecf9278905fbc,case_CL120_EHR_028,Doubao-Seed-2.0-lite,closed_success,33,79,33,33,2,3,3,3,True,16.5,1,2,34,0,3,,,closed,terminal_safe_handoff_closed,endocrine_metabolic,hypoglycemia,post_handoff,moderate,misstated_family_or_patient_information,delayed_or_staged_result_return | low_adherence_or_refusal,high,medium,HO1 | HO2 | HO3 | HO4,1,1.0,0,0.0,-0.8999999999999999,low_score | very_low_score | below_strong | closed_but_low_score | serious_error_any_judge | minor_or_moderate_error_any_judge | important_non_chain_defect_any_judge,very_low_score,True,True,True,False,False,False,False,False,False,False,False,False,True,False,True,True,True
case_CL120_EHR_029__Doubao-Seed-2.0-lite,case_CL120_EHR_029__anon_a79e1b4b36e6e565,case_CL120_EHR_029,Doubao-Seed-2.0-lite,closed_success,13,40,13,13,2,3,3,3,True,6.5,1,2,14,0,4,,,closed,terminal_safe_episode_closed,endocrine_metabolic,thyroid_dysfunction,post_handoff,moderate,cost_transport_or_work_barrier,low_adherence_or_refusal | external_system_gap,high,medium,HO1 | HO2 | HO3 | HO4,3.75,4.5,4,1.6393596310755,0.7000000000000002,high_judge_disagreement | serious_error_any_judge | minor_or_moderate_error_any_judge,high_judge_disagreement,False,False,False,False,False,False,False,False,True,False,False,False,False,False,True,True,False
case_CL120_EHR_030__Doubao-Seed-2.0-lite,case_CL120_EHR_030__anon_af357f5488e96d9d,case_CL120_EHR_030,Doubao-Seed-2.0-lite,open_at_100,100,222,100,100,2,6,5,5,True,50.0,1,2,101,0,5,,,soft_closed,milestone_closed_but_not_terminal,endocrine_metabolic,steroid_or_insulin_adjustment,post_handoff,moderate,privacy_stigma_or_sensitive_history,external_system_gap | misstated_family_or_patient_information,high,medium,HO1 | HO2 | HO3 | HO4,2.5,2.5,3,1.5,0.20000000000000018,low_score | very_low_score | below_strong | high_turn | very_high_turn | high_judge_disagreement | long_or_tool_intensive_low_score | serious_error_any_judge | minor_or_moderate_error_any_judge,open_at_100,True,True,True,True,True,False,False,False,True,False,False,True,False,False,True,True,False
case_CL120_EHR_031__Doubao-Seed-2.0-lite,case_CL120_EHR_031__anon_43f9b7fdd165700f,case_CL120_EHR_031,Doubao-Seed-2.0-lite,closed_success,9,46,9,9,2,10,8,8,True,4.5,1,2,0,9,1,,,closed,terminal_safe_episode_closed,endocrine_metabolic,obesity_sleep_apnea_metabolic_risk,result_return,moderate,incomplete_patient_information,misstated_family_or_patient_information | cost_transport_or_work_barrier,high,medium,HO1 | HO2 | HO3 | HO4,2.25,1.5,4,1.6393596310755,-1.1,low_score | very_low_score | below_strong | high_judge_disagreement | closed_but_low_score | model_specific_weakness | serious_error_any_judge | minor_or_moderate_error_any_judge,very_low_score,True,True,True,False,False,False,False,False,True,False,False,False,True,True,True,True,False
case_CL120_EHR_032__Doubao-Seed-2.0-lite,case_CL120_EHR_032__anon_34a6086c151862d4,case_CL120_EHR_032,Doubao-Seed-2.0-lite,closed_success,25,78,25,25,2,8,7,7,True,12.5,1,2,0,26,5,,,closed,terminal_safe_episode_closed,endocrine_metabolic,diabetes_sick_day,result_return,moderate,medication_confusion_or_execution_failure,cost_transport_or_work_barrier | privacy_stigma_or_sensitive_history,high,medium,HO1 | HO2 | HO3 | HO4,1.25,1.0,1,0.4330127018922193,-1.2999999999999998,low_score | very_low_score | below_strong | closed_but_low_score | model_specific_weakness | serious_error_any_judge | minor_or_moderate_error_any_judge,very_low_score,True,True,True,False,False,False,False,False,False,False,False,False,True,True,True,True,False
case_CL120_EHR_033__Doubao-Seed-2.0-lite,case_CL120_EHR_033__anon_43d2d0273024bc1a,case_CL120_EHR_033,Doubao-Seed-2.0-lite,closed_success,12,36,12,12,2,3,3,3,True,6.0,1,2,13,0,2,,,closed,terminal_safe_episode_closed,endocrine_metabolic,hypoglycemia,home_execution_failure,heavy,caregiver_conflict_or_fatigue,privacy_stigma_or_sensitive_history | incomplete_patient_information,high,long,HO1 | HO2 | HO3 | HO4,2.75,2.5,4,1.479019945774904,-0.75,low_score | very_low_score | below_strong | high_judge_disagreement | closed_but_low_score | serious_error_any_judge | minor_or_moderate_error_any_judge,very_low_score,True,True,True,False,False,False,False,False,True,False,False,False,True,False,True,True,False
case_CL120_EHR_034__Doubao-Seed-2.0-lite,case_CL120_EHR_034__anon_63c8cade397a5d9b,case_CL120_EHR_034,Doubao-Seed-2.0-lite,closed_success,11,41,11,11,2,6,5,5,True,5.5,1,2,0,12,2,,,closed,terminal_safe_handoff_closed,endocrine_metabolic,thyroid_dysfunction,longitudinal_followup,heavy,document_or_image_quality_problem,incomplete_patient_information | medication_confusion_or_execution_failure,high,long,HO1 | HO2 | HO3 | HO4,3,3.0,4,1.5811388300841898,0.6000000000000001,low_score | below_strong | high_judge_disagreement | closed_but_low_score | serious_error_any_judge | minor_or_moderate_error_any_judge | important_non_chain_defect_any_judge,closed_but_low_score,True,False,True,False,False,False,False,False,True,False,False,False,True,False,True,True,True
case_CL120_EHR_035__Doubao-Seed-2.0-lite,case_CL120_EHR_035__anon_264f6f9bf24bd8fd,case_CL120_EHR_035,Doubao-Seed-2.0-lite,closed_success,41,105,41,41,2,7,6,6,True,20.5,1,2,0,42,3,,,closed,terminal_safe_episode_closed,endocrine_metabolic,steroid_or_insulin_adjustment,longitudinal_followup,extreme,delayed_or_staged_result_return,medication_confusion_or_execution_failure | caregiver_conflict_or_fatigue,high,extra_long,HO1 | HO2 | HO3 | HO4,3,3.0,4,2.0,0.3999999999999999,low_score | below_strong | high_judge_disagreement | closed_but_low_score | serious_error_any_judge,closed_but_low_score,True,False,True,False,False,False,False,False,True,False,False,False,True,False,True,False,False
case_CL120_EHR_036__Doubao-Seed-2.0-lite,case_CL120_EHR_036__anon_17db26fea1257f29,case_CL120_EHR_036,Doubao-Seed-2.0-lite,closed_success,27,72,27,27,4,5,5,5,True,6.75,1,5,0,28,2,,,closed,terminal_safe_episode_closed,endocrine_metabolic,obesity_sleep_apnea_metabolic_risk,discharge_transition,light,low_adherence_or_refusal,caregiver_conflict_or_fatigue | document_or_image_quality_problem,high,medium,HO1 | HO2 | HO3 | HO4,2.25,1.5,4,1.6393596310755,-0.5,low_score | very_low_score | below_strong | high_judge_disagreement | closed_but_low_score | serious_error_any_judge | minor_or_moderate_error_any_judge | important_non_chain_defect_any_judge,very_low_score,True,True,True,False,False,False,False,False,True,False,False,False,True,False,True,True,True
case_CL120_EHR_037__Doubao-Seed-2.0-lite,case_CL120_EHR_037__anon_764d51df4836b545,case_CL120_EHR_037,Doubao-Seed-2.0-lite,closed_success,5,20,5,5,1,3,3,3,True,5.0,1,1,6,0,0,,,closed,terminal_safe_episode_closed,endocrine_metabolic,diabetic_foot_wound_and_sick_day_medication_safety,home_execution_failure,light,external_system_gap,document_or_image_quality_problem | delayed_or_staged_result_return,high,medium,HO1 | HO2 | HO3 | HO4,2.5,2.0,4,1.6583123951777,-1.25,low_score | very_low_score | below_strong | sparse_workspace | high_judge_disagreement | workspace_underuse_candidate | closed_but_low_score | model_specific_weakness | serious_error_any_judge | minor_or_moderate_error_any_judge,very_low_score,True,True,True,False,False,False,True,False,True,True,False,False,True,True,True,True,False
case_CL120_EHR_038__Doubao-Seed-2.0-lite,case_CL120_EHR_038__anon_d76f5ed73fbd4487,case_CL120_EHR_038,Doubao-Seed-2.0-lite,closed_success,52,122,52,52,1,5,4,4,True,52.0,1,1,53,0,4,,,closed,terminal_safe_episode_closed,endocrine_metabolic,postoperative_glucose_variability_and_medication_safety,home_execution_failure,light,misstated_family_or_patient_information,delayed_or_staged_result_return | low_adherence_or_refusal,high,short,HO1 | HO2 | HO3 | HO4,3,3.0,4,2.0,-0.1499999999999999,low_score | below_strong | high_turn | sparse_workspace | high_judge_disagreement | workspace_underuse_candidate | long_or_tool_intensive_low_score | closed_but_low_score | serious_error_any_judge | important_non_chain_defect_any_judge,long_or_tool_intensive_low_score,True,False,True,True,False,False,True,False,True,True,False,True,True,False,True,False,True
case_CL120_EHR_039__Doubao-Seed-2.0-lite,case_CL120_EHR_039__anon_d910f16b9fb6136b,case_CL120_EHR_039,Doubao-Seed-2.0-lite,closed_success,23,77,23,23,3,8,7,7,True,7.666666666666667,1,18,0,24,8,,,closed,terminal_safe_episode_closed,renal_urology,ckd_med_reconciliation,post_handoff,light,cost_transport_or_work_barrier,low_adherence_or_refusal | external_system_gap,high,medium,HO1 | HO2 | HO3 | HO4,3,3.0,4,2.0,0.75,low_score | below_strong | high_judge_disagreement | closed_but_low_score | serious_error_any_judge | minor_or_moderate_error_any_judge | important_non_chain_defect_any_judge,closed_but_low_score,True,False,True,False,False,False,False,False,True,False,False,False,True,False,True,True,True
case_CL120_EHR_040__Doubao-Seed-2.0-lite,case_CL120_EHR_040__anon_e27fa75263be35f3,case_CL120_EHR_040,Doubao-Seed-2.0-lite,closed_success,8,36,8,8,3,7,4,6,True,2.6666666666666665,1,6,9,0,2,,,closed,terminal_safe_episode_closed,renal_urology,uti_culture_action,post_handoff,light,privacy_stigma_or_sensitive_history,external_system_gap | misstated_family_or_patient_information,high,medium,HO1 | HO2 | HO3 | HO4,2.25,1.5,4,1.6393596310755,-1.35,low_score | very_low_score | below_strong | high_judge_disagreement | closed_but_low_score | model_specific_weakness | serious_error_any_judge | minor_or_moderate_error_any_judge | important_non_chain_defect_any_judge,very_low_score,True,True,True,False,False,False,False,False,True,False,False,False,True,True,True,True,True
case_CL120_EHR_041__Doubao-Seed-2.0-lite,case_CL120_EHR_041__anon_bc6b33676d99a2bc,case_CL120_EHR_041,Doubao-Seed-2.0-lite,closed_success,11,43,11,11,2,7,6,6,True,5.5,1,2,12,0,1,,,closed,terminal_safe_episode_closed,renal_urology,renal_function_abnormality_warning_and_result_followup,result_return,moderate,incomplete_patient_information,misstated_family_or_patient_information | cost_transport_or_work_barrier,high,medium,HO1 | HO2 | HO3 | HO4,2.75,2.5,4,1.7853571071357126,-1.0499999999999998,low_score | very_low_score | below_strong | high_judge_disagreement | closed_but_low_score | model_specific_weakness | serious_error_any_judge | minor_or_moderate_error_any_judge | important_non_chain_defect_any_judge,very_low_score,True,True,True,False,False,False,False,False,True,False,False,False,True,True,True,True,True
case_CL120_EHR_042__Doubao-Seed-2.0-lite,case_CL120_EHR_042__anon_6b2aa4c748e7acc7,case_CL120_EHR_042,Doubao-Seed-2.0-lite,closed_success,8,39,8,8,2,7,6,6,True,4.0,1,2,0,9,3,,,closed,terminal_safe_episode_closed,renal_urology,stone_colic,result_return,moderate,medication_confusion_or_execution_failure,cost_transport_or_work_barrier | privacy_stigma_or_sensitive_history,high,medium,HO1 | HO2 | HO3 | HO4,2.25,1.5,4,1.6393596310755,-1.2999999999999998,low_score | very_low_score | below_strong | high_judge_disagreement | closed_but_low_score | model_specific_weakness | serious_error_any_judge | minor_or_moderate_error_any_judge | important_non_chain_defect_any_judge,very_low_score,True,True,True,False,False,False,False,False,True,False,False,False,True,True,True,True,True
case_CL120_EHR_043__Doubao-Seed-2.0-lite,case_CL120_EHR_043__anon_a77905f72de6c6d5,case_CL120_EHR_043,Doubao-Seed-2.0-lite,closed_success,25,59,25,25,1,2,2,2,True,25.0,1,1,25,0,3,,,closed,terminal_safe_episode_closed,renal_urology,anticoagulation_and_hematuria,home_execution_failure,moderate,caregiver_conflict_or_fatigue,privacy_stigma_or_sensitive_history | incomplete_patient_information,high,medium,HO1 | HO2 | HO3 | HO4,3.75,4.5,4,1.6393596310755,1.1,sparse_workspace | high_judge_disagreement | serious_error_any_judge | minor_or_moderate_error_any_judge | important_non_chain_defect_any_judge,high_judge_disagreement,False,False,False,False,False,False,True,False,True,False,False,False,False,False,True,True,True
case_CL120_EHR_044__Doubao-Seed-2.0-lite,case_CL120_EHR_044__anon_b127ab98643850bb,case_CL120_EHR_044,Doubao-Seed-2.0-lite,closed_success,33,85,33,33,2,6,5,5,True,16.5,1,10,0,34,2,,,closed,terminal_safe_episode_closed,renal_urology,ckd_med_reconciliation,home_execution_failure,moderate,document_or_image_quality_problem,incomplete_patient_information | medication_confusion_or_execution_failure,high,medium,HO1 | HO2 | HO3 | HO4,1.25,1.0,1,0.4330127018922193,-2.55,low_score | very_low_score | below_strong | closed_but_low_score | model_specific_weakness | serious_error_any_judge | minor_or_moderate_error_any_judge,very_low_score,True,True,True,False,False,False,False,False,False,False,False,False,True,True,True,True,False
case_CL120_EHR_045__Doubao-Seed-2.0-lite,case_CL120_EHR_045__anon_fd085d0da14e0230,case_CL120_EHR_045,Doubao-Seed-2.0-lite,closed_success,28,184,28,28,4,8,7,8,True,7.0,1,4,13,16,101,,,closed,terminal_safe_episode_closed,renal_urology,uti_culture_action,longitudinal_followup,moderate,delayed_or_staged_result_return,medication_confusion_or_execution_failure | caregiver_conflict_or_fatigue,high,medium,HO1 | HO2 | HO3 | HO4,2.25,1.5,4,1.6393596310755,-0.6000000000000001,low_score | very_low_score | below_strong | high_judge_disagreement | closed_but_low_score | serious_error_any_judge | minor_or_moderate_error_any_judge,very_low_score,True,True,True,False,False,False,False,False,True,False,False,False,True,False,True,True,False
case_CL120_EHR_046__Doubao-Seed-2.0-lite,case_CL120_EHR_046__anon_11118fe3bbb954e1,case_CL120_EHR_046,Doubao-Seed-2.0-lite,closed_success,29,77,29,29,1,5,4,4,True,29.0,1,1,30,0,5,,,closed,terminal_safe_episode_closed,renal_urology,aki_warning,longitudinal_followup,moderate,low_adherence_or_refusal,caregiver_conflict_or_fatigue | document_or_image_quality_problem,high,medium,HO1 | HO2 | HO3 | HO4,2,1.0,4,1.7320508075688772,-2.35,low_score | very_low_score | below_strong | sparse_workspace | high_judge_disagreement | workspace_underuse_candidate | closed_but_low_score | model_specific_weakness | serious_error_any_judge | minor_or_moderate_error_any_judge,very_low_score,True,True,True,False,False,False,True,False,True,True,False,False,True,True,True,True,False
case_CL120_EHR_047__Doubao-Seed-2.0-lite,case_CL120_EHR_047__anon_d8503402fad919e1,case_CL120_EHR_047,Doubao-Seed-2.0-lite,closed_success,21,61,21,21,1,5,4,4,True,21.0,1,1,22,0,5,,,closed,terminal_safe_episode_closed,renal_urology,stone_colic,discharge_transition,moderate,external_system_gap,document_or_image_quality_problem | delayed_or_staged_result_return,high,medium,HO1 | HO2 | HO3 | HO4,2,2.0,2,0.7071067811865476,-0.2999999999999998,low_score | very_low_score | below_strong | sparse_workspace | high_judge_disagreement | workspace_underuse_candidate | closed_but_low_score | serious_error_any_judge | minor_or_moderate_error_any_judge,very_low_score,True,True,True,False,False,False,True,False,True,True,False,False,True,False,True,True,False
case_CL120_EHR_048__Doubao-Seed-2.0-lite,case_CL120_EHR_048__anon_4c48ccbf19b4c402,case_CL120_EHR_048,Doubao-Seed-2.0-lite,closed_success,22,65,22,22,2,6,5,5,True,11.0,1,2,23,0,4,,,closed,terminal_safe_episode_closed,renal_urology,renal_function_electrolyte_and_urine_color_medication_safety,home_execution_failure,moderate,misstated_family_or_patient_information,delayed_or_staged_result_return | low_adherence_or_refusal,high,medium,HO1 | HO2 | HO3 | HO4,3,3.0,4,2.0,0.0,low_score | below_strong | high_judge_disagreement | closed_but_low_score | serious_error_any_judge | minor_or_moderate_error_any_judge,closed_but_low_score,True,False,True,False,False,False,False,False,True,False,False,False,True,False,True,True,False
case_CL120_EHR_049__Doubao-Seed-2.0-lite,case_CL120_EHR_049__anon_5b28f3b75a140d89,case_CL120_EHR_049,Doubao-Seed-2.0-lite,closed_success,5,31,5,5,2,6,5,5,True,2.5,1,2,0,6,4,,,closed,terminal_safe_episode_closed,respiratory,pulmonary_sequestration_interventional_planning_and_cost_barrier,pre_handoff,moderate,cost_transport_or_work_barrier,low_adherence_or_refusal | external_system_gap,high,medium,HO1 | HO2 | HO3 | HO4,2.5,2.0,4,1.5,-1.15,low_score | very_low_score | below_strong | high_judge_disagreement | closed_but_low_score | model_specific_weakness | serious_error_any_judge | minor_or_moderate_error_any_judge | important_non_chain_defect_any_judge,very_low_score,True,True,True,False,False,False,False,False,True,False,False,False,True,True,True,True,True
case_CL120_EHR_050__Doubao-Seed-2.0-lite,case_CL120_EHR_050__anon_1a9fcd9093b362c4,case_CL120_EHR_050,Doubao-Seed-2.0-lite,closed_success,13,54,13,13,3,8,7,7,True,4.333333333333333,1,3,14,0,5,,,closed,terminal_safe_episode_closed,gastro_hepatology,viral_hepatitis_cirrhosis,post_handoff,heavy,privacy_stigma_or_sensitive_history,external_system_gap | misstated_family_or_patient_information,high,long,HO1 | HO2 | HO3 | HO4,1.5,1.0,2,0.8660254037844386,-1.0,low_score | very_low_score | below_strong | high_judge_disagreement | closed_but_low_score | model_specific_weakness | serious_error_any_judge | minor_or_moderate_error_any_judge | important_non_chain_defect_any_judge,very_low_score,True,True,True,False,False,False,False,False,True,False,False,False,True,True,True,True,True
case_CL120_EHR_051__Doubao-Seed-2.0-lite,case_CL120_EHR_051__anon_e29369f8fdca4eca,case_CL120_EHR_051,Doubao-Seed-2.0-lite,closed_success,7,33,7,7,2,6,5,5,True,3.5,1,2,8,0,2,,,closed,terminal_safe_episode_closed,gastro_hepatology,abdominal_pain,post_handoff,heavy,incomplete_patient_information,misstated_family_or_patient_information | cost_transport_or_work_barrier,high,long,HO1 | HO2 | HO3 | HO4,3,3.0,4,1.5811388300841898,0.1499999999999999,low_score | below_strong | high_judge_disagreement | closed_but_low_score | serious_error_any_judge | minor_or_moderate_error_any_judge | important_non_chain_defect_any_judge,closed_but_low_score,True,False,True,False,False,False,False,False,True,False,False,False,True,False,True,True,True
case_CL120_EHR_052__Doubao-Seed-2.0-lite,case_CL120_EHR_052__anon_c3ac9a8cdee2654c,case_CL120_EHR_052,Doubao-Seed-2.0-lite,closed_success,40,100,40,40,1,5,4,4,True,40.0,1,1,41,0,6,,,closed,terminal_safe_episode_closed,gastro_hepatology,pancreatitis,result_return,extreme,medication_confusion_or_execution_failure,cost_transport_or_work_barrier | privacy_stigma_or_sensitive_history,high,extra_long,HO1 | HO2 | HO3 | HO4,3.25,3.5,4,1.7853571071357126,0.6499999999999999,below_strong | sparse_workspace | high_judge_disagreement | workspace_underuse_candidate | serious_error_any_judge | minor_or_moderate_error_any_judge | important_non_chain_defect_any_judge,workspace_underuse_candidate,False,False,True,False,False,False,True,False,True,True,False,False,False,False,True,True,True
case_CL120_EHR_053__Doubao-Seed-2.0-lite,case_CL120_EHR_053__anon_85428fcf97f1f28a,case_CL120_EHR_053,Doubao-Seed-2.0-lite,closed_success,4,29,4,4,2,6,5,5,True,2.0,1,2,5,0,4,,,closed,terminal_safe_episode_closed,renal_urology,lupus_nephritis_steroid_and_followup_after_negative_covid_result,result_return,light,caregiver_conflict_or_fatigue,privacy_stigma_or_sensitive_history | incomplete_patient_information,high,medium,HO1 | HO2 | HO3 | HO4,3.5,3.5,3,1.5,-0.3500000000000001,below_strong | high_judge_disagreement | minor_or_moderate_error_any_judge | important_non_chain_defect_any_judge,high_judge_disagreement,False,False,True,False,False,False,False,False,True,False,False,False,False,False,False,True,True
case_CL120_EHR_054__Doubao-Seed-2.0-lite,case_CL120_EHR_054__anon_ac5a39ee38b6aa57,case_CL120_EHR_054,Doubao-Seed-2.0-lite,closed_success,4,36,4,4,2,8,7,7,True,2.0,1,2,5,0,5,,,closed,terminal_safe_episode_closed,gastro_hepatology,gi_bleeding,home_execution_failure,light,document_or_image_quality_problem,incomplete_patient_information | medication_confusion_or_execution_failure,high,medium,HO1 | HO2 | HO3 | HO4,1.75,1.0,3,1.299038105676658,-1.2000000000000002,low_score | very_low_score | below_strong | high_judge_disagreement | closed_but_low_score | model_specific_weakness | serious_error_any_judge | minor_or_moderate_error_any_judge,very_low_score,True,True,True,False,False,False,False,False,True,False,False,False,True,True,True,True,False
case_CL120_EHR_055__Doubao-Seed-2.0-lite,case_CL120_EHR_055__anon_1ba4a077e25dcd78,case_CL120_EHR_055,Doubao-Seed-2.0-lite,closed_success,21,65,21,21,2,6,5,5,True,10.5,1,2,22,0,6,,,closed,terminal_safe_episode_closed,gastro_hepatology,viral_hepatitis_cirrhosis,home_execution_failure,light,delayed_or_staged_result_return,medication_confusion_or_execution_failure | caregiver_conflict_or_fatigue,high,medium,HO1 | HO2 | HO3 | HO4,2.25,2.0,3,1.0897247358851685,-1.6,low_score | very_low_score | below_strong | high_judge_disagreement | closed_but_low_score | model_specific_weakness | serious_error_any_judge | minor_or_moderate_error_any_judge | important_non_chain_defect_any_judge,very_low_score,True,True,True,False,False,False,False,False,True,False,False,False,True,True,True,True,True
case_CL120_EHR_056__Doubao-Seed-2.0-lite,case_CL120_EHR_056__anon_6d671eddc1bc9af7,case_CL120_EHR_056,Doubao-Seed-2.0-lite,closed_success,12,43,12,12,1,5,4,4,True,12.0,1,1,13,0,5,,,closed,terminal_safe_episode_closed,gastro_hepatology,abdominal_pain,longitudinal_followup,light,low_adherence_or_refusal,caregiver_conflict_or_fatigue | document_or_image_quality_problem,high,medium,HO1 | HO2 | HO3 | HO4,2.75,2.5,4,1.7853571071357126,-1.1,low_score | very_low_score | below_strong | sparse_workspace | high_judge_disagreement | workspace_underuse_candidate | closed_but_low_score | model_specific_weakness | serious_error_any_judge,very_low_score,True,True,True,False,False,False,True,False,True,True,False,False,True,True,True,False,False
case_CL120_EHR_057__Doubao-Seed-2.0-lite,case_CL120_EHR_057__anon_0d9398f2094eff1a,case_CL120_EHR_057,Doubao-Seed-2.0-lite,closed_success,4,24,4,4,1,5,4,4,True,4.0,1,1,0,5,2,,,closed,terminal_safe_episode_closed,gastro_hepatology,pancreatitis,discharge_transition,light,external_system_gap,document_or_image_quality_problem | delayed_or_staged_result_return,high,medium,HO1 | HO2 | HO3 | HO4,2.5,2.5,1,0.5,0.1499999999999999,low_score | very_low_score | below_strong | sparse_workspace | workspace_underuse_candidate | closed_but_low_score | minor_or_moderate_error_any_judge,very_low_score,True,True,True,False,False,False,True,False,False,True,False,False,True,False,False,True,False
case_CL120_EHR_058__Doubao-Seed-2.0-lite,case_CL120_EHR_058__anon_bc762a43941aa4e1,case_CL120_EHR_058,Doubao-Seed-2.0-lite,closed_success,3,21,3,3,2,3,3,3,True,1.5,1,2,4,0,5,,,closed,terminal_safe_episode_closed,gastro_hepatology,colonoscopy_or_pathology_followup,discharge_transition,moderate,misstated_family_or_patient_information,delayed_or_staged_result_return | low_adherence_or_refusal,high,medium,HO1 | HO2 | HO3 | HO4,1.25,1.0,1,0.4330127018922193,-1.4,low_score | very_low_score | below_strong | closed_but_low_score | model_specific_weakness | serious_error_any_judge | minor_or_moderate_error_any_judge | important_non_chain_defect_any_judge,very_low_score,True,True,True,False,False,False,False,False,False,False,False,False,True,True,True,True,True
case_CL120_EHR_059__Doubao-Seed-2.0-lite,case_CL120_EHR_059__anon_87d5f1805bfe1d27,case_CL120_EHR_059,Doubao-Seed-2.0-lite,closed_success,19,52,19,19,2,3,3,3,True,9.5,1,2,0,20,4,,,closed,terminal_safe_handoff_closed,gastro_hepatology,gi_bleeding,pre_handoff,moderate,cost_transport_or_work_barrier,low_adherence_or_refusal | external_system_gap,high,medium,HO1 | HO2 | HO3 | HO4,2.25,1.5,4,1.6393596310755,-1.65,low_score | very_low_score | below_strong | high_judge_disagreement | closed_but_low_score | model_specific_weakness | serious_error_any_judge | minor_or_moderate_error_any_judge,very_low_score,True,True,True,False,False,False,False,False,True,False,False,False,True,True,True,True,False
case_CL120_EHR_060__Doubao-Seed-2.0-lite,case_CL120_EHR_060__anon_f517fa3fc71c83f7,case_CL120_EHR_060,Doubao-Seed-2.0-lite,runtime_error,1,2,1,1,0,0,0,0,False,,,,1,0,0,content_filter_400,RuntimeError,open,,gastro_hepatology,viral_hepatitis_cirrhosis,pre_handoff,moderate,privacy_stigma_or_sensitive_history,external_system_gap | misstated_family_or_patient_information,high,medium,HO1 | HO2 | HO3 | HO4,1.25,1.0,1,0.4330127018922193,-0.30000000000000004,low_score | very_low_score | below_strong | no_workspace | sparse_workspace | workspace_underuse_candidate | serious_error_any_judge | minor_or_moderate_error_any_judge | important_non_chain_defect_any_judge,runtime_error,True,True,True,False,False,True,True,False,False,True,False,False,False,False,True,True,True
case_CL120_EHR_061__Doubao-Seed-2.0-lite,case_CL120_EHR_061__anon_363607d1ec428fea,case_CL120_EHR_061,Doubao-Seed-2.0-lite,closed_success,15,50,15,15,2,6,5,5,True,7.5,1,2,16,0,3,,,closed,terminal_safe_episode_closed,neurology,stroke_tia,post_handoff,moderate,incomplete_patient_information,misstated_family_or_patient_information | cost_transport_or_work_barrier,high,medium,HO1 | HO2 | HO3 | HO4,2,1.0,4,1.7320508075688772,-1.9,low_score | very_low_score | below_strong | high_judge_disagreement | closed_but_low_score | model_specific_weakness | serious_error_any_judge,very_low_score,True,True,True,False,False,False,False,False,True,False,False,False,True,True,True,False,False
case_CL120_EHR_062__Doubao-Seed-2.0-lite,case_CL120_EHR_062__anon_20c6f4fddfdc9278,case_CL120_EHR_062,Doubao-Seed-2.0-lite,closed_success,4,19,4,4,1,2,2,2,True,4.0,1,1,5,0,4,,,closed,terminal_safe_episode_closed,neurology,limb_numbness_weakness_preoperative_medication_and_followup,pre_handoff,moderate,medication_confusion_or_execution_failure,cost_transport_or_work_barrier | privacy_stigma_or_sensitive_history,high,medium,HO1 | HO2 | HO3 | HO4,3.25,3.0,3,1.299038105676658,-0.5,low_score | below_strong | sparse_workspace | high_judge_disagreement | workspace_underuse_candidate | closed_but_low_score | minor_or_moderate_error_any_judge,workspace_underuse_candidate,True,False,True,False,False,False,True,False,True,True,False,False,True,False,False,True,False
case_CL120_EHR_063__Doubao-Seed-2.0-lite,case_CL120_EHR_063__anon_ec7d674e0b2f8245,case_CL120_EHR_063,Doubao-Seed-2.0-lite,closed_success,6,19,6,6,1,1,1,1,True,6.0,1,1,7,0,3,,,closed,terminal_safe_episode_closed,neurology,headache_red_flag,result_return,moderate,caregiver_conflict_or_fatigue,privacy_stigma_or_sensitive_history | incomplete_patient_information,high,medium,HO1 | HO2 | HO3 | HO4,2.25,1.5,4,1.6393596310755,-1.0,low_score | very_low_score | below_strong | sparse_workspace | high_judge_disagreement | workspace_underuse_candidate | closed_but_low_score | model_specific_weakness | serious_error_any_judge | minor_or_moderate_error_any_judge,very_low_score,True,True,True,False,False,False,True,False,True,True,False,False,True,True,True,True,False
case_CL120_EHR_064__Doubao-Seed-2.0-lite,case_CL120_EHR_064__anon_f7f18c7cca0ae2ec,case_CL120_EHR_064,Doubao-Seed-2.0-lite,closed_success,9,49,9,9,2,9,8,8,True,4.5,1,2,9,0,6,,,closed,terminal_safe_episode_closed,neurology,dementia_delirium,result_return,moderate,document_or_image_quality_problem,incomplete_patient_information | medication_confusion_or_execution_failure,high,medium,HO1 | HO2 | HO3 | HO4,2.25,1.5,4,1.6393596310755,-0.6499999999999999,low_score | very_low_score | below_strong | high_judge_disagreement | closed_but_low_score | serious_error_any_judge | minor_or_moderate_error_any_judge,very_low_score,True,True,True,False,False,False,False,False,True,False,False,False,True,False,True,True,False
case_CL120_EHR_065__Doubao-Seed-2.0-lite,case_CL120_EHR_065__anon_a2e1f9f966f8f798,case_CL120_EHR_065,Doubao-Seed-2.0-lite,closed_success,13,42,13,13,2,4,4,4,True,6.5,1,2,13,1,3,,,closed,terminal_safe_episode_closed,neurology,neuropathy_or_fall,home_execution_failure,moderate,delayed_or_staged_result_return,medication_confusion_or_execution_failure | caregiver_conflict_or_fatigue,high,medium,HO1 | HO2 | HO3 | HO4,2,1.0,4,1.7320508075688772,-1.4500000000000002,low_score | very_low_score | below_strong | high_judge_disagreement | closed_but_low_score | model_specific_weakness | serious_error_any_judge | minor_or_moderate_error_any_judge,very_low_score,True,True,True,False,False,False,False,False,True,False,False,False,True,True,True,True,False
case_CL120_EHR_066__Doubao-Seed-2.0-lite,case_CL120_EHR_066__anon_813949cdf463bbb5,case_CL120_EHR_066,Doubao-Seed-2.0-lite,closed_success,7,31,7,7,1,5,4,4,True,7.0,1,1,8,0,3,,,closed,terminal_safe_episode_closed,neurology,stroke_tia,home_execution_failure,moderate,low_adherence_or_refusal,caregiver_conflict_or_fatigue | document_or_image_quality_problem,high,medium,HO1 | HO2 | HO3 | HO4,2.25,1.5,4,1.6393596310755,-2.0,low_score | very_low_score | below_strong | sparse_workspace | high_judge_disagreement | workspace_underuse_candidate | closed_but_low_score | model_specific_weakness | serious_error_any_judge | minor_or_moderate_error_any_judge,very_low_score,True,True,True,False,False,False,True,False,True,True,False,False,True,True,True,True,False
case_CL120_EHR_067__Doubao-Seed-2.0-lite,case_CL120_EHR_067__anon_66b48ef3adacc52b,case_CL120_EHR_067,Doubao-Seed-2.0-lite,closed_success,29,69,29,29,2,2,2,2,True,14.5,1,2,30,0,4,,,closed,terminal_safe_episode_closed,neurology,seizure,longitudinal_followup,heavy,external_system_gap,document_or_image_quality_problem | delayed_or_staged_result_return,high,long,HO1 | HO2 | HO3 | HO4,2.25,1.5,4,1.6393596310755,-1.65,low_score | very_low_score | below_strong | high_judge_disagreement | closed_but_low_score | model_specific_weakness | serious_error_any_judge | minor_or_moderate_error_any_judge | important_non_chain_defect_any_judge,very_low_score,True,True,True,False,False,False,False,False,True,False,False,False,True,True,True,True,True
case_CL120_EHR_068__Doubao-Seed-2.0-lite,case_CL120_EHR_068__anon_28531418c48a59ab,case_CL120_EHR_068,Doubao-Seed-2.0-lite,closed_success,32,87,32,32,3,7,6,6,True,10.666666666666666,1,3,33,0,3,,,closed,terminal_safe_episode_closed,neurology,headache_red_flag,discharge_transition,heavy,misstated_family_or_patient_information,delayed_or_staged_result_return | low_adherence_or_refusal,high,long,HO1 | HO2 | HO3 | HO4,4.25,5.0,3,1.299038105676658,0.9500000000000002,high_judge_disagreement | minor_or_moderate_error_any_judge,high_judge_disagreement,False,False,False,False,False,False,False,False,True,False,False,False,False,False,False,True,False
case_CL120_EHR_069__Doubao-Seed-2.0-lite,case_CL120_EHR_069__anon_4054e9531cff1a9b,case_CL120_EHR_069,Doubao-Seed-2.0-lite,closed_success,19,47,19,19,1,2,2,2,True,19.0,1,1,20,0,2,,,closed,terminal_safe_episode_closed,neurology,dementia_delirium,discharge_transition,extreme,cost_transport_or_work_barrier,low_adherence_or_refusal | external_system_gap,high,extra_long,HO1 | HO2 | HO3 | HO4,2.25,1.5,4,1.6393596310755,-1.65,low_score | very_low_score | below_strong | sparse_workspace | high_judge_disagreement | workspace_underuse_candidate | closed_but_low_score | model_specific_weakness | serious_error_any_judge | minor_or_moderate_error_any_judge | important_non_chain_defect_any_judge,very_low_score,True,True,True,False,False,False,True,False,True,True,False,False,True,True,True,True,True
case_CL120_EHR_070__Doubao-Seed-2.0-lite,case_CL120_EHR_070__anon_addda45667505456,case_CL120_EHR_070,Doubao-Seed-2.0-lite,closed_success,11,32,11,11,2,3,3,3,True,5.5,1,2,12,0,0,,,closed,terminal_safe_handoff_closed,neurology,neuropathy_or_fall,pre_handoff,light,privacy_stigma_or_sensitive_history,external_system_gap | misstated_family_or_patient_information,high,short,HO1 | HO2 | HO3 | HO4,2.5,2.0,4,1.5,-1.4,low_score | very_low_score | below_strong | high_judge_disagreement | closed_but_low_score | model_specific_weakness | serious_error_any_judge | minor_or_moderate_error_any_judge | important_non_chain_defect_any_judge,very_low_score,True,True,True,False,False,False,False,False,True,False,False,False,True,True,True,True,True
case_CL120_EHR_071__Doubao-Seed-2.0-lite,case_CL120_EHR_071__anon_0228dc437d00d09e,case_CL120_EHR_071,Doubao-Seed-2.0-lite,closed_success,5,23,5,5,2,3,3,3,True,2.5,1,2,0,6,3,,,closed,terminal_safe_handoff_closed,obstetrics_gynecology,pregnancy_med_safety,pre_handoff,light,incomplete_patient_information,misstated_family_or_patient_information | cost_transport_or_work_barrier,high,short,HO1 | HO2 | HO3 | HO4,2.5,2.0,4,1.5,-0.3999999999999999,low_score | very_low_score | below_strong | high_judge_disagreement | closed_but_low_score | serious_error_any_judge | minor_or_moderate_error_any_judge | important_non_chain_defect_any_judge,very_low_score,True,True,True,False,False,False,False,False,True,False,False,False,True,False,True,True,True
case_CL120_EHR_072__Doubao-Seed-2.0-lite,case_CL120_EHR_072__anon_8cac0ff94b09f5d2,case_CL120_EHR_072,Doubao-Seed-2.0-lite,closed_success,24,68,24,24,2,6,5,5,True,12.0,1,2,25,0,3,,,closed,terminal_safe_episode_closed,obstetrics_gynecology,ectopic_or_bleeding,post_handoff,light,medication_confusion_or_execution_failure,cost_transport_or_work_barrier | privacy_stigma_or_sensitive_history,high,medium,HO1 | HO2 | HO3 | HO4,2.25,1.5,4,1.6393596310755,-2.0,low_score | very_low_score | below_strong | high_judge_disagreement | closed_but_low_score | model_specific_weakness | serious_error_any_judge | minor_or_moderate_error_any_judge,very_low_score,True,True,True,False,False,False,False,False,True,False,False,False,True,True,True,True,False
case_CL120_EHR_073__Doubao-Seed-2.0-lite,case_CL120_EHR_073__anon_193a7a0f55d90a9e,case_CL120_EHR_073,Doubao-Seed-2.0-lite,closed_success,13,32,13,13,1,1,1,1,True,13.0,1,1,14,0,2,,,closed,terminal_safe_episode_closed,obstetrics_gynecology,postpartum_warning,post_handoff,light,caregiver_conflict_or_fatigue,privacy_stigma_or_sensitive_history | incomplete_patient_information,high,medium,HO1 | HO2 | HO3 | HO4,3.5,3.5,3,1.5,-0.5499999999999998,below_strong | sparse_workspace | high_judge_disagreement | workspace_underuse_candidate | minor_or_moderate_error_any_judge | important_non_chain_defect_any_judge,workspace_underuse_candidate,False,False,True,False,False,False,True,False,True,True,False,False,False,False,False,True,True
case_CL120_EHR_074__Doubao-Seed-2.0-lite,case_CL120_EHR_074__anon_1107361801672c49,case_CL120_EHR_074,Doubao-Seed-2.0-lite,closed_success,10,53,10,10,4,10,9,9,True,2.5,1,4,0,11,4,,,closed,terminal_safe_episode_closed,obstetrics_gynecology,gynecologic_mass_pathway,result_return,light,document_or_image_quality_problem,incomplete_patient_information | medication_confusion_or_execution_failure,high,medium,HO1 | HO2 | HO3 | HO4,3,3.0,4,1.5811388300841898,-0.6499999999999999,low_score | below_strong | high_judge_disagreement | closed_but_low_score | serious_error_any_judge | minor_or_moderate_error_any_judge | important_non_chain_defect_any_judge,closed_but_low_score,True,False,True,False,False,False,False,False,True,False,False,False,True,False,True,True,True
case_CL120_EHR_075__Doubao-Seed-2.0-lite,case_CL120_EHR_075__anon_7c9a17f809b602c9,case_CL120_EHR_075,Doubao-Seed-2.0-lite,closed_success,8,36,8,8,2,5,5,5,True,4.0,1,2,0,8,5,,,closed,terminal_safe_episode_closed,obstetrics_gynecology,pregnancy_med_safety,result_return,moderate,delayed_or_staged_result_return,medication_confusion_or_execution_failure | caregiver_conflict_or_fatigue,high,medium,HO1 | HO2 | HO3 | HO4,2.5,2.0,2,0.8660254037844386,-0.8500000000000001,low_score | very_low_score | below_strong | high_judge_disagreement | closed_but_low_score | minor_or_moderate_error_any_judge,very_low_score,True,True,True,False,False,False,False,False,True,False,False,False,True,False,False,True,False
case_CL120_EHR_076__Doubao-Seed-2.0-lite,case_CL120_EHR_076__anon_2dec2dcded3bee23,case_CL120_EHR_076,Doubao-Seed-2.0-lite,closed_success,69,153,69,69,2,2,2,2,True,34.5,1,4,0,70,8,,,closed,terminal_safe_episode_closed,obstetrics_gynecology,ectopic_or_bleeding,home_execution_failure,moderate,low_adherence_or_refusal,caregiver_conflict_or_fatigue | document_or_image_quality_problem,high,medium,HO1 | HO2 | HO3 | HO4,4.25,5.0,3,1.299038105676658,1.75,high_turn | high_judge_disagreement | minor_or_moderate_error_any_judge,high_judge_disagreement,False,False,False,True,False,False,False,False,True,False,False,False,False,False,False,True,False
case_CL120_EHR_077__Doubao-Seed-2.0-lite,case_CL120_EHR_077__anon_f512c90321c85590,case_CL120_EHR_077,Doubao-Seed-2.0-lite,closed_success,6,27,6,6,2,3,1,3,True,3.0,1,4,0,7,5,,,closed,terminal_safe_episode_closed,obstetrics_gynecology,postpartum_warning,home_execution_failure,moderate,external_system_gap,document_or_image_quality_problem | delayed_or_staged_result_return,high,medium,HO1 | HO2 | HO3 | HO4,2.75,2.0,3,1.299038105676658,-1.0,low_score | very_low_score | below_strong | high_judge_disagreement | closed_but_low_score | model_specific_weakness | minor_or_moderate_error_any_judge | important_non_chain_defect_any_judge,very_low_score,True,True,True,False,False,False,False,False,True,False,False,False,True,True,False,True,True
case_CL120_EHR_078__Doubao-Seed-2.0-lite,case_CL120_EHR_078__anon_f06d54a898736393,case_CL120_EHR_078,Doubao-Seed-2.0-lite,closed_success,8,33,8,8,1,5,4,4,True,8.0,1,1,9,0,3,,,closed,terminal_safe_handoff_closed,obstetrics_gynecology,gynecologic_mass_pathway,longitudinal_followup,moderate,misstated_family_or_patient_information,delayed_or_staged_result_return | low_adherence_or_refusal,high,medium,HO1 | HO2 | HO3 | HO4,3.25,3.0,3,1.299038105676658,-0.7999999999999998,low_score | below_strong | sparse_workspace | high_judge_disagreement | workspace_underuse_candidate | closed_but_low_score | minor_or_moderate_error_any_judge | important_non_chain_defect_any_judge,workspace_underuse_candidate,True,False,True,False,False,False,True,False,True,True,False,False,True,False,False,True,True
case_CL120_EHR_079__Doubao-Seed-2.0-lite,case_CL120_EHR_079__anon_c62839f7a6073760,case_CL120_EHR_079,Doubao-Seed-2.0-lite,closed_success,34,181,34,34,3,7,6,7,True,11.333333333333334,1,3,34,1,91,,,closed,terminal_safe_episode_closed,pediatrics,fever_dehydration,discharge_transition,moderate,cost_transport_or_work_barrier,low_adherence_or_refusal | external_system_gap,high,medium,HO1 | HO2 | HO3 | HO4,2.75,2.0,3,1.299038105676658,-0.5499999999999998,low_score | very_low_score | below_strong | high_judge_disagreement | closed_but_low_score | minor_or_moderate_error_any_judge | important_non_chain_defect_any_judge,very_low_score,True,True,True,False,False,False,False,False,True,False,False,False,True,False,False,True,True
case_CL120_EHR_080__Doubao-Seed-2.0-lite,case_CL120_EHR_080__anon_7049463437f6cba8,case_CL120_EHR_080,Doubao-Seed-2.0-lite,closed_success,10,39,10,10,3,5,5,5,True,3.3333333333333335,1,4,11,0,3,,,closed,terminal_safe_episode_closed,pediatrics,type1_diabetes_vomiting,discharge_transition,moderate,privacy_stigma_or_sensitive_history,external_system_gap | misstated_family_or_patient_information,high,medium,HO1 | HO2 | HO3 | HO4,1.5,1.5,1,0.5,-0.8500000000000001,low_score | very_low_score | below_strong | closed_but_low_score | serious_error_any_judge | minor_or_moderate_error_any_judge | important_non_chain_defect_any_judge,very_low_score,True,True,True,False,False,False,False,False,False,False,False,False,True,False,True,True,True
case_CL120_EHR_081__Doubao-Seed-2.0-lite,case_CL120_EHR_081__anon_60cd6d3896bc9615,case_CL120_EHR_081,Doubao-Seed-2.0-lite,closed_success,5,21,5,5,1,2,2,2,True,5.0,1,1,6,0,4,,,closed,terminal_safe_episode_closed,pediatrics,short_stature_growth_hormone_deficiency_and_scoliosis_followup,discharge_transition,moderate,incomplete_patient_information,misstated_family_or_patient_information | cost_transport_or_work_barrier,high,medium,HO1 | HO2 | HO3 | HO4,2.5,2.0,4,1.5,-1.2000000000000002,low_score | very_low_score | below_strong | sparse_workspace | high_judge_disagreement | workspace_underuse_candidate | closed_but_low_score | model_specific_weakness | serious_error_any_judge | minor_or_moderate_error_any_judge | important_non_chain_defect_any_judge,very_low_score,True,True,True,False,False,False,True,False,True,True,False,False,True,True,True,True,True
case_CL120_EHR_082__Doubao-Seed-2.0-lite,case_CL120_EHR_082__anon_a55a0aed188a3086,case_CL120_EHR_082,Doubao-Seed-2.0-lite,closed_success,6,42,6,6,2,10,8,8,True,3.0,1,2,7,0,3,,,closed,terminal_safe_episode_closed,pediatrics,caregiver_medication_error,pre_handoff,moderate,medication_confusion_or_execution_failure,cost_transport_or_work_barrier | privacy_stigma_or_sensitive_history,high,medium,HO1 | HO2 | HO3 | HO4,2.25,2.0,3,1.0897247358851685,-0.9500000000000002,low_score | very_low_score | below_strong | high_judge_disagreement | closed_but_low_score | serious_error_any_judge | minor_or_moderate_error_any_judge | important_non_chain_defect_any_judge,very_low_score,True,True,True,False,False,False,False,False,True,False,False,False,True,False,True,True,True
case_CL120_EHR_083__Doubao-Seed-2.0-lite,case_CL120_EHR_083__anon_990f77da1659e14b,case_CL120_EHR_083,Doubao-Seed-2.0-lite,closed_success,7,19,7,7,1,1,1,1,True,7.0,1,1,8,0,1,,,closed,terminal_safe_episode_closed,pediatrics,fever_dehydration,post_handoff,moderate,caregiver_conflict_or_fatigue,privacy_stigma_or_sensitive_history | incomplete_patient_information,high,medium,HO1 | HO2 | HO3 | HO4,2.25,2.0,3,1.0897247358851685,-1.0,low_score | very_low_score | below_strong | sparse_workspace | high_judge_disagreement | workspace_underuse_candidate | closed_but_low_score | model_specific_weakness | serious_error_any_judge | minor_or_moderate_error_any_judge,very_low_score,True,True,True,False,False,False,True,False,True,True,False,False,True,True,True,True,False
case_CL120_EHR_084__Doubao-Seed-2.0-lite,case_CL120_EHR_084__anon_1575d7949c3ee4cc,case_CL120_EHR_084,Doubao-Seed-2.0-lite,closed_success,28,73,28,28,1,5,4,4,True,28.0,1,1,29,0,3,,,closed,terminal_safe_episode_closed,pediatrics,type1_diabetes_vomiting,post_handoff,heavy,document_or_image_quality_problem,incomplete_patient_information | medication_confusion_or_execution_failure,high,long,HO1 | HO2 | HO3 | HO4,3.25,3.0,3,1.299038105676658,0.04999999999999982,low_score | below_strong | sparse_workspace | high_judge_disagreement | workspace_underuse_candidate | closed_but_low_score | minor_or_moderate_error_any_judge | important_non_chain_defect_any_judge,workspace_underuse_candidate,True,False,True,False,False,False,True,False,True,True,False,False,True,False,False,True,True
case_CL120_EHR_085__Doubao-Seed-2.0-lite,case_CL120_EHR_085__anon_9aa0d84e72f11cd1,case_CL120_EHR_085,Doubao-Seed-2.0-lite,closed_success,14,62,14,14,2,9,8,8,True,7.0,1,2,15,0,8,,,closed,terminal_safe_episode_closed,pediatrics,asthma_child,result_return,heavy,delayed_or_staged_result_return,medication_confusion_or_execution_failure | caregiver_conflict_or_fatigue,high,long,HO1 | HO2 | HO3 | HO4,3.5,3.5,3,1.5,0.7000000000000002,below_strong | high_judge_disagreement | minor_or_moderate_error_any_judge | important_non_chain_defect_any_judge,high_judge_disagreement,False,False,True,False,False,False,False,False,True,False,False,False,False,False,False,True,True
case_CL120_EHR_086__Doubao-Seed-2.0-lite,case_CL120_EHR_086__anon_2f922c375c1033a5,case_CL120_EHR_086,Doubao-Seed-2.0-lite,closed_success,13,51,13,13,3,7,7,7,True,4.333333333333333,1,10,14,0,3,,,closed,terminal_safe_episode_closed,pediatrics,caregiver_medication_error,result_return,heavy,low_adherence_or_refusal,caregiver_conflict_or_fatigue | document_or_image_quality_problem,high,long,HO1 | HO2 | HO3 | HO4,2,1.0,4,1.7320508075688772,-2.7,low_score | very_low_score | below_strong | high_judge_disagreement | closed_but_low_score | model_specific_weakness | serious_error_any_judge | minor_or_moderate_error_any_judge | important_non_chain_defect_any_judge,very_low_score,True,True,True,False,False,False,False,False,True,False,False,False,True,True,True,True,True
case_CL120_EHR_087__Doubao-Seed-2.0-lite,case_CL120_EHR_087__anon_8968c7b92a3fba2b,case_CL120_EHR_087,Doubao-Seed-2.0-lite,closed_success,22,53,22,22,1,1,1,1,True,22.0,1,1,0,23,5,,,closed,terminal_safe_episode_closed,oncology_hematology,new_mass_staging,home_execution_failure,light,external_system_gap,document_or_image_quality_problem | delayed_or_staged_result_return,high,medium,HO1 | HO2 | HO3 | HO4,3.5,3.5,3,1.5,0.5499999999999998,below_strong | sparse_workspace | high_judge_disagreement | workspace_underuse_candidate | minor_or_moderate_error_any_judge | important_non_chain_defect_any_judge,workspace_underuse_candidate,False,False,True,False,False,False,True,False,True,True,False,False,False,False,False,True,True
case_CL120_EHR_088__Doubao-Seed-2.0-lite,case_CL120_EHR_088__anon_cfbac8c9b2c92f43,case_CL120_EHR_088,Doubao-Seed-2.0-lite,closed_success,7,36,7,7,2,7,6,6,True,3.5,1,2,8,0,2,,,closed,terminal_safe_episode_closed,oncology_hematology,chemotherapy_complication,home_execution_failure,light,misstated_family_or_patient_information,delayed_or_staged_result_return | low_adherence_or_refusal,high,medium,HO1 | HO2 | HO3 | HO4,2,1.0,4,1.7320508075688772,-1.5,low_score | very_low_score | below_strong | high_judge_disagreement | closed_but_low_score | model_specific_weakness | serious_error_any_judge | minor_or_moderate_error_any_judge,very_low_score,True,True,True,False,False,False,False,False,True,False,False,False,True,True,True,True,False
case_CL120_EHR_089__Doubao-Seed-2.0-lite,case_CL120_EHR_089__anon_c4475d021f7613a8,case_CL120_EHR_089,Doubao-Seed-2.0-lite,open_at_100,100,215,100,100,1,4,4,4,True,100.0,1,1,101,0,2,,,open,open_with_critical_safety_event,oncology_hematology,anemia_bleeding,longitudinal_followup,light,cost_transport_or_work_barrier,low_adherence_or_refusal | external_system_gap,high,medium,HO1 | HO2 | HO3 | HO4,3.75,4.0,3,1.0897247358851685,0.0,high_turn | very_high_turn | sparse_workspace | high_judge_disagreement | minor_or_moderate_error_any_judge | important_non_chain_defect_any_judge,open_at_100,False,False,False,True,True,False,True,False,True,False,False,False,False,False,False,True,True
case_CL120_EHR_090__Doubao-Seed-2.0-lite,case_CL120_EHR_090__anon_232af6e3cbf9405e,case_CL120_EHR_090,Doubao-Seed-2.0-lite,closed_success,11,38,11,11,2,4,4,4,True,5.5,1,2,12,0,3,,,closed,terminal_safe_episode_closed,oncology_hematology,palliative_transition,discharge_transition,light,privacy_stigma_or_sensitive_history,external_system_gap | misstated_family_or_patient_information,high,medium,HO1 | HO2 | HO3 | HO4,3.25,3.0,3,1.299038105676658,-0.04999999999999982,low_score | below_strong | high_judge_disagreement | closed_but_low_score | minor_or_moderate_error_any_judge | important_non_chain_defect_any_judge,closed_but_low_score,True,False,True,False,False,False,False,False,True,False,False,False,True,False,False,True,True
case_CL120_EHR_091__Doubao-Seed-2.0-lite,case_CL120_EHR_091__anon_4a854f5902720812,case_CL120_EHR_091,Doubao-Seed-2.0-lite,closed_success,11,26,11,11,1,1,1,1,True,11.0,1,1,4,8,0,,,closed,terminal_bounded_episode_closed,oncology_hematology,family_disclosure,discharge_transition,light,incomplete_patient_information,misstated_family_or_patient_information | cost_transport_or_work_barrier,high,medium,HO1 | HO2 | HO3 | HO4,2,1.0,4,1.7320508075688772,-1.4,low_score | very_low_score | below_strong | sparse_workspace | high_judge_disagreement | workspace_underuse_candidate | closed_but_low_score | model_specific_weakness | serious_error_any_judge | minor_or_moderate_error_any_judge | important_non_chain_defect_any_judge,very_low_score,True,True,True,False,False,False,True,False,True,True,False,False,True,True,True,True,True
case_CL120_EHR_092__Doubao-Seed-2.0-lite,case_CL120_EHR_092__anon_491b8efb72644ae2,case_CL120_EHR_092,Doubao-Seed-2.0-lite,closed_success,11,40,11,11,2,6,5,5,True,5.5,1,2,12,0,1,,,closed,terminal_safe_handoff_closed,oncology_hematology,new_mass_staging,pre_handoff,light,medication_confusion_or_execution_failure,cost_transport_or_work_barrier | privacy_stigma_or_sensitive_history,high,short,HO1 | HO2 | HO3 | HO4,3,2.5,3,1.224744871391589,-0.10000000000000009,low_score | very_low_score | below_strong | high_judge_disagreement | closed_but_low_score | minor_or_moderate_error_any_judge,very_low_score,True,True,True,False,False,False,False,False,True,False,False,False,True,False,False,True,False
case_CL120_EHR_093__Doubao-Seed-2.0-lite,case_CL120_EHR_093__anon_27976f4681ba979a,case_CL120_EHR_093,Doubao-Seed-2.0-lite,closed_success,6,22,6,6,1,2,2,2,True,6.0,1,1,7,0,3,,,closed,terminal_safe_handoff_closed,oncology_hematology,chemotherapy_complication,pre_handoff,moderate,caregiver_conflict_or_fatigue,privacy_stigma_or_sensitive_history | incomplete_patient_information,high,medium,HO1 | HO2 | HO3 | HO4,3,3.0,4,2.0,0.75,low_score | below_strong | sparse_workspace | high_judge_disagreement | workspace_underuse_candidate | closed_but_low_score | serious_error_any_judge | minor_or_moderate_error_any_judge,workspace_underuse_candidate,True,False,True,False,False,False,True,False,True,True,False,False,True,False,True,True,False
case_CL120_EHR_094__Doubao-Seed-2.0-lite,case_CL120_EHR_094__anon_b20f007c594d7339,case_CL120_EHR_094,Doubao-Seed-2.0-lite,closed_success,52,122,52,52,1,5,4,4,True,52.0,1,1,53,0,4,,,closed,terminal_safe_episode_closed,oncology_hematology,anemia_bleeding,post_handoff,moderate,document_or_image_quality_problem,incomplete_patient_information | medication_confusion_or_execution_failure,high,medium,HO1 | HO2 | HO3 | HO4,2,2.0,0,0.0,-1.2999999999999998,low_score | very_low_score | below_strong | high_turn | sparse_workspace | workspace_underuse_candidate | long_or_tool_intensive_low_score | closed_but_low_score | model_specific_weakness | minor_or_moderate_error_any_judge,very_low_score,True,True,True,True,False,False,True,False,False,True,False,True,True,True,False,True,False
case_CL120_EHR_095__Doubao-Seed-2.0-lite,case_CL120_EHR_095__anon_dc1412141f4cf330,case_CL120_EHR_095,Doubao-Seed-2.0-lite,closed_success,4,24,4,4,1,5,4,4,True,4.0,1,1,5,0,2,,,closed,terminal_safe_episode_closed,oncology_hematology,palliative_transition,post_handoff,moderate,delayed_or_staged_result_return,medication_confusion_or_execution_failure | caregiver_conflict_or_fatigue,high,medium,HO1 | HO2 | HO3 | HO4,4.25,5.0,3,1.299038105676658,2.2,sparse_workspace | high_judge_disagreement | minor_or_moderate_error_any_judge,high_judge_disagreement,False,False,False,False,False,False,True,False,True,False,False,False,False,False,False,True,False
case_CL120_EHR_096__Doubao-Seed-2.0-lite,case_CL120_EHR_096__anon_0ba69767545275f0,case_CL120_EHR_096,Doubao-Seed-2.0-lite,closed_success,4,26,4,4,1,5,4,4,True,4.0,1,1,5,0,4,,,closed,terminal_safe_episode_closed,oncology_hematology,family_disclosure,result_return,moderate,low_adherence_or_refusal,caregiver_conflict_or_fatigue | document_or_image_quality_problem,high,medium,HO1 | HO2 | HO3 | HO4,1.75,2.0,1,0.4330127018922193,-1.9500000000000002,low_score | very_low_score | below_strong | sparse_workspace | workspace_underuse_candidate | closed_but_low_score | model_specific_weakness | serious_error_any_judge | minor_or_moderate_error_any_judge | important_non_chain_defect_any_judge,very_low_score,True,True,True,False,False,False,True,False,False,True,False,False,True,True,True,True,True
case_CL120_EHR_097__Doubao-Seed-2.0-lite,case_CL120_EHR_097__anon_ea63fae64724995b,case_CL120_EHR_097,Doubao-Seed-2.0-lite,closed_success,6,25,6,6,1,2,2,2,True,6.0,1,1,7,0,6,,,closed,terminal_safe_episode_closed,infectious_disease,culture_result_action,result_return,moderate,external_system_gap,document_or_image_quality_problem | delayed_or_staged_result_return,high,medium,HO1 | HO2 | HO3 | HO4,3,3.0,4,1.5811388300841898,-0.10000000000000009,low_score | below_strong | sparse_workspace | high_judge_disagreement | workspace_underuse_candidate | closed_but_low_score | serious_error_any_judge | minor_or_moderate_error_any_judge | important_non_chain_defect_any_judge,workspace_underuse_candidate,True,False,True,False,False,False,True,False,True,True,False,False,True,False,True,True,True
case_CL120_EHR_098__Doubao-Seed-2.0-lite,case_CL120_EHR_098__anon_8c3c421c29a4347b,case_CL120_EHR_098,Doubao-Seed-2.0-lite,closed_success,28,66,28,28,1,2,2,2,True,28.0,1,1,29,0,3,,,closed,terminal_safe_episode_closed,infectious_disease,sepsis_warning,home_execution_failure,moderate,misstated_family_or_patient_information,delayed_or_staged_result_return | low_adherence_or_refusal,high,medium,HO1 | HO2 | HO3 | HO4,2.75,2.0,3,1.299038105676658,-1.7999999999999998,low_score | very_low_score | below_strong | sparse_workspace | high_judge_disagreement | workspace_underuse_candidate | closed_but_low_score | model_specific_weakness | minor_or_moderate_error_any_judge | important_non_chain_defect_any_judge,very_low_score,True,True,True,False,False,False,True,False,True,True,False,False,True,True,False,True,True
case_CL120_EHR_099__Doubao-Seed-2.0-lite,case_CL120_EHR_099__anon_241d2e8024c1d8f5,case_CL120_EHR_099,Doubao-Seed-2.0-lite,closed_success,19,50,19,19,1,2,2,2,True,19.0,1,1,20,0,5,,,closed,terminal_safe_episode_closed,infectious_disease,tb_or_hbv_stigma,home_execution_failure,moderate,cost_transport_or_work_barrier,low_adherence_or_refusal | external_system_gap,high,medium,HO1 | HO2 | HO3 | HO4,4,5.0,4,1.7320508075688772,1.4500000000000002,sparse_workspace | high_judge_disagreement | serious_error_any_judge | minor_or_moderate_error_any_judge,high_judge_disagreement,False,False,False,False,False,False,True,False,True,False,False,False,False,False,True,True,False
case_CL120_EHR_100__Doubao-Seed-2.0-lite,case_CL120_EHR_100__anon_dd4e65adba561b08,case_CL120_EHR_100,Doubao-Seed-2.0-lite,closed_success,25,73,25,25,2,6,5,5,True,12.5,1,2,0,26,6,,,closed,terminal_safe_episode_closed,infectious_disease,antibiotic_allergy_or_adherence,longitudinal_followup,moderate,privacy_stigma_or_sensitive_history,external_system_gap | misstated_family_or_patient_information,high,medium,HO1 | HO2 | HO3 | HO4,3.25,3.5,4,1.7853571071357126,0.6499999999999999,below_strong | high_judge_disagreement | serious_error_any_judge | minor_or_moderate_error_any_judge,high_judge_disagreement,False,False,True,False,False,False,False,False,True,False,False,False,False,False,True,True,False
case_CL120_EHR_101__Doubao-Seed-2.0-lite,case_CL120_EHR_101__anon_60f5e84aefed6031,case_CL120_EHR_101,Doubao-Seed-2.0-lite,closed_success,8,64,8,8,4,16,13,13,True,2.0,1,7,9,0,5,,,closed,terminal_safe_episode_closed,infectious_disease,culture_result_action,discharge_transition,heavy,incomplete_patient_information,misstated_family_or_patient_information | cost_transport_or_work_barrier,high,long,HO1 | HO2 | HO3 | HO4,2.5,2.0,4,1.5,-1.5,low_score | very_low_score | below_strong | high_judge_disagreement | closed_but_low_score | model_specific_weakness | serious_error_any_judge | minor_or_moderate_error_any_judge | important_non_chain_defect_any_judge,very_low_score,True,True,True,False,False,False,False,False,True,False,False,False,True,True,True,True,True
case_CL120_EHR_102__Doubao-Seed-2.0-lite,case_CL120_EHR_102__anon_da13dd7d5e0f0d3e,case_CL120_EHR_102,Doubao-Seed-2.0-lite,closed_success,33,86,33,33,3,6,6,6,True,11.0,1,32,0,34,1,,,closed,terminal_safe_episode_closed,infectious_disease,sepsis_warning,discharge_transition,heavy,medication_confusion_or_execution_failure,cost_transport_or_work_barrier | privacy_stigma_or_sensitive_history,high,long,HO1 | HO2 | HO3 | HO4,4,5.0,4,1.7320508075688772,1.15,high_judge_disagreement | serious_error_any_judge | minor_or_moderate_error_any_judge | important_non_chain_defect_any_judge,high_judge_disagreement,False,False,False,False,False,False,False,False,True,False,False,False,False,False,True,True,True
case_CL120_EHR_103__Doubao-Seed-2.0-lite,case_CL120_EHR_103__anon_6f4ef35b3b00d400,case_CL120_EHR_103,Doubao-Seed-2.0-lite,closed_success,9,30,9,9,2,3,3,3,True,4.5,1,2,10,0,2,,,closed,terminal_safe_episode_closed,infectious_disease,transplant_patient_hbv_tb_stigma_and_immunosuppression_safety,pre_handoff,heavy,caregiver_conflict_or_fatigue,privacy_stigma_or_sensitive_history | incomplete_patient_information,high,long,HO1 | HO2 | HO3 | HO4,3.5,3.5,3,1.5,0.20000000000000018,below_strong | high_judge_disagreement | minor_or_moderate_error_any_judge,high_judge_disagreement,False,False,True,False,False,False,False,False,True,False,False,False,False,False,False,True,False
case_CL120_EHR_104__Doubao-Seed-2.0-lite,case_CL120_EHR_104__anon_254726ee6b75dfc6,case_CL120_EHR_104,Doubao-Seed-2.0-lite,closed_success,9,30,9,9,1,2,2,2,True,9.0,1,1,10,0,5,,,closed,terminal_safe_handoff_closed,infectious_disease,antibiotic_allergy_or_adherence,pre_handoff,light,document_or_image_quality_problem,incomplete_patient_information | medication_confusion_or_execution_failure,high,short,HO1 | HO2 | HO3 | HO4,2.5,2.0,2,0.8660254037844386,-1.25,low_score | very_low_score | below_strong | sparse_workspace | high_judge_disagreement | workspace_underuse_candidate | closed_but_low_score | model_specific_weakness | minor_or_moderate_error_any_judge | important_non_chain_defect_any_judge,very_low_score,True,True,True,False,False,False,True,False,True,True,False,False,True,True,False,True,True
case_CL120_EHR_105__Doubao-Seed-2.0-lite,case_CL120_EHR_105__anon_b2d49ffe42d21b7b,case_CL120_EHR_105,Doubao-Seed-2.0-lite,closed_success,20,60,20,20,2,6,5,5,True,10.0,1,2,21,0,3,,,closed,terminal_safe_episode_closed,musculoskeletal_geriatrics,fracture_fall_prevention,post_handoff,light,delayed_or_staged_result_return,medication_confusion_or_execution_failure | caregiver_conflict_or_fatigue,high,medium,HO1 | HO2 | HO3 | HO4,2,1.5,3,1.224744871391589,-1.4,low_score | very_low_score | below_strong | high_judge_disagreement | closed_but_low_score | model_specific_weakness | serious_error_any_judge | minor_or_moderate_error_any_judge | important_non_chain_defect_any_judge,very_low_score,True,True,True,False,False,False,False,False,True,False,False,False,True,True,True,True,True
case_CL120_EHR_106__Doubao-Seed-2.0-lite,case_CL120_EHR_106__anon_89679fed218fc3fb,case_CL120_EHR_106,Doubao-Seed-2.0-lite,closed_success,21,54,21,21,2,3,3,3,True,10.5,1,2,22,0,2,,,closed,terminal_safe_episode_closed,musculoskeletal_geriatrics,osteoporosis,post_handoff,light,low_adherence_or_refusal,caregiver_conflict_or_fatigue | document_or_image_quality_problem,high,medium,HO1 | HO2 | HO3 | HO4,3,3.0,4,2.0,-0.6000000000000001,low_score | below_strong | high_judge_disagreement | closed_but_low_score | serious_error_any_judge | important_non_chain_defect_any_judge,closed_but_low_score,True,False,True,False,False,False,False,False,True,False,False,False,True,False,True,False,True
case_CL120_EHR_107__Doubao-Seed-2.0-lite,case_CL120_EHR_107__anon_f09cb615491ccb64,case_CL120_EHR_107,Doubao-Seed-2.0-lite,closed_success,12,45,12,12,2,4,4,4,True,6.0,1,2,13,0,7,,,closed,terminal_safe_episode_closed,musculoskeletal_geriatrics,polypharmacy,result_return,light,external_system_gap,document_or_image_quality_problem | delayed_or_staged_result_return,high,medium,HO1 | HO2 | HO3 | HO4,2,2.0,2,0.7071067811865476,-1.2000000000000002,low_score | very_low_score | below_strong | high_judge_disagreement | closed_but_low_score | model_specific_weakness | serious_error_any_judge | minor_or_moderate_error_any_judge | important_non_chain_defect_any_judge,very_low_score,True,True,True,False,False,False,False,False,True,False,False,False,True,True,True,True,True
case_CL120_EHR_108__Doubao-Seed-2.0-lite,case_CL120_EHR_108__anon_e592b134e199757a,case_CL120_EHR_108,Doubao-Seed-2.0-lite,closed_success,10,46,10,10,2,9,8,8,True,5.0,1,2,11,0,0,,,closed,terminal_safe_episode_closed,musculoskeletal_geriatrics,frailty_caregiver_execution,result_return,light,misstated_family_or_patient_information,delayed_or_staged_result_return | low_adherence_or_refusal,high,medium,HO1 | HO2 | HO3 | HO4,2.5,2.0,4,1.5,-0.8500000000000001,low_score | very_low_score | below_strong | high_judge_disagreement | closed_but_low_score | serious_error_any_judge | minor_or_moderate_error_any_judge,very_low_score,True,True,True,False,False,False,False,False,True,False,False,False,True,False,True,True,False
case_CL120_EHR_109__Doubao-Seed-2.0-lite,case_CL120_EHR_109__anon_2fcd549c90ddc193,case_CL120_EHR_109,Doubao-Seed-2.0-lite,closed_success,5,21,5,5,2,3,3,3,True,2.5,1,2,6,0,1,,,closed,terminal_safe_episode_closed,musculoskeletal_geriatrics,fracture_fall_prevention,home_execution_failure,light,cost_transport_or_work_barrier,low_adherence_or_refusal | external_system_gap,high,medium,HO1 | HO2 | HO3 | HO4,3,2.5,3,1.224744871391589,-0.75,low_score | very_low_score | below_strong | high_judge_disagreement | closed_but_low_score | minor_or_moderate_error_any_judge,very_low_score,True,True,True,False,False,False,False,False,True,False,False,False,True,False,False,True,False
case_CL120_EHR_110__Doubao-Seed-2.0-lite,case_CL120_EHR_110__anon_11e1fbb490c742d7,case_CL120_EHR_110,Doubao-Seed-2.0-lite,closed_success,8,29,8,8,2,4,4,4,True,4.0,1,2,9,0,0,,,closed,terminal_safe_episode_closed,musculoskeletal_geriatrics,osteoporosis,home_execution_failure,moderate,privacy_stigma_or_sensitive_history,external_system_gap | misstated_family_or_patient_information,high,medium,HO1 | HO2 | HO3 | HO4,1.75,1.5,2,0.82915619758885,-0.6499999999999999,low_score | very_low_score | below_strong | high_judge_disagreement | closed_but_low_score | serious_error_any_judge | minor_or_moderate_error_any_judge | important_non_chain_defect_any_judge,very_low_score,True,True,True,False,False,False,False,False,True,False,False,False,True,False,True,True,True
case_CL120_EHR_111__Doubao-Seed-2.0-lite,case_CL120_EHR_111__anon_dae27f15e41a8a7e,case_CL120_EHR_111,Doubao-Seed-2.0-lite,closed_success,5,25,5,5,1,5,4,4,True,5.0,1,1,6,0,1,,,closed,terminal_safe_episode_closed,musculoskeletal_geriatrics,polypharmacy,longitudinal_followup,moderate,incomplete_patient_information,misstated_family_or_patient_information | cost_transport_or_work_barrier,high,medium,HO1 | HO2 | HO3 | HO4,1.5,1.5,1,0.5,-0.8500000000000001,low_score | very_low_score | below_strong | sparse_workspace | workspace_underuse_candidate | closed_but_low_score | serious_error_any_judge | minor_or_moderate_error_any_judge | important_non_chain_defect_any_judge,very_low_score,True,True,True,False,False,False,True,False,False,True,False,False,True,False,True,True,True
case_CL120_EHR_112__Doubao-Seed-2.0-lite,case_CL120_EHR_112__anon_1054951e6d724589,case_CL120_EHR_112,Doubao-Seed-2.0-lite,closed_success,9,49,9,9,2,10,8,8,True,4.5,1,2,10,0,4,,,closed,terminal_safe_episode_closed,musculoskeletal_geriatrics,frailty_caregiver_execution,discharge_transition,moderate,medication_confusion_or_execution_failure,cost_transport_or_work_barrier | privacy_stigma_or_sensitive_history,high,medium,HO1 | HO2 | HO3 | HO4,3.5,3.5,3,1.5,-0.10000000000000009,below_strong | high_judge_disagreement | minor_or_moderate_error_any_judge | important_non_chain_defect_any_judge,high_judge_disagreement,False,False,True,False,False,False,False,False,True,False,False,False,False,False,False,True,True
case_CL120_EHR_113__Doubao-Seed-2.0-lite,case_CL120_EHR_113__anon_1f54057b05fbb09a,case_CL120_EHR_113,Doubao-Seed-2.0-lite,closed_success,8,31,8,8,2,3,3,3,True,4.0,1,3,9,0,5,,,closed,terminal_safe_episode_closed,mental_health_somatic,anxiety_depression_somatic_red_flag_and_followup,longitudinal_followup,moderate,caregiver_conflict_or_fatigue,privacy_stigma_or_sensitive_history | incomplete_patient_information,high,medium,HO1 | HO2 | HO3 | HO4,1.75,2.0,1,0.4330127018922193,-1.2999999999999998,low_score | very_low_score | below_strong | closed_but_low_score | model_specific_weakness | serious_error_any_judge | minor_or_moderate_error_any_judge,very_low_score,True,True,True,False,False,False,False,False,False,False,False,False,True,True,True,True,False
case_CL120_EHR_114__Doubao-Seed-2.0-lite,case_CL120_EHR_114__anon_c637592444b58ba3,case_CL120_EHR_114,Doubao-Seed-2.0-lite,closed_success,3,25,3,3,2,6,5,5,True,1.5,1,2,4,0,2,,,closed,terminal_safe_handoff_closed,mental_health_somatic,depression_adherence,pre_handoff,moderate,document_or_image_quality_problem,incomplete_patient_information | medication_confusion_or_execution_failure,high,medium,HO1 | HO2 | HO3 | HO4,2.5,2.0,2,0.8660254037844386,-0.5,low_score | very_low_score | below_strong | high_judge_disagreement | closed_but_low_score | minor_or_moderate_error_any_judge,very_low_score,True,True,True,False,False,False,False,False,True,False,False,False,True,False,False,True,False
case_CL120_EHR_115__Doubao-Seed-2.0-lite,case_CL120_EHR_115__anon_637372a02a6c7870,case_CL120_EHR_115,Doubao-Seed-2.0-lite,closed_success,10,62,10,10,3,8,7,8,True,3.3333333333333335,1,5,11,0,17,,,closed,terminal_safe_episode_closed,mental_health_somatic,stigma_hidden_history,pre_handoff,moderate,delayed_or_staged_result_return,medication_confusion_or_execution_failure | caregiver_conflict_or_fatigue,high,medium,HO1 | HO2 | HO3 | HO4,3,3.0,4,2.0,-0.5499999999999998,low_score | below_strong | high_judge_disagreement | closed_but_low_score | serious_error_any_judge | minor_or_moderate_error_any_judge | important_non_chain_defect_any_judge,closed_but_low_score,True,False,True,False,False,False,False,False,True,False,False,False,True,False,True,True,True
case_CL120_EHR_116__Doubao-Seed-2.0-lite,case_CL120_EHR_116__anon_c29682248acf4829,case_CL120_EHR_116,Doubao-Seed-2.0-lite,closed_success,14,41,14,14,2,3,3,3,True,7.0,1,2,15,0,3,,,closed,terminal_safe_episode_closed,mental_health_somatic,anxiety_somatic_red_flag,post_handoff,moderate,low_adherence_or_refusal,caregiver_conflict_or_fatigue | document_or_image_quality_problem,high,medium,HO1 | HO2 | HO3 | HO4,3,3.0,4,2.0,0.5,low_score | below_strong | high_judge_disagreement | closed_but_low_score | serious_error_any_judge | minor_or_moderate_error_any_judge,closed_but_low_score,True,False,True,False,False,False,False,False,True,False,False,False,True,False,True,True,False
case_CL120_EHR_117__Doubao-Seed-2.0-lite,case_CL120_EHR_117__anon_32f3248051f22919,case_CL120_EHR_117,Doubao-Seed-2.0-lite,closed_success,10,46,10,10,2,7,6,6,True,5.0,1,2,11,0,6,,,closed,terminal_safe_episode_closed,mental_health_somatic,depression_adherence,post_handoff,moderate,external_system_gap,document_or_image_quality_problem | delayed_or_staged_result_return,high,medium,HO1 | HO2 | HO3 | HO4,1.75,1.0,3,1.299038105676658,-1.4,low_score | very_low_score | below_strong | high_judge_disagreement | closed_but_low_score | model_specific_weakness | serious_error_any_judge | minor_or_moderate_error_any_judge | important_non_chain_defect_any_judge,very_low_score,True,True,True,False,False,False,False,False,True,False,False,False,True,True,True,True,True
case_CL120_EHR_118__Doubao-Seed-2.0-lite,case_CL120_EHR_118__anon_4de8fa0d2396539e,case_CL120_EHR_118,Doubao-Seed-2.0-lite,closed_success,18,50,18,18,2,3,3,3,True,9.0,1,2,19,0,4,,,closed,terminal_safe_episode_closed,dermatology_ent_ophthalmology,rash_drug_reaction,result_return,heavy,misstated_family_or_patient_information,delayed_or_staged_result_return | low_adherence_or_refusal,high,long,HO1 | HO2 | HO3 | HO4,2.5,2.0,4,1.5,-1.25,low_score | very_low_score | below_strong | high_judge_disagreement | closed_but_low_score | model_specific_weakness | serious_error_any_judge | minor_or_moderate_error_any_judge,very_low_score,True,True,True,False,False,False,False,False,True,False,False,False,True,True,True,True,False
case_CL120_EHR_119__Doubao-Seed-2.0-lite,case_CL120_EHR_119__anon_07bb4af51410eb8c,case_CL120_EHR_119,Doubao-Seed-2.0-lite,closed_success,7,27,7,7,2,3,3,3,True,3.5,1,2,0,8,3,,,closed,terminal_safe_episode_closed,dermatology_ent_ophthalmology,vision_red_flag,result_return,heavy,cost_transport_or_work_barrier,low_adherence_or_refusal | external_system_gap,high,long,HO1 | HO2 | HO3 | HO4,3.5,3.5,3,1.5,0.10000000000000009,below_strong | high_judge_disagreement | minor_or_moderate_error_any_judge,high_judge_disagreement,False,False,True,False,False,False,False,False,True,False,False,False,False,False,False,True,False
case_CL120_EHR_120__Doubao-Seed-2.0-lite,case_CL120_EHR_120__anon_79456ab64f9250c8,case_CL120_EHR_120,Doubao-Seed-2.0-lite,closed_success,12,45,12,12,2,6,5,5,True,6.0,1,2,0,13,4,,,closed,terminal_safe_episode_closed,dermatology_ent_ophthalmology,otitis_sinus_complication,home_execution_failure,heavy,privacy_stigma_or_sensitive_history,external_system_gap | misstated_family_or_patient_information,high,long,HO1 | HO2 | HO3 | HO4,2.75,2.0,3,1.299038105676658,-0.6499999999999999,low_score | very_low_score | below_strong | high_judge_disagreement | closed_but_low_score | minor_or_moderate_error_any_judge | important_non_chain_defect_any_judge,very_low_score,True,True,True,False,False,False,False,False,True,False,False,False,True,False,False,True,True
case_CL120_EHR_001__GLM-5,case_CL120_EHR_001__anon_f2fac2cbd42c3e1f,case_CL120_EHR_001,GLM-5,closed_success,14,78,14,14,6,16,14,14,True,2.3333333333333335,1,11,15,0,5,,,closed,terminal_safe_episode_closed,cardiovascular,chest_pain_acs_dissection,longitudinal_followup,light,incomplete_patient_information,misstated_family_or_patient_information | cost_transport_or_work_barrier,high,medium,HO1 | HO2 | HO3 | HO4,2.25,2.0,3,1.0897247358851685,-0.8500000000000001,low_score | very_low_score | below_strong | heavy_workspace | high_judge_disagreement | workspace_overuse_candidate | long_or_tool_intensive_low_score | closed_but_low_score | serious_error_any_judge | minor_or_moderate_error_any_judge,very_low_score,True,True,True,False,False,False,False,True,True,False,True,True,True,False,True,True,False
case_CL120_EHR_002__GLM-5,case_CL120_EHR_002__anon_b11480da78820b41,case_CL120_EHR_002,GLM-5,closed_success,7,48,7,7,4,11,10,10,True,1.75,1,4,8,0,2,,,closed,terminal_safe_episode_closed,cardiovascular,heart_failure_decompensation,longitudinal_followup,light,medication_confusion_or_execution_failure,cost_transport_or_work_barrier | privacy_stigma_or_sensitive_history,high,medium,HO1 | HO2 | HO3 | HO4,3.5,4.0,4,1.5,1.1,high_judge_disagreement | serious_error_any_judge | minor_or_moderate_error_any_judge,high_judge_disagreement,False,False,False,False,False,False,False,False,True,False,False,False,False,False,True,True,False
case_CL120_EHR_003__GLM-5,case_CL120_EHR_003__anon_f5275f800c5f4747,case_CL120_EHR_003,GLM-5,closed_success,10,56,10,10,5,11,10,10,True,2.0,1,10,11,0,4,,,closed,terminal_safe_episode_closed,cardiovascular,atrial_fibrillation_anticoagulation,discharge_transition,light,caregiver_conflict_or_fatigue,privacy_stigma_or_sensitive_history | incomplete_patient_information,high,medium,HO1 | HO2 | HO3 | HO4,2.75,3.0,3,1.299038105676658,0.0,low_score | below_strong | high_judge_disagreement | closed_but_low_score | serious_error_any_judge | minor_or_moderate_error_any_judge,closed_but_low_score,True,False,True,False,False,False,False,False,True,False,False,False,True,False,True,True,False
case_CL120_EHR_004__GLM-5,case_CL120_EHR_004__anon_2ff2e6bf21e0b6bf,case_CL120_EHR_004,GLM-5,closed_success,6,50,6,6,5,12,11,11,True,1.2,1,5,7,0,3,,,closed,terminal_safe_episode_closed,dermatology_ent_ophthalmology,cataract_postoperative_medication_and_followup,discharge_transition,light,document_or_image_quality_problem,incomplete_patient_information | medication_confusion_or_execution_failure,high,medium,HO1 | HO2 | HO3 | HO4,2.25,2.0,3,1.0897247358851685,-0.7999999999999998,low_score | very_low_score | below_strong | high_judge_disagreement | closed_but_low_score | serious_error_any_judge | minor_or_moderate_error_any_judge | important_non_chain_defect_any_judge,very_low_score,True,True,True,False,False,False,False,False,True,False,False,False,True,False,True,True,True
case_CL120_EHR_005__GLM-5,case_CL120_EHR_005__anon_cff28e2766b8817d,case_CL120_EHR_005,GLM-5,closed_success,5,35,5,5,2,6,5,5,True,2.5,1,5,6,0,8,,,closed,terminal_safe_handoff_closed,cardiovascular,syncope,pre_handoff,light,delayed_or_staged_result_return,medication_confusion_or_execution_failure | caregiver_conflict_or_fatigue,high,short,HO1 | HO2 | HO3 | HO4,3.5,4.0,4,1.5,0.3500000000000001,high_judge_disagreement | serious_error_any_judge,high_judge_disagreement,False,False,False,False,False,False,False,False,True,False,False,False,False,False,True,False,False
case_CL120_EHR_006__GLM-5,case_CL120_EHR_006__anon_6af291f57034fecd,case_CL120_EHR_006,GLM-5,closed_success,9,45,9,9,4,7,7,7,True,2.25,1,7,10,0,5,,,closed,terminal_safe_handoff_closed,cardiovascular,chest_pain_acs_dissection,pre_handoff,light,low_adherence_or_refusal,caregiver_conflict_or_fatigue | document_or_image_quality_problem,high,short,HO1 | HO2 | HO3 | HO4,4,5.0,4,1.7320508075688772,1.1,high_judge_disagreement | serious_error_any_judge,high_judge_disagreement,False,False,False,False,False,False,False,False,True,False,False,False,False,False,True,False,False
case_CL120_EHR_007__GLM-5,case_CL120_EHR_007__anon_39f79fbd6f9d7b31,case_CL120_EHR_007,GLM-5,closed_success,9,70,9,9,5,17,15,15,True,1.8,1,7,10,0,3,,,closed,terminal_safe_episode_closed,cardiovascular,heart_failure_decompensation,post_handoff,moderate,external_system_gap,document_or_image_quality_problem | delayed_or_staged_result_return,high,medium,HO1 | HO2 | HO3 | HO4,3,3.0,4,2.0,0.3999999999999999,low_score | below_strong | high_judge_disagreement | closed_but_low_score | serious_error_any_judge | minor_or_moderate_error_any_judge | important_non_chain_defect_any_judge,closed_but_low_score,True,False,True,False,False,False,False,False,True,False,False,False,True,False,True,True,True
case_CL120_EHR_008__GLM-5,case_CL120_EHR_008__anon_14d429c87f68ff06,case_CL120_EHR_008,GLM-5,closed_success,41,189,41,41,17,36,33,33,True,2.411764705882353,1,41,42,0,4,,,closed,terminal_safe_episode_closed,cardiovascular,atrial_fibrillation_anticoagulation,post_handoff,moderate,misstated_family_or_patient_information,delayed_or_staged_result_return | low_adherence_or_refusal,high,medium,HO1 | HO2 | HO3 | HO4,3.75,4.0,3,1.299038105676658,0.3999999999999999,heavy_workspace | high_judge_disagreement | minor_or_moderate_error_any_judge | important_non_chain_defect_any_judge,high_judge_disagreement,False,False,False,False,False,False,False,True,True,False,False,False,False,False,False,True,True
case_CL120_EHR_009__GLM-5,case_CL120_EHR_009__anon_ccb94e2504479ad4,case_CL120_EHR_009,GLM-5,closed_success,17,80,17,17,5,15,13,13,True,3.4,1,7,18,0,4,,,closed,terminal_safe_episode_closed,cardiovascular,hypertension_urgency,result_return,moderate,cost_transport_or_work_barrier,low_adherence_or_refusal | external_system_gap,high,medium,HO1 | HO2 | HO3 | HO4,3.5,3.5,3,1.5,0.6000000000000001,below_strong | high_judge_disagreement | minor_or_moderate_error_any_judge,high_judge_disagreement,False,False,True,False,False,False,False,False,True,False,False,False,False,False,False,True,False
case_CL120_EHR_010__GLM-5,case_CL120_EHR_010__anon_08eb836ac1500cc8,case_CL120_EHR_010,GLM-5,closed_success,12,72,12,12,8,16,14,14,True,1.5,1,9,13,0,3,,,closed,terminal_safe_episode_closed,cardiovascular,syncope,result_return,moderate,privacy_stigma_or_sensitive_history,external_system_gap | misstated_family_or_patient_information,high,medium,HO1 | HO2 | HO3 | HO4,3,3.0,4,2.0,-0.9500000000000002,low_score | below_strong | heavy_workspace | high_judge_disagreement | workspace_overuse_candidate | long_or_tool_intensive_low_score | closed_but_low_score | serious_error_any_judge | minor_or_moderate_error_any_judge | important_non_chain_defect_any_judge,long_or_tool_intensive_low_score,True,False,True,False,False,False,False,True,True,False,True,True,True,False,True,True,True
case_CL120_EHR_011__GLM-5,case_CL120_EHR_011__anon_daa18ceabd543dea,case_CL120_EHR_011,GLM-5,closed_success,34,151,34,34,9,29,25,25,True,3.7777777777777777,1,32,34,1,2,,,closed,terminal_safe_episode_closed,cardiovascular,chest_pain_acs_dissection,home_execution_failure,moderate,incomplete_patient_information,misstated_family_or_patient_information | cost_transport_or_work_barrier,high,medium,HO1 | HO2 | HO3 | HO4,1.25,1.0,1,0.4330127018922193,-2.7,low_score | very_low_score | below_strong | heavy_workspace | workspace_overuse_candidate | long_or_tool_intensive_low_score | closed_but_low_score | model_specific_weakness | serious_error_any_judge | minor_or_moderate_error_any_judge | important_non_chain_defect_any_judge,very_low_score,True,True,True,False,False,False,False,True,False,False,True,True,True,True,True,True,True
case_CL120_EHR_012__GLM-5,case_CL120_EHR_012__anon_6f7e7fe08c615565,case_CL120_EHR_012,GLM-5,closed_success,18,84,18,18,7,16,14,14,True,2.5714285714285716,1,15,19,0,3,,,closed,terminal_safe_episode_closed,cardiovascular,heart_failure_decompensation,longitudinal_followup,moderate,medication_confusion_or_execution_failure,cost_transport_or_work_barrier | privacy_stigma_or_sensitive_history,high,medium,HO1 | HO2 | HO3 | HO4,3,3.0,4,1.5811388300841898,-0.20000000000000018,low_score | below_strong | heavy_workspace | high_judge_disagreement | workspace_overuse_candidate | long_or_tool_intensive_low_score | closed_but_low_score | serious_error_any_judge | minor_or_moderate_error_any_judge,long_or_tool_intensive_low_score,True,False,True,False,False,False,False,True,True,False,True,True,True,False,True,True,False
case_CL120_EHR_013__GLM-5,case_CL120_EHR_013__anon_51fca0947a25adb6,case_CL120_EHR_013,GLM-5,closed_success,5,32,5,5,3,6,6,6,True,1.6666666666666667,1,3,6,0,3,,,closed,terminal_safe_episode_closed,cardiovascular,atrial_fibrillation_anticoagulation,longitudinal_followup,moderate,caregiver_conflict_or_fatigue,privacy_stigma_or_sensitive_history | incomplete_patient_information,high,medium,HO1 | HO2 | HO3 | HO4,3.5,3.5,3,1.5,-0.10000000000000009,below_strong | high_judge_disagreement | minor_or_moderate_error_any_judge | important_non_chain_defect_any_judge,high_judge_disagreement,False,False,True,False,False,False,False,False,True,False,False,False,False,False,False,True,True
case_CL120_EHR_014__GLM-5,case_CL120_EHR_014__anon_8ac8fd27f605e8a6,case_CL120_EHR_014,GLM-5,closed_success,10,52,10,10,6,10,9,9,True,1.6666666666666667,1,9,11,0,3,,,closed,terminal_safe_episode_closed,cardiovascular,hypertension_urgency,discharge_transition,moderate,document_or_image_quality_problem,incomplete_patient_information | medication_confusion_or_execution_failure,high,medium,HO1 | HO2 | HO3 | HO4,3.25,3.5,4,1.7853571071357126,0.3999999999999999,below_strong | heavy_workspace | high_judge_disagreement | workspace_overuse_candidate | long_or_tool_intensive_low_score | serious_error_any_judge | minor_or_moderate_error_any_judge,long_or_tool_intensive_low_score,False,False,True,False,False,False,False,True,True,False,True,True,False,False,True,True,False
case_CL120_EHR_015__GLM-5,case_CL120_EHR_015__anon_56e607fb1edc1306,case_CL120_EHR_015,GLM-5,closed_success,14,59,14,14,5,9,8,8,True,2.8,1,13,15,0,5,,,closed,terminal_safe_episode_closed,respiratory,suspected_pulmonary_embolism_result_and_anticoagulation_followup,result_return,heavy,delayed_or_staged_result_return,medication_confusion_or_execution_failure | caregiver_conflict_or_fatigue,high,long,HO1 | HO2 | HO3 | HO4,2,1.0,4,1.7320508075688772,-2.65,low_score | very_low_score | below_strong | high_judge_disagreement | closed_but_low_score | model_specific_weakness | serious_error_any_judge | important_non_chain_defect_any_judge,very_low_score,True,True,True,False,False,False,False,False,True,False,False,False,True,True,True,False,True
case_CL120_EHR_016__GLM-5,case_CL120_EHR_016__anon_43f93ba8841d8155,case_CL120_EHR_016,GLM-5,closed_success,3,18,3,3,2,3,3,3,True,1.5,1,2,4,0,2,,,closed,terminal_safe_handoff_closed,respiratory,pneumonia,pre_handoff,heavy,low_adherence_or_refusal,caregiver_conflict_or_fatigue | document_or_image_quality_problem,high,long,HO1 | HO2 | HO3 | HO4,4,4.5,3,1.224744871391589,1.5,high_judge_disagreement | minor_or_moderate_error_any_judge | important_non_chain_defect_any_judge,high_judge_disagreement,False,False,False,False,False,False,False,False,True,False,False,False,False,False,False,True,True
case_CL120_EHR_017__GLM-5,case_CL120_EHR_017__anon_cb683fd5201c6f2b,case_CL120_EHR_017,GLM-5,closed_success,43,249,43,43,25,55,52,52,True,1.72,1,42,44,0,3,,,closed,terminal_safe_episode_closed,respiratory,lung_nodule_mass,post_handoff,heavy,external_system_gap,document_or_image_quality_problem | delayed_or_staged_result_return,high,long,HO1 | HO2 | HO3 | HO4,3.75,4.5,4,1.6393596310755,0.2999999999999998,heavy_workspace | high_judge_disagreement | serious_error_any_judge,high_judge_disagreement,False,False,False,False,False,False,False,True,True,False,False,False,False,False,True,False,False
case_CL120_EHR_018__GLM-5,case_CL120_EHR_018__anon_7acfa57837e15e95,case_CL120_EHR_018,GLM-5,closed_success,13,71,13,13,6,14,13,13,True,2.1666666666666665,1,12,14,0,4,,,closed,terminal_safe_episode_closed,respiratory,pulmonary_embolism,post_handoff,extreme,misstated_family_or_patient_information,delayed_or_staged_result_return | low_adherence_or_refusal,high,extra_long,HO1 | HO2 | HO3 | HO4,2.25,1.5,4,1.6393596310755,-1.1,low_score | very_low_score | below_strong | heavy_workspace | high_judge_disagreement | workspace_overuse_candidate | long_or_tool_intensive_low_score | closed_but_low_score | model_specific_weakness | serious_error_any_judge | minor_or_moderate_error_any_judge | important_non_chain_defect_any_judge,very_low_score,True,True,True,False,False,False,False,True,True,False,True,True,True,True,True,True,True
case_CL120_EHR_019__GLM-5,case_CL120_EHR_019__anon_f8dcba04a6e23144,case_CL120_EHR_019,GLM-5,closed_success,9,87,9,9,7,23,21,21,True,1.2857142857142858,1,8,10,0,3,,,closed,terminal_safe_episode_closed,respiratory,home_oxygen_or_inhaler_execution,post_handoff,light,cost_transport_or_work_barrier,low_adherence_or_refusal | external_system_gap,high,medium,HO1 | HO2 | HO3 | HO4,4,5.0,4,1.7320508075688772,1.4500000000000002,heavy_workspace | high_judge_disagreement | serious_error_any_judge,high_judge_disagreement,False,False,False,False,False,False,False,True,True,False,False,False,False,False,True,False,False
case_CL120_EHR_020__GLM-5,case_CL120_EHR_020__anon_1dc5c6db8d285557,case_CL120_EHR_020,GLM-5,closed_success,5,46,5,5,4,11,10,10,True,1.25,1,4,6,0,4,,,closed,terminal_bounded_episode_closed,respiratory,asthma_copd_exacerbation,result_return,light,privacy_stigma_or_sensitive_history,external_system_gap | misstated_family_or_patient_information,high,medium,HO1 | HO2 | HO3 | HO4,2.25,1.5,4,1.6393596310755,-0.3999999999999999,low_score | very_low_score | below_strong | high_judge_disagreement | closed_but_low_score | serious_error_any_judge | minor_or_moderate_error_any_judge,very_low_score,True,True,True,False,False,False,False,False,True,False,False,False,True,False,True,True,False
case_CL120_EHR_021__GLM-5,case_CL120_EHR_021__anon_a94e6afb8839998d,case_CL120_EHR_021,GLM-5,closed_success,44,161,44,44,13,23,22,22,True,3.3846153846153846,1,42,45,0,5,,,closed,terminal_safe_episode_closed,respiratory,pneumonia,result_return,light,incomplete_patient_information,misstated_family_or_patient_information | cost_transport_or_work_barrier,high,medium,HO1 | HO2 | HO3 | HO4,3.75,4.5,4,1.6393596310755,1.4500000000000002,heavy_workspace | high_judge_disagreement | serious_error_any_judge,high_judge_disagreement,False,False,False,False,False,False,False,True,True,False,False,False,False,False,True,False,False
case_CL120_EHR_022__GLM-5,case_CL120_EHR_022__anon_a7e1bb7f7797a527,case_CL120_EHR_022,GLM-5,closed_success,9,70,9,9,5,18,15,15,True,1.8,1,6,0,10,3,,,closed,terminal_bounded_episode_closed,respiratory,lung_nodule_mass,home_execution_failure,light,medication_confusion_or_execution_failure,cost_transport_or_work_barrier | privacy_stigma_or_sensitive_history,high,medium,HO1 | HO2 | HO3 | HO4,1.25,1.0,1,0.4330127018922193,-0.8500000000000001,low_score | very_low_score | below_strong | closed_but_low_score | serious_error_any_judge | minor_or_moderate_error_any_judge,very_low_score,True,True,True,False,False,False,False,False,False,False,False,False,True,False,True,True,False
case_CL120_EHR_023__GLM-5,case_CL120_EHR_023__anon_91a3808d359ba89a,case_CL120_EHR_023,GLM-5,closed_success,27,76,27,27,3,7,6,6,True,9.0,1,17,28,0,2,,,closed,terminal_safe_episode_closed,respiratory,pulmonary_embolism,longitudinal_followup,light,caregiver_conflict_or_fatigue,privacy_stigma_or_sensitive_history | incomplete_patient_information,high,medium,HO1 | HO2 | HO3 | HO4,3,3.0,4,2.0,1.1,low_score | below_strong | high_judge_disagreement | closed_but_low_score | serious_error_any_judge | minor_or_moderate_error_any_judge,closed_but_low_score,True,False,True,False,False,False,False,False,True,False,False,False,True,False,True,True,False
case_CL120_EHR_024__GLM-5,case_CL120_EHR_024__anon_ab53d02e1615149a,case_CL120_EHR_024,GLM-5,closed_success,13,62,13,13,4,12,10,10,True,3.25,1,4,14,0,3,,,closed,terminal_safe_episode_closed,respiratory,home_oxygen_or_inhaler_execution,longitudinal_followup,moderate,document_or_image_quality_problem,incomplete_patient_information | medication_confusion_or_execution_failure,high,medium,HO1 | HO2 | HO3 | HO4,4,5.0,4,1.7320508075688772,2.4,high_judge_disagreement | serious_error_any_judge | minor_or_moderate_error_any_judge | important_non_chain_defect_any_judge,high_judge_disagreement,False,False,False,False,False,False,False,False,True,False,False,False,False,False,True,True,True
case_CL120_EHR_025__GLM-5,case_CL120_EHR_025__anon_a5cd58ba94f857d8,case_CL120_EHR_025,GLM-5,open_at_100,100,304,100,100,20,34,32,32,True,5.0,1,97,101,0,5,,,open,open_progressing,respiratory,asthma_copd_exacerbation,discharge_transition,moderate,delayed_or_staged_result_return,medication_confusion_or_execution_failure | caregiver_conflict_or_fatigue,high,medium,HO1 | HO2 | HO3 | HO4,3,3.0,4,1.5811388300841898,-0.3999999999999999,low_score | below_strong | high_turn | very_high_turn | heavy_workspace | high_judge_disagreement | workspace_overuse_candidate | long_or_tool_intensive_low_score | serious_error_any_judge | minor_or_moderate_error_any_judge,open_at_100,True,False,True,True,True,False,False,True,True,False,True,True,False,False,True,True,False
case_CL120_EHR_026__GLM-5,case_CL120_EHR_026__anon_d23166108dd0fde0,case_CL120_EHR_026,GLM-5,closed_success,20,80,20,20,9,12,12,12,True,2.2222222222222223,1,19,21,0,3,,,closed,terminal_safe_episode_closed,respiratory,pneumonia,palliative_terminal,moderate,low_adherence_or_refusal,caregiver_conflict_or_fatigue | document_or_image_quality_problem,high,medium,HO1 | HO2 | HO3 | HO4,2.75,2.5,4,1.7853571071357126,-0.2999999999999998,low_score | very_low_score | below_strong | heavy_workspace | high_judge_disagreement | workspace_overuse_candidate | long_or_tool_intensive_low_score | closed_but_low_score | serious_error_any_judge,very_low_score,True,True,True,False,False,False,False,True,True,False,True,True,True,False,True,False,False
case_CL120_EHR_027__GLM-5,case_CL120_EHR_027__anon_c8434ce5d1d90778,case_CL120_EHR_027,GLM-5,closed_success,6,45,6,6,3,10,9,9,True,2.0,1,5,7,0,4,,,closed,terminal_safe_handoff_closed,endocrine_metabolic,diabetes_sick_day,pre_handoff,moderate,external_system_gap,document_or_image_quality_problem | delayed_or_staged_result_return,high,medium,HO1 | HO2 | HO3 | HO4,3,3.0,4,1.5811388300841898,0.5499999999999998,low_score | below_strong | high_judge_disagreement | closed_but_low_score | serious_error_any_judge | minor_or_moderate_error_any_judge | important_non_chain_defect_any_judge,closed_but_low_score,True,False,True,False,False,False,False,False,True,False,False,False,True,False,True,True,True
case_CL120_EHR_028__GLM-5,case_CL120_EHR_028__anon_95f8814f5ed6f7ec,case_CL120_EHR_028,GLM-5,closed_success,17,85,17,17,7,16,15,15,True,2.4285714285714284,1,16,18,0,4,,,closed,terminal_safe_episode_closed,endocrine_metabolic,hypoglycemia,post_handoff,moderate,misstated_family_or_patient_information,delayed_or_staged_result_return | low_adherence_or_refusal,high,medium,HO1 | HO2 | HO3 | HO4,1.25,1.0,1,0.4330127018922193,-0.8999999999999999,low_score | very_low_score | below_strong | heavy_workspace | workspace_overuse_candidate | long_or_tool_intensive_low_score | closed_but_low_score | serious_error_any_judge | minor_or_moderate_error_any_judge,very_low_score,True,True,True,False,False,False,False,True,False,False,True,True,True,False,True,True,False
case_CL120_EHR_029__GLM-5,case_CL120_EHR_029__anon_a92c2d8ac6670a13,case_CL120_EHR_029,GLM-5,closed_success,13,87,13,13,6,21,18,18,True,2.1666666666666665,1,8,14,0,3,,,closed,terminal_safe_episode_closed,endocrine_metabolic,thyroid_dysfunction,post_handoff,moderate,cost_transport_or_work_barrier,low_adherence_or_refusal | external_system_gap,high,medium,HO1 | HO2 | HO3 | HO4,4,5.0,4,1.7320508075688772,1.2000000000000002,heavy_workspace | high_judge_disagreement | serious_error_any_judge,high_judge_disagreement,False,False,False,False,False,False,False,True,True,False,False,False,False,False,True,False,False
case_CL120_EHR_030__GLM-5,case_CL120_EHR_030__anon_7ef6eb0c4b2a4e9c,case_CL120_EHR_030,GLM-5,closed_success,7,45,7,7,5,10,9,9,True,1.4,1,7,8,0,2,,,closed,terminal_safe_episode_closed,endocrine_metabolic,steroid_or_insulin_adjustment,post_handoff,moderate,privacy_stigma_or_sensitive_history,external_system_gap | misstated_family_or_patient_information,high,medium,HO1 | HO2 | HO3 | HO4,2.75,2.5,4,1.7853571071357126,0.20000000000000018,low_score | very_low_score | below_strong | high_judge_disagreement | closed_but_low_score | serious_error_any_judge | minor_or_moderate_error_any_judge | important_non_chain_defect_any_judge,very_low_score,True,True,True,False,False,False,False,False,True,False,False,False,True,False,True,True,True
case_CL120_EHR_031__GLM-5,case_CL120_EHR_031__anon_ce96187d1a52017c,case_CL120_EHR_031,GLM-5,closed_success,5,64,5,5,5,18,16,16,True,1.0,1,5,0,6,3,,,closed,terminal_safe_episode_closed,endocrine_metabolic,obesity_sleep_apnea_metabolic_risk,result_return,moderate,incomplete_patient_information,misstated_family_or_patient_information | cost_transport_or_work_barrier,high,medium,HO1 | HO2 | HO3 | HO4,2.75,2.5,4,1.7853571071357126,-0.10000000000000009,low_score | very_low_score | below_strong | high_judge_disagreement | closed_but_low_score | serious_error_any_judge | minor_or_moderate_error_any_judge,very_low_score,True,True,True,False,False,False,False,False,True,False,False,False,True,False,True,True,False
case_CL120_EHR_032__GLM-5,case_CL120_EHR_032__anon_49498a1be3281b1f,case_CL120_EHR_032,GLM-5,closed_success,42,138,42,42,10,17,16,16,True,4.2,1,33,14,29,4,,,closed,terminal_safe_episode_closed,endocrine_metabolic,diabetes_sick_day,result_return,moderate,medication_confusion_or_execution_failure,cost_transport_or_work_barrier | privacy_stigma_or_sensitive_history,high,medium,HO1 | HO2 | HO3 | HO4,2.25,1.5,4,1.6393596310755,-0.7999999999999998,low_score | very_low_score | below_strong | heavy_workspace | high_judge_disagreement | workspace_overuse_candidate | long_or_tool_intensive_low_score | closed_but_low_score | serious_error_any_judge | minor_or_moderate_error_any_judge,very_low_score,True,True,True,False,False,False,False,True,True,False,True,True,True,False,True,True,False
case_CL120_EHR_033__GLM-5,case_CL120_EHR_033__anon_e174197b0123576f,case_CL120_EHR_033,GLM-5,closed_success,6,36,6,6,4,7,7,7,True,1.5,1,6,7,0,2,,,closed,terminal_safe_episode_closed,endocrine_metabolic,hypoglycemia,home_execution_failure,heavy,caregiver_conflict_or_fatigue,privacy_stigma_or_sensitive_history | incomplete_patient_information,high,long,HO1 | HO2 | HO3 | HO4,3.25,3.5,4,1.479019945774904,0.25,below_strong | high_judge_disagreement | serious_error_any_judge | minor_or_moderate_error_any_judge,high_judge_disagreement,False,False,True,False,False,False,False,False,True,False,False,False,False,False,True,True,False
case_CL120_EHR_034__GLM-5,case_CL120_EHR_034__anon_7af778c4294f5095,case_CL120_EHR_034,GLM-5,closed_success,49,278,49,49,22,63,55,55,True,2.227272727272727,1,48,0,50,4,,,closed,terminal_safe_episode_closed,endocrine_metabolic,thyroid_dysfunction,longitudinal_followup,heavy,document_or_image_quality_problem,incomplete_patient_information | medication_confusion_or_execution_failure,high,long,HO1 | HO2 | HO3 | HO4,3.5,3.5,3,1.5,1.1,below_strong | heavy_workspace | high_judge_disagreement | workspace_overuse_candidate | long_or_tool_intensive_low_score | minor_or_moderate_error_any_judge | important_non_chain_defect_any_judge,long_or_tool_intensive_low_score,False,False,True,False,False,False,False,True,True,False,True,True,False,False,False,True,True
case_CL120_EHR_035__GLM-5,case_CL120_EHR_035__anon_6972bbe7ca22441f,case_CL120_EHR_035,GLM-5,closed_success,64,252,64,64,17,42,37,38,True,3.764705882352941,1,60,0,65,6,,,closed,terminal_safe_episode_closed,endocrine_metabolic,steroid_or_insulin_adjustment,longitudinal_followup,extreme,delayed_or_staged_result_return,medication_confusion_or_execution_failure | caregiver_conflict_or_fatigue,high,extra_long,HO1 | HO2 | HO3 | HO4,3,3.0,4,2.0,0.3999999999999999,low_score | below_strong | high_turn | heavy_workspace | high_judge_disagreement | workspace_overuse_candidate | long_or_tool_intensive_low_score | closed_but_low_score | serious_error_any_judge | minor_or_moderate_error_any_judge,long_or_tool_intensive_low_score,True,False,True,True,False,False,False,True,True,False,True,True,True,False,True,True,False
case_CL120_EHR_036__GLM-5,case_CL120_EHR_036__anon_765a9137eae8eede,case_CL120_EHR_036,GLM-5,closed_success,16,107,16,16,9,25,22,22,True,1.7777777777777777,1,15,0,17,5,,,closed,terminal_safe_episode_closed,endocrine_metabolic,obesity_sleep_apnea_metabolic_risk,discharge_transition,light,low_adherence_or_refusal,caregiver_conflict_or_fatigue | document_or_image_quality_problem,high,medium,HO1 | HO2 | HO3 | HO4,1.75,1.0,3,1.299038105676658,-1.0,low_score | very_low_score | below_strong | heavy_workspace | high_judge_disagreement | workspace_overuse_candidate | long_or_tool_intensive_low_score | closed_but_low_score | model_specific_weakness | serious_error_any_judge | minor_or_moderate_error_any_judge,very_low_score,True,True,True,False,False,False,False,True,True,False,True,True,True,True,True,True,False
case_CL120_EHR_037__GLM-5,case_CL120_EHR_037__anon_6fa747fb2cfce1be,case_CL120_EHR_037,GLM-5,closed_success,95,496,95,95,41,108,96,96,True,2.317073170731707,1,93,96,0,5,,,closed,terminal_safe_episode_closed,endocrine_metabolic,diabetic_foot_wound_and_sick_day_medication_safety,home_execution_failure,light,external_system_gap,document_or_image_quality_problem | delayed_or_staged_result_return,high,medium,HO1 | HO2 | HO3 | HO4,3.5,4.0,4,1.5,0.75,high_turn | very_high_turn | heavy_workspace | high_judge_disagreement | serious_error_any_judge | minor_or_moderate_error_any_judge,high_judge_disagreement,False,False,False,True,True,False,False,True,True,False,False,False,False,False,True,True,False
case_CL120_EHR_038__GLM-5,case_CL120_EHR_038__anon_76477de5f0244353,case_CL120_EHR_038,GLM-5,closed_success,22,100,22,22,10,18,17,17,True,2.2,1,21,23,0,2,,,closed,terminal_safe_handoff_closed,endocrine_metabolic,postoperative_glucose_variability_and_medication_safety,home_execution_failure,light,misstated_family_or_patient_information,delayed_or_staged_result_return | low_adherence_or_refusal,high,short,HO1 | HO2 | HO3 | HO4,2.75,2.5,4,1.7853571071357126,-0.6499999999999999,low_score | very_low_score | below_strong | heavy_workspace | high_judge_disagreement | workspace_overuse_candidate | long_or_tool_intensive_low_score | closed_but_low_score | serious_error_any_judge | minor_or_moderate_error_any_judge,very_low_score,True,True,True,False,False,False,False,True,True,False,True,True,True,False,True,True,False
case_CL120_EHR_039__GLM-5,case_CL120_EHR_039__anon_6039a021fbf82c6a,case_CL120_EHR_039,GLM-5,closed_success,9,61,9,9,5,13,12,12,True,1.8,1,6,0,10,5,,,closed,terminal_safe_episode_closed,renal_urology,ckd_med_reconciliation,post_handoff,light,cost_transport_or_work_barrier,low_adherence_or_refusal | external_system_gap,high,medium,HO1 | HO2 | HO3 | HO4,3.25,3.5,4,1.7853571071357126,1.25,below_strong | high_judge_disagreement | serious_error_any_judge | minor_or_moderate_error_any_judge | important_non_chain_defect_any_judge,high_judge_disagreement,False,False,True,False,False,False,False,False,True,False,False,False,False,False,True,True,True
case_CL120_EHR_040__GLM-5,case_CL120_EHR_040__anon_16bc649f935c96d5,case_CL120_EHR_040,GLM-5,closed_success,11,60,11,11,4,13,11,11,True,2.75,1,6,12,0,2,,,closed,terminal_safe_episode_closed,renal_urology,uti_culture_action,post_handoff,light,privacy_stigma_or_sensitive_history,external_system_gap | misstated_family_or_patient_information,high,medium,HO1 | HO2 | HO3 | HO4,2.25,1.5,4,1.6393596310755,-1.35,low_score | very_low_score | below_strong | high_judge_disagreement | closed_but_low_score | model_specific_weakness | serious_error_any_judge | minor_or_moderate_error_any_judge,very_low_score,True,True,True,False,False,False,False,False,True,False,False,False,True,True,True,True,False
case_CL120_EHR_041__GLM-5,case_CL120_EHR_041__anon_c5c5a19ddc6e45a2,case_CL120_EHR_041,GLM-5,closed_success,12,91,12,12,8,23,20,20,True,1.5,1,12,13,0,3,,,closed,terminal_safe_episode_closed,renal_urology,renal_function_abnormality_warning_and_result_followup,result_return,moderate,incomplete_patient_information,misstated_family_or_patient_information | cost_transport_or_work_barrier,high,medium,HO1 | HO2 | HO3 | HO4,2.75,2.5,4,1.7853571071357126,-1.0499999999999998,low_score | very_low_score | below_strong | heavy_workspace | high_judge_disagreement | workspace_overuse_candidate | long_or_tool_intensive_low_score | closed_but_low_score | model_specific_weakness | serious_error_any_judge,very_low_score,True,True,True,False,False,False,False,True,True,False,True,True,True,True,True,False,False
case_CL120_EHR_042__GLM-5,case_CL120_EHR_042__anon_1085b4a6cf6882d8,case_CL120_EHR_042,GLM-5,closed_success,7,57,7,7,5,14,12,12,True,1.4,1,5,0,8,4,,,closed,terminal_safe_episode_closed,renal_urology,stone_colic,result_return,moderate,medication_confusion_or_execution_failure,cost_transport_or_work_barrier | privacy_stigma_or_sensitive_history,high,medium,HO1 | HO2 | HO3 | HO4,3.25,3.5,4,1.7853571071357126,0.7000000000000002,below_strong | high_judge_disagreement | serious_error_any_judge | minor_or_moderate_error_any_judge,high_judge_disagreement,False,False,True,False,False,False,False,False,True,False,False,False,False,False,True,True,False
case_CL120_EHR_043__GLM-5,case_CL120_EHR_043__anon_4580726602bf280a,case_CL120_EHR_043,GLM-5,closed_success,16,74,16,16,7,14,13,13,True,2.2857142857142856,1,13,17,0,1,,,closed,terminal_safe_episode_closed,renal_urology,anticoagulation_and_hematuria,home_execution_failure,moderate,caregiver_conflict_or_fatigue,privacy_stigma_or_sensitive_history | incomplete_patient_information,high,medium,HO1 | HO2 | HO3 | HO4,4,5.0,4,1.7320508075688772,1.6,heavy_workspace | high_judge_disagreement | serious_error_any_judge | important_non_chain_defect_any_judge,high_judge_disagreement,False,False,False,False,False,False,False,True,True,False,False,False,False,False,True,False,True
case_CL120_EHR_044__GLM-5,case_CL120_EHR_044__anon_f287110216a70268,case_CL120_EHR_044,GLM-5,closed_success,16,69,16,16,5,12,10,11,True,3.2,1,12,0,16,4,,,closed,terminal_safe_episode_closed,renal_urology,ckd_med_reconciliation,home_execution_failure,moderate,document_or_image_quality_problem,incomplete_patient_information | medication_confusion_or_execution_failure,high,medium,HO1 | HO2 | HO3 | HO4,4,5.0,4,1.7320508075688772,1.4500000000000002,high_judge_disagreement | serious_error_any_judge | minor_or_moderate_error_any_judge | important_non_chain_defect_any_judge,high_judge_disagreement,False,False,False,False,False,False,False,False,True,False,False,False,False,False,True,True,True
case_CL120_EHR_045__GLM-5,case_CL120_EHR_045__anon_1f03069aa3eeabf8,case_CL120_EHR_045,GLM-5,closed_success,4,34,4,4,3,8,7,7,True,1.3333333333333333,1,3,0,5,3,,,closed,terminal_safe_episode_closed,renal_urology,uti_culture_action,longitudinal_followup,moderate,delayed_or_staged_result_return,medication_confusion_or_execution_failure | caregiver_conflict_or_fatigue,high,medium,HO1 | HO2 | HO3 | HO4,1.75,1.5,2,0.82915619758885,-0.6000000000000001,low_score | very_low_score | below_strong | high_judge_disagreement | closed_but_low_score | serious_error_any_judge | minor_or_moderate_error_any_judge,very_low_score,True,True,True,False,False,False,False,False,True,False,False,False,True,False,True,True,False
case_CL120_EHR_046__GLM-5,case_CL120_EHR_046__anon_10149b57f74ce7aa,case_CL120_EHR_046,GLM-5,closed_success,25,73,25,25,4,6,6,6,True,6.25,1,24,26,0,4,,,closed,terminal_safe_episode_closed,renal_urology,aki_warning,longitudinal_followup,moderate,low_adherence_or_refusal,caregiver_conflict_or_fatigue | document_or_image_quality_problem,high,medium,HO1 | HO2 | HO3 | HO4,5,5.0,0,0.0,1.65,,no_major_failure_flag,False,False,False,False,False,False,False,False,False,False,False,False,False,False,False,False,False
case_CL120_EHR_047__GLM-5,case_CL120_EHR_047__anon_0a954023a4ec561e,case_CL120_EHR_047,GLM-5,closed_success,10,52,10,10,5,9,9,9,True,2.0,1,9,11,0,4,,,closed,terminal_safe_episode_closed,renal_urology,stone_colic,discharge_transition,moderate,external_system_gap,document_or_image_quality_problem | delayed_or_staged_result_return,high,medium,HO1 | HO2 | HO3 | HO4,2.75,2.0,3,1.299038105676658,-0.2999999999999998,low_score | very_low_score | below_strong | high_judge_disagreement | closed_but_low_score | minor_or_moderate_error_any_judge | important_non_chain_defect_any_judge,very_low_score,True,True,True,False,False,False,False,False,True,False,False,False,True,False,False,True,True
case_CL120_EHR_048__GLM-5,case_CL120_EHR_048__anon_56850e0d0bbe6640,case_CL120_EHR_048,GLM-5,closed_success,14,65,14,14,4,12,10,10,True,3.5,1,12,15,0,4,,,closed,terminal_safe_episode_closed,renal_urology,renal_function_electrolyte_and_urine_color_medication_safety,home_execution_failure,moderate,misstated_family_or_patient_information,delayed_or_staged_result_return | low_adherence_or_refusal,high,medium,HO1 | HO2 | HO3 | HO4,2.5,2.0,4,1.5,-1.0,low_score | very_low_score | below_strong | high_judge_disagreement | closed_but_low_score | model_specific_weakness | serious_error_any_judge | minor_or_moderate_error_any_judge,very_low_score,True,True,True,False,False,False,False,False,True,False,False,False,True,True,True,True,False
case_CL120_EHR_049__GLM-5,case_CL120_EHR_049__anon_4e3e7ad217e4134d,case_CL120_EHR_049,GLM-5,closed_success,4,52,4,4,3,14,12,12,True,1.3333333333333333,1,3,0,5,5,,,closed,terminal_bounded_episode_closed,respiratory,pulmonary_sequestration_interventional_planning_and_cost_barrier,pre_handoff,moderate,cost_transport_or_work_barrier,low_adherence_or_refusal | external_system_gap,high,medium,HO1 | HO2 | HO3 | HO4,3,2.5,3,1.224744871391589,-0.6499999999999999,low_score | very_low_score | below_strong | high_judge_disagreement | closed_but_low_score | minor_or_moderate_error_any_judge,very_low_score,True,True,True,False,False,False,False,False,True,False,False,False,True,False,False,True,False
case_CL120_EHR_050__GLM-5,case_CL120_EHR_050__anon_6609ced7820a7e8c,case_CL120_EHR_050,GLM-5,closed_success,26,177,26,26,17,43,38,38,True,1.5294117647058822,1,26,27,0,5,,,closed,terminal_safe_episode_closed,gastro_hepatology,viral_hepatitis_cirrhosis,post_handoff,heavy,privacy_stigma_or_sensitive_history,external_system_gap | misstated_family_or_patient_information,high,long,HO1 | HO2 | HO3 | HO4,2.25,2.0,3,1.0897247358851685,0.0,low_score | very_low_score | below_strong | heavy_workspace | high_judge_disagreement | workspace_overuse_candidate | long_or_tool_intensive_low_score | closed_but_low_score | serious_error_any_judge | minor_or_moderate_error_any_judge,very_low_score,True,True,True,False,False,False,False,True,True,False,True,True,True,False,True,True,False
case_CL120_EHR_051__GLM-5,case_CL120_EHR_051__anon_4bc49233100b758f,case_CL120_EHR_051,GLM-5,closed_success,81,271,81,81,15,37,33,33,True,5.4,1,81,82,0,5,,,closed,terminal_safe_episode_closed,gastro_hepatology,abdominal_pain,post_handoff,heavy,incomplete_patient_information,misstated_family_or_patient_information | cost_transport_or_work_barrier,high,long,HO1 | HO2 | HO3 | HO4,3.75,4.5,4,1.6393596310755,1.65,high_turn | heavy_workspace | high_judge_disagreement | serious_error_any_judge | minor_or_moderate_error_any_judge,high_judge_disagreement,False,False,False,True,False,False,False,True,True,False,False,False,False,False,True,True,False
case_CL120_EHR_052__GLM-5,case_CL120_EHR_052__anon_7a6608fef8b389aa,case_CL120_EHR_052,GLM-5,closed_success,8,61,8,8,7,14,13,13,True,1.1428571428571428,1,8,9,0,4,,,closed,terminal_safe_episode_closed,gastro_hepatology,pancreatitis,result_return,extreme,medication_confusion_or_execution_failure,cost_transport_or_work_barrier | privacy_stigma_or_sensitive_history,high,extra_long,HO1 | HO2 | HO3 | HO4,2.5,2.0,4,1.6583123951777,-0.8500000000000001,low_score | very_low_score | below_strong | heavy_workspace | high_judge_disagreement | workspace_overuse_candidate | long_or_tool_intensive_low_score | closed_but_low_score | serious_error_any_judge,very_low_score,True,True,True,False,False,False,False,True,True,False,True,True,True,False,True,False,False
case_CL120_EHR_053__GLM-5,case_CL120_EHR_053__anon_74c2fed458dbcf7f,case_CL120_EHR_053,GLM-5,closed_success,5,39,5,5,2,10,8,8,True,2.5,1,2,6,0,2,,,closed,terminal_safe_episode_closed,renal_urology,lupus_nephritis_steroid_and_followup_after_negative_covid_result,result_return,light,caregiver_conflict_or_fatigue,privacy_stigma_or_sensitive_history | incomplete_patient_information,high,medium,HO1 | HO2 | HO3 | HO4,3.5,3.5,3,1.5,-0.3500000000000001,below_strong | high_judge_disagreement | minor_or_moderate_error_any_judge | important_non_chain_defect_any_judge,high_judge_disagreement,False,False,True,False,False,False,False,False,True,False,False,False,False,False,False,True,True
case_CL120_EHR_054__GLM-5,case_CL120_EHR_054__anon_f0c9bdfa6ec17194,case_CL120_EHR_054,GLM-5,closed_success,10,97,10,10,8,27,23,23,True,1.25,1,10,11,0,3,,,closed,terminal_safe_episode_closed,gastro_hepatology,gi_bleeding,home_execution_failure,light,document_or_image_quality_problem,incomplete_patient_information | medication_confusion_or_execution_failure,high,medium,HO1 | HO2 | HO3 | HO4,1.75,1.0,3,1.299038105676658,-1.2000000000000002,low_score | very_low_score | below_strong | heavy_workspace | high_judge_disagreement | workspace_overuse_candidate | long_or_tool_intensive_low_score | closed_but_low_score | model_specific_weakness | serious_error_any_judge | minor_or_moderate_error_any_judge,very_low_score,True,True,True,False,False,False,False,True,True,False,True,True,True,True,True,True,False
case_CL120_EHR_055__GLM-5,case_CL120_EHR_055__anon_7e01478ff6f46919,case_CL120_EHR_055,GLM-5,closed_success,8,67,8,8,5,17,15,15,True,1.6,1,5,9,0,2,,,closed,terminal_safe_handoff_closed,gastro_hepatology,viral_hepatitis_cirrhosis,home_execution_failure,light,delayed_or_staged_result_return,medication_confusion_or_execution_failure | caregiver_conflict_or_fatigue,high,medium,HO1 | HO2 | HO3 | HO4,1.75,2.0,1,0.4330127018922193,-1.6,low_score | very_low_score | below_strong | closed_but_low_score | model_specific_weakness | serious_error_any_judge | minor_or_moderate_error_any_judge,very_low_score,True,True,True,False,False,False,False,False,False,False,False,False,True,True,True,True,False
case_CL120_EHR_056__GLM-5,case_CL120_EHR_056__anon_4859ef73b44e94a2,case_CL120_EHR_056,GLM-5,closed_success,27,185,27,27,18,44,39,39,True,1.5,1,27,28,0,7,,,closed,terminal_safe_episode_closed,gastro_hepatology,abdominal_pain,longitudinal_followup,light,low_adherence_or_refusal,caregiver_conflict_or_fatigue | document_or_image_quality_problem,high,medium,HO1 | HO2 | HO3 | HO4,4.25,5.0,3,1.299038105676658,1.4,heavy_workspace | high_judge_disagreement | minor_or_moderate_error_any_judge,high_judge_disagreement,False,False,False,False,False,False,False,True,True,False,False,False,False,False,False,True,False
case_CL120_EHR_057__GLM-5,case_CL120_EHR_057__anon_ecda49042fb26918,case_CL120_EHR_057,GLM-5,closed_success,3,25,3,3,2,5,5,5,True,1.5,1,2,0,4,3,,,closed,terminal_safe_handoff_closed,gastro_hepatology,pancreatitis,discharge_transition,light,external_system_gap,document_or_image_quality_problem | delayed_or_staged_result_return,high,medium,HO1 | HO2 | HO3 | HO4,3.25,3.0,3,1.299038105676658,0.6499999999999999,low_score | below_strong | high_judge_disagreement | closed_but_low_score | minor_or_moderate_error_any_judge,closed_but_low_score,True,False,True,False,False,False,False,False,True,False,False,False,True,False,False,True,False
case_CL120_EHR_058__GLM-5,case_CL120_EHR_058__anon_2988a56f6bdd0138,case_CL120_EHR_058,GLM-5,closed_success,8,52,8,8,4,12,10,10,True,2.0,1,7,9,0,3,,,closed,terminal_safe_episode_closed,gastro_hepatology,colonoscopy_or_pathology_followup,discharge_transition,moderate,misstated_family_or_patient_information,delayed_or_staged_result_return | low_adherence_or_refusal,high,medium,HO1 | HO2 | HO3 | HO4,3,3.0,4,2.0,0.6000000000000001,low_score | below_strong | high_judge_disagreement | closed_but_low_score | serious_error_any_judge | minor_or_moderate_error_any_judge,closed_but_low_score,True,False,True,False,False,False,False,False,True,False,False,False,True,False,True,True,False
case_CL120_EHR_059__GLM-5,case_CL120_EHR_059__anon_64bd9abb25495fc9,case_CL120_EHR_059,GLM-5,closed_success,5,30,5,5,2,6,5,5,True,2.5,1,2,0,6,3,,,closed,terminal_safe_handoff_closed,gastro_hepatology,gi_bleeding,pre_handoff,moderate,cost_transport_or_work_barrier,low_adherence_or_refusal | external_system_gap,high,medium,HO1 | HO2 | HO3 | HO4,3.25,3.5,4,1.7853571071357126,0.3500000000000001,below_strong | high_judge_disagreement | serious_error_any_judge | minor_or_moderate_error_any_judge,high_judge_disagreement,False,False,True,False,False,False,False,False,True,False,False,False,False,False,True,True,False
case_CL120_EHR_060__GLM-5,case_CL120_EHR_060__anon_570b62ddf4f683ed,case_CL120_EHR_060,GLM-5,runtime_error,1,8,1,1,1,2,2,2,True,1.0,1,1,1,0,0,content_filter_400,RuntimeError,open,,gastro_hepatology,viral_hepatitis_cirrhosis,pre_handoff,moderate,privacy_stigma_or_sensitive_history,external_system_gap | misstated_family_or_patient_information,high,medium,HO1 | HO2 | HO3 | HO4,1.25,1.0,1,0.4330127018922193,-0.30000000000000004,low_score | very_low_score | below_strong | sparse_workspace | workspace_underuse_candidate | serious_error_any_judge | minor_or_moderate_error_any_judge,runtime_error,True,True,True,False,False,False,True,False,False,True,False,False,False,False,True,True,False
case_CL120_EHR_061__GLM-5,case_CL120_EHR_061__anon_4d249e9d6e067b17,case_CL120_EHR_061,GLM-5,closed_success,10,60,10,10,5,13,12,12,True,2.0,1,10,11,0,2,,,closed,terminal_safe_episode_closed,neurology,stroke_tia,post_handoff,moderate,incomplete_patient_information,misstated_family_or_patient_information | cost_transport_or_work_barrier,high,medium,HO1 | HO2 | HO3 | HO4,4,5.0,4,1.7320508075688772,2.1,high_judge_disagreement | serious_error_any_judge | minor_or_moderate_error_any_judge,high_judge_disagreement,False,False,False,False,False,False,False,False,True,False,False,False,False,False,True,True,False
case_CL120_EHR_062__GLM-5,case_CL120_EHR_062__anon_0b33ca9c3bd9e76a,case_CL120_EHR_062,GLM-5,closed_success,5,40,5,5,5,8,8,8,True,1.0,1,5,6,0,5,,,closed,terminal_safe_episode_closed,neurology,limb_numbness_weakness_preoperative_medication_and_followup,pre_handoff,moderate,medication_confusion_or_execution_failure,cost_transport_or_work_barrier | privacy_stigma_or_sensitive_history,high,medium,HO1 | HO2 | HO3 | HO4,3.25,3.0,3,1.299038105676658,-0.5,low_score | below_strong | high_judge_disagreement | closed_but_low_score | minor_or_moderate_error_any_judge,closed_but_low_score,True,False,True,False,False,False,False,False,True,False,False,False,True,False,False,True,False
case_CL120_EHR_063__GLM-5,case_CL120_EHR_063__anon_bf0a3f45f67df4b6,case_CL120_EHR_063,GLM-5,closed_success,20,66,20,20,3,9,8,8,True,6.666666666666667,1,20,21,0,0,,,closed,terminal_safe_episode_closed,neurology,headache_red_flag,result_return,moderate,caregiver_conflict_or_fatigue,privacy_stigma_or_sensitive_history | incomplete_patient_information,high,medium,HO1 | HO2 | HO3 | HO4,2.5,2.0,4,1.5,-0.5,low_score | very_low_score | below_strong | high_judge_disagreement | closed_but_low_score | serious_error_any_judge | minor_or_moderate_error_any_judge | important_non_chain_defect_any_judge,very_low_score,True,True,True,False,False,False,False,False,True,False,False,False,True,False,True,True,True
case_CL120_EHR_064__GLM-5,case_CL120_EHR_064__anon_d3cc389659147cc8,case_CL120_EHR_064,GLM-5,closed_success,17,113,17,17,11,25,23,23,True,1.5454545454545454,1,16,18,0,7,,,closed,terminal_safe_episode_closed,neurology,dementia_delirium,result_return,moderate,document_or_image_quality_problem,incomplete_patient_information | medication_confusion_or_execution_failure,high,medium,HO1 | HO2 | HO3 | HO4,2.5,2.0,4,1.5,-0.1499999999999999,low_score | very_low_score | below_strong | heavy_workspace | high_judge_disagreement | workspace_overuse_candidate | long_or_tool_intensive_low_score | closed_but_low_score | serious_error_any_judge | minor_or_moderate_error_any_judge | important_non_chain_defect_any_judge,very_low_score,True,True,True,False,False,False,False,True,True,False,True,True,True,False,True,True,True
case_CL120_EHR_065__GLM-5,case_CL120_EHR_065__anon_1a6a69baa7df9596,case_CL120_EHR_065,GLM-5,closed_success,8,78,8,8,5,22,18,18,True,1.6,1,7,8,0,4,,,closed,terminal_safe_episode_closed,neurology,neuropathy_or_fall,home_execution_failure,moderate,delayed_or_staged_result_return,medication_confusion_or_execution_failure | caregiver_conflict_or_fatigue,high,medium,HO1 | HO2 | HO3 | HO4,2.25,1.5,4,1.6393596310755,-0.9500000000000002,low_score | very_low_score | below_strong | high_judge_disagreement | closed_but_low_score | serious_error_any_judge | minor_or_moderate_error_any_judge,very_low_score,True,True,True,False,False,False,False,False,True,False,False,False,True,False,True,True,False
case_CL120_EHR_066__GLM-5,case_CL120_EHR_066__anon_b1754968397ecba0,case_CL120_EHR_066,GLM-5,closed_success,5,36,5,5,4,7,7,7,True,1.25,1,5,2,4,4,,,closed,terminal_bounded_episode_closed,neurology,stroke_tia,home_execution_failure,moderate,low_adherence_or_refusal,caregiver_conflict_or_fatigue | document_or_image_quality_problem,high,medium,HO1 | HO2 | HO3 | HO4,3.25,3.5,4,1.7853571071357126,0.0,below_strong | high_judge_disagreement | serious_error_any_judge | minor_or_moderate_error_any_judge,high_judge_disagreement,False,False,True,False,False,False,False,False,True,False,False,False,False,False,True,True,False
case_CL120_EHR_067__GLM-5,case_CL120_EHR_067__anon_e9966dbf299aaf36,case_CL120_EHR_067,GLM-5,closed_success,18,73,18,18,6,12,11,11,True,3.0,1,18,19,0,2,,,closed,terminal_safe_episode_closed,neurology,seizure,longitudinal_followup,heavy,external_system_gap,document_or_image_quality_problem | delayed_or_staged_result_return,high,long,HO1 | HO2 | HO3 | HO4,2.25,2.0,3,1.0897247358851685,-1.15,low_score | very_low_score | below_strong | heavy_workspace | high_judge_disagreement | workspace_overuse_candidate | long_or_tool_intensive_low_score | closed_but_low_score | model_specific_weakness | serious_error_any_judge | minor_or_moderate_error_any_judge,very_low_score,True,True,True,False,False,False,False,True,True,False,True,True,True,True,True,True,False
case_CL120_EHR_068__GLM-5,case_CL120_EHR_068__anon_9a302cfaa6d67d0d,case_CL120_EHR_068,GLM-5,closed_success,19,107,19,19,8,23,20,20,True,2.375,1,18,20,0,5,,,closed,terminal_safe_episode_closed,neurology,headache_red_flag,discharge_transition,heavy,misstated_family_or_patient_information,delayed_or_staged_result_return | low_adherence_or_refusal,high,long,HO1 | HO2 | HO3 | HO4,4,4.5,3,1.224744871391589,0.4500000000000002,heavy_workspace | high_judge_disagreement | minor_or_moderate_error_any_judge,high_judge_disagreement,False,False,False,False,False,False,False,True,True,False,False,False,False,False,False,True,False
case_CL120_EHR_069__GLM-5,case_CL120_EHR_069__anon_fb4039e5e63a476e,case_CL120_EHR_069,GLM-5,closed_success,32,171,32,32,17,37,33,33,True,1.8823529411764706,1,29,33,0,3,,,closed,terminal_safe_episode_closed,neurology,dementia_delirium,discharge_transition,extreme,cost_transport_or_work_barrier,low_adherence_or_refusal | external_system_gap,high,extra_long,HO1 | HO2 | HO3 | HO4,4.25,5.0,3,1.299038105676658,1.85,heavy_workspace | high_judge_disagreement | minor_or_moderate_error_any_judge,high_judge_disagreement,False,False,False,False,False,False,False,True,True,False,False,False,False,False,False,True,False
case_CL120_EHR_070__GLM-5,case_CL120_EHR_070__anon_afa34264a8a8f07f,case_CL120_EHR_070,GLM-5,closed_success,3,30,3,3,2,8,7,7,True,1.5,1,2,4,0,1,,,closed,terminal_safe_handoff_closed,neurology,neuropathy_or_fall,pre_handoff,light,privacy_stigma_or_sensitive_history,external_system_gap | misstated_family_or_patient_information,high,short,HO1 | HO2 | HO3 | HO4,3.5,3.5,3,1.5,0.10000000000000009,below_strong | high_judge_disagreement | minor_or_moderate_error_any_judge,high_judge_disagreement,False,False,True,False,False,False,False,False,True,False,False,False,False,False,False,True,False
case_CL120_EHR_071__GLM-5,case_CL120_EHR_071__anon_b2b1e805c19c43fb,case_CL120_EHR_071,GLM-5,closed_success,4,34,4,4,3,8,7,7,True,1.3333333333333333,1,3,0,5,3,,,closed,terminal_safe_handoff_closed,obstetrics_gynecology,pregnancy_med_safety,pre_handoff,light,incomplete_patient_information,misstated_family_or_patient_information | cost_transport_or_work_barrier,high,short,HO1 | HO2 | HO3 | HO4,3.5,3.5,3,1.5,1.1,below_strong | high_judge_disagreement | minor_or_moderate_error_any_judge | important_non_chain_defect_any_judge,high_judge_disagreement,False,False,True,False,False,False,False,False,True,False,False,False,False,False,False,True,True
case_CL120_EHR_072__GLM-5,case_CL120_EHR_072__anon_c86fb5bc51370695,case_CL120_EHR_072,GLM-5,closed_success,22,121,22,22,10,24,22,22,True,2.2,1,22,23,0,7,,,closed,terminal_safe_episode_closed,obstetrics_gynecology,ectopic_or_bleeding,post_handoff,light,medication_confusion_or_execution_failure,cost_transport_or_work_barrier | privacy_stigma_or_sensitive_history,high,medium,HO1 | HO2 | HO3 | HO4,3.5,3.5,3,1.5,0.0,below_strong | heavy_workspace | high_judge_disagreement | workspace_overuse_candidate | long_or_tool_intensive_low_score | minor_or_moderate_error_any_judge,long_or_tool_intensive_low_score,False,False,True,False,False,False,False,True,True,False,True,True,False,False,False,True,False
case_CL120_EHR_073__GLM-5,case_CL120_EHR_073__anon_56a3f1d1a247e037,case_CL120_EHR_073,GLM-5,closed_success,11,78,11,11,8,19,17,17,True,1.375,1,11,12,0,2,,,closed,terminal_safe_episode_closed,obstetrics_gynecology,postpartum_warning,post_handoff,light,caregiver_conflict_or_fatigue,privacy_stigma_or_sensitive_history | incomplete_patient_information,high,medium,HO1 | HO2 | HO3 | HO4,3,2.5,3,1.224744871391589,-1.5499999999999998,low_score | very_low_score | below_strong | heavy_workspace | high_judge_disagreement | workspace_overuse_candidate | long_or_tool_intensive_low_score | closed_but_low_score | model_specific_weakness | minor_or_moderate_error_any_judge | important_non_chain_defect_any_judge,very_low_score,True,True,True,False,False,False,False,True,True,False,True,True,True,True,False,True,True
case_CL120_EHR_074__GLM-5,case_CL120_EHR_074__anon_4bf6cc8a3ff8533b,case_CL120_EHR_074,GLM-5,closed_success,5,48,5,5,3,13,11,11,True,1.6666666666666667,1,5,0,6,2,,,closed,terminal_safe_episode_closed,obstetrics_gynecology,gynecologic_mass_pathway,result_return,light,document_or_image_quality_problem,incomplete_patient_information | medication_confusion_or_execution_failure,high,medium,HO1 | HO2 | HO3 | HO4,2.75,2.5,4,1.479019945774904,-1.15,low_score | very_low_score | below_strong | high_judge_disagreement | closed_but_low_score | model_specific_weakness | serious_error_any_judge | minor_or_moderate_error_any_judge | important_non_chain_defect_any_judge,very_low_score,True,True,True,False,False,False,False,False,True,False,False,False,True,True,True,True,True
case_CL120_EHR_075__GLM-5,case_CL120_EHR_075__anon_88c0f0a135c2b5d7,case_CL120_EHR_075,GLM-5,closed_success,8,65,8,8,6,16,14,14,True,1.3333333333333333,1,7,0,9,4,,,closed,terminal_safe_episode_closed,obstetrics_gynecology,pregnancy_med_safety,result_return,moderate,delayed_or_staged_result_return,medication_confusion_or_execution_failure | caregiver_conflict_or_fatigue,high,medium,HO1 | HO2 | HO3 | HO4,3,3.0,4,1.5811388300841898,0.1499999999999999,low_score | below_strong | heavy_workspace | high_judge_disagreement | workspace_overuse_candidate | long_or_tool_intensive_low_score | closed_but_low_score | serious_error_any_judge | minor_or_moderate_error_any_judge,long_or_tool_intensive_low_score,True,False,True,False,False,False,False,True,True,False,True,True,True,False,True,True,False
case_CL120_EHR_076__GLM-5,case_CL120_EHR_076__anon_b33d378bbefd3db0,case_CL120_EHR_076,GLM-5,closed_success,24,128,24,24,12,26,24,24,True,2.0,1,23,0,25,5,,,closed,terminal_safe_handoff_closed,obstetrics_gynecology,ectopic_or_bleeding,home_execution_failure,moderate,low_adherence_or_refusal,caregiver_conflict_or_fatigue | document_or_image_quality_problem,high,medium,HO1 | HO2 | HO3 | HO4,3.5,3.5,3,1.5,0.25,below_strong | heavy_workspace | high_judge_disagreement | workspace_overuse_candidate | long_or_tool_intensive_low_score | minor_or_moderate_error_any_judge,long_or_tool_intensive_low_score,False,False,True,False,False,False,False,True,True,False,True,True,False,False,False,True,False
case_CL120_EHR_077__GLM-5,case_CL120_EHR_077__anon_00ebe7341fad54df,case_CL120_EHR_077,GLM-5,closed_success,5,52,5,5,3,15,12,12,True,1.6666666666666667,1,4,0,6,2,,,closed,terminal_safe_episode_closed,obstetrics_gynecology,postpartum_warning,home_execution_failure,moderate,external_system_gap,document_or_image_quality_problem | delayed_or_staged_result_return,high,medium,HO1 | HO2 | HO3 | HO4,2.25,2.0,3,1.0897247358851685,-1.0,low_score | very_low_score | below_strong | high_judge_disagreement | closed_but_low_score | model_specific_weakness | serious_error_any_judge | minor_or_moderate_error_any_judge,very_low_score,True,True,True,False,False,False,False,False,True,False,False,False,True,True,True,True,False
case_CL120_EHR_078__GLM-5,case_CL120_EHR_078__anon_29250248b1798177,case_CL120_EHR_078,GLM-5,closed_success,33,140,33,33,13,25,23,23,True,2.5384615384615383,1,31,34,0,2,,,closed,terminal_safe_handoff_closed,obstetrics_gynecology,gynecologic_mass_pathway,longitudinal_followup,moderate,misstated_family_or_patient_information,delayed_or_staged_result_return | low_adherence_or_refusal,high,medium,HO1 | HO2 | HO3 | HO4,4,4.5,3,1.224744871391589,0.7000000000000002,heavy_workspace | high_judge_disagreement | minor_or_moderate_error_any_judge,high_judge_disagreement,False,False,False,False,False,False,False,True,True,False,False,False,False,False,False,True,False
case_CL120_EHR_079__GLM-5,case_CL120_EHR_079__anon_13c10166a410c5d7,case_CL120_EHR_079,GLM-5,closed_success,10,44,10,10,3,7,6,6,True,3.3333333333333335,1,6,11,0,4,,,closed,terminal_safe_episode_closed,pediatrics,fever_dehydration,discharge_transition,moderate,cost_transport_or_work_barrier,low_adherence_or_refusal | external_system_gap,high,medium,HO1 | HO2 | HO3 | HO4,3.5,3.5,3,1.5,0.9500000000000002,below_strong | high_judge_disagreement | minor_or_moderate_error_any_judge,high_judge_disagreement,False,False,True,False,False,False,False,False,True,False,False,False,False,False,False,True,False
case_CL120_EHR_080__GLM-5,case_CL120_EHR_080__anon_43008bb511c4a192,case_CL120_EHR_080,GLM-5,closed_success,18,108,18,18,11,24,22,22,True,1.6363636363636365,1,17,19,0,3,,,closed,terminal_safe_episode_closed,pediatrics,type1_diabetes_vomiting,discharge_transition,moderate,privacy_stigma_or_sensitive_history,external_system_gap | misstated_family_or_patient_information,high,medium,HO1 | HO2 | HO3 | HO4,2.5,2.0,4,1.5,-0.3500000000000001,low_score | very_low_score | below_strong | heavy_workspace | high_judge_disagreement | workspace_overuse_candidate | long_or_tool_intensive_low_score | closed_but_low_score | serious_error_any_judge | minor_or_moderate_error_any_judge,very_low_score,True,True,True,False,False,False,False,True,True,False,True,True,True,False,True,True,False
case_CL120_EHR_081__GLM-5,case_CL120_EHR_081__anon_49c58a700c61e32d,case_CL120_EHR_081,GLM-5,closed_success,4,37,4,4,4,9,8,8,True,1.0,1,4,5,0,3,,,closed,terminal_safe_episode_closed,pediatrics,short_stature_growth_hormone_deficiency_and_scoliosis_followup,discharge_transition,moderate,incomplete_patient_information,misstated_family_or_patient_information | cost_transport_or_work_barrier,high,medium,HO1 | HO2 | HO3 | HO4,3.25,3.0,3,1.299038105676658,-0.20000000000000018,low_score | below_strong | high_judge_disagreement | closed_but_low_score | minor_or_moderate_error_any_judge,closed_but_low_score,True,False,True,False,False,False,False,False,True,False,False,False,True,False,False,True,False
case_CL120_EHR_082__GLM-5,case_CL120_EHR_082__anon_821987ab5c039833,case_CL120_EHR_082,GLM-5,closed_success,6,60,6,6,5,16,14,14,True,1.2,1,5,7,0,3,,,closed,terminal_safe_episode_closed,pediatrics,caregiver_medication_error,pre_handoff,moderate,medication_confusion_or_execution_failure,cost_transport_or_work_barrier | privacy_stigma_or_sensitive_history,high,medium,HO1 | HO2 | HO3 | HO4,4,4.5,3,1.224744871391589,1.5499999999999998,high_judge_disagreement | minor_or_moderate_error_any_judge,high_judge_disagreement,False,False,False,False,False,False,False,False,True,False,False,False,False,False,False,True,False
case_CL120_EHR_083__GLM-5,case_CL120_EHR_083__anon_e913d585097512df,case_CL120_EHR_083,GLM-5,closed_success,12,73,12,12,6,17,15,15,True,2.0,1,8,13,0,1,,,closed,terminal_safe_episode_closed,pediatrics,fever_dehydration,post_handoff,moderate,caregiver_conflict_or_fatigue,privacy_stigma_or_sensitive_history | incomplete_patient_information,high,medium,HO1 | HO2 | HO3 | HO4,2.5,2.0,4,1.5,-1.0,low_score | very_low_score | below_strong | heavy_workspace | high_judge_disagreement | workspace_overuse_candidate | long_or_tool_intensive_low_score | closed_but_low_score | model_specific_weakness | serious_error_any_judge | minor_or_moderate_error_any_judge | important_non_chain_defect_any_judge,very_low_score,True,True,True,False,False,False,False,True,True,False,True,True,True,True,True,True,True
case_CL120_EHR_084__GLM-5,case_CL120_EHR_084__anon_9a58cbd6bcbfc784,case_CL120_EHR_084,GLM-5,closed_success,16,77,16,16,7,15,13,13,True,2.2857142857142856,1,15,17,0,3,,,closed,terminal_safe_episode_closed,pediatrics,type1_diabetes_vomiting,post_handoff,heavy,document_or_image_quality_problem,incomplete_patient_information | medication_confusion_or_execution_failure,high,long,HO1 | HO2 | HO3 | HO4,4,4.5,3,1.224744871391589,1.5499999999999998,heavy_workspace | high_judge_disagreement | minor_or_moderate_error_any_judge,high_judge_disagreement,False,False,False,False,False,False,False,True,True,False,False,False,False,False,False,True,False
case_CL120_EHR_085__GLM-5,case_CL120_EHR_085__anon_9a6bf26b2fd65393,case_CL120_EHR_085,GLM-5,closed_success,16,146,16,16,12,39,35,35,True,1.3333333333333333,1,16,17,0,4,,,closed,terminal_safe_episode_closed,pediatrics,asthma_child,result_return,heavy,delayed_or_staged_result_return,medication_confusion_or_execution_failure | caregiver_conflict_or_fatigue,high,long,HO1 | HO2 | HO3 | HO4,3.5,3.5,3,1.5,0.7000000000000002,below_strong | heavy_workspace | high_judge_disagreement | workspace_overuse_candidate | long_or_tool_intensive_low_score | minor_or_moderate_error_any_judge | important_non_chain_defect_any_judge,long_or_tool_intensive_low_score,False,False,True,False,False,False,False,True,True,False,True,True,False,False,False,True,True
case_CL120_EHR_086__GLM-5,case_CL120_EHR_086__anon_94006d2c36090202,case_CL120_EHR_086,GLM-5,closed_success,13,66,13,13,5,12,11,11,True,2.6,1,12,14,0,5,,,closed,terminal_safe_episode_closed,pediatrics,caregiver_medication_error,result_return,heavy,low_adherence_or_refusal,caregiver_conflict_or_fatigue | document_or_image_quality_problem,high,long,HO1 | HO2 | HO3 | HO4,3.5,4.0,4,1.6583123951777,0.2999999999999998,high_judge_disagreement | serious_error_any_judge | minor_or_moderate_error_any_judge | important_non_chain_defect_any_judge,high_judge_disagreement,False,False,False,False,False,False,False,False,True,False,False,False,False,False,True,True,True
case_CL120_EHR_087__GLM-5,case_CL120_EHR_087__anon_609747e0557dcdab,case_CL120_EHR_087,GLM-5,closed_success,11,49,11,11,3,7,7,7,True,3.6666666666666665,1,10,0,12,5,,,closed,terminal_safe_episode_closed,oncology_hematology,new_mass_staging,home_execution_failure,light,external_system_gap,document_or_image_quality_problem | delayed_or_staged_result_return,high,medium,HO1 | HO2 | HO3 | HO4,3.5,3.5,3,1.5,0.5499999999999998,below_strong | high_judge_disagreement | minor_or_moderate_error_any_judge,high_judge_disagreement,False,False,True,False,False,False,False,False,True,False,False,False,False,False,False,True,False
case_CL120_EHR_088__GLM-5,case_CL120_EHR_088__anon_d43b847501f9c996,case_CL120_EHR_088,GLM-5,closed_success,8,60,8,8,6,14,13,13,True,1.3333333333333333,1,8,9,0,3,,,closed,terminal_safe_episode_closed,oncology_hematology,chemotherapy_complication,home_execution_failure,light,misstated_family_or_patient_information,delayed_or_staged_result_return | low_adherence_or_refusal,high,medium,HO1 | HO2 | HO3 | HO4,3,3.0,4,1.5811388300841898,0.5,low_score | below_strong | heavy_workspace | high_judge_disagreement | workspace_overuse_candidate | long_or_tool_intensive_low_score | closed_but_low_score | serious_error_any_judge | minor_or_moderate_error_any_judge,long_or_tool_intensive_low_score,True,False,True,False,False,False,False,True,True,False,True,True,True,False,True,True,False
case_CL120_EHR_089__GLM-5,case_CL120_EHR_089__anon_59ba54025800d063,case_CL120_EHR_089,GLM-5,closed_success,81,300,81,81,19,47,42,42,True,4.2631578947368425,1,80,82,0,6,,,closed,terminal_safe_episode_closed,oncology_hematology,anemia_bleeding,longitudinal_followup,light,cost_transport_or_work_barrier,low_adherence_or_refusal | external_system_gap,high,medium,HO1 | HO2 | HO3 | HO4,4.25,5.0,3,1.299038105676658,1.0,high_turn | heavy_workspace | high_judge_disagreement | minor_or_moderate_error_any_judge | important_non_chain_defect_any_judge,high_judge_disagreement,False,False,False,True,False,False,False,True,True,False,False,False,False,False,False,True,True
case_CL120_EHR_090__GLM-5,case_CL120_EHR_090__anon_e39eac63ea23558b,case_CL120_EHR_090,GLM-5,closed_success,4,33,4,4,3,8,7,7,True,1.3333333333333333,1,3,5,0,2,,,closed,terminal_safe_episode_closed,oncology_hematology,palliative_transition,discharge_transition,light,privacy_stigma_or_sensitive_history,external_system_gap | misstated_family_or_patient_information,high,medium,HO1 | HO2 | HO3 | HO4,3.5,3.5,3,1.5,0.4500000000000002,below_strong | high_judge_disagreement | minor_or_moderate_error_any_judge | important_non_chain_defect_any_judge,high_judge_disagreement,False,False,True,False,False,False,False,False,True,False,False,False,False,False,False,True,True
case_CL120_EHR_091__GLM-5,case_CL120_EHR_091__anon_ba1f367d76db66eb,case_CL120_EHR_091,GLM-5,closed_success,6,54,6,6,5,14,12,12,True,1.2,1,6,7,0,3,,,closed,terminal_safe_episode_closed,oncology_hematology,family_disclosure,discharge_transition,light,incomplete_patient_information,misstated_family_or_patient_information | cost_transport_or_work_barrier,high,medium,HO1 | HO2 | HO3 | HO4,2.75,2.0,3,1.299038105676658,-0.3999999999999999,low_score | very_low_score | below_strong | high_judge_disagreement | closed_but_low_score | minor_or_moderate_error_any_judge,very_low_score,True,True,True,False,False,False,False,False,True,False,False,False,True,False,False,True,False
case_CL120_EHR_092__GLM-5,case_CL120_EHR_092__anon_0907501c60a03b4f,case_CL120_EHR_092,GLM-5,closed_success,4,27,4,4,2,6,5,5,True,2.0,1,2,5,0,2,,,closed,terminal_safe_handoff_closed,oncology_hematology,new_mass_staging,pre_handoff,light,medication_confusion_or_execution_failure,cost_transport_or_work_barrier | privacy_stigma_or_sensitive_history,high,short,HO1 | HO2 | HO3 | HO4,2.75,2.0,3,1.299038105676658,-0.6000000000000001,low_score | very_low_score | below_strong | high_judge_disagreement | closed_but_low_score | minor_or_moderate_error_any_judge,very_low_score,True,True,True,False,False,False,False,False,True,False,False,False,True,False,False,True,False
case_CL120_EHR_093__GLM-5,case_CL120_EHR_093__anon_6d44158d4ee3c1f2,case_CL120_EHR_093,GLM-5,closed_success,8,41,8,8,2,7,6,6,True,4.0,1,2,9,0,5,,,closed,terminal_safe_handoff_closed,oncology_hematology,chemotherapy_complication,pre_handoff,moderate,caregiver_conflict_or_fatigue,privacy_stigma_or_sensitive_history | incomplete_patient_information,high,medium,HO1 | HO2 | HO3 | HO4,2.25,1.5,4,1.6393596310755,-0.75,low_score | very_low_score | below_strong | high_judge_disagreement | closed_but_low_score | serious_error_any_judge | minor_or_moderate_error_any_judge,very_low_score,True,True,True,False,False,False,False,False,True,False,False,False,True,False,True,True,False
case_CL120_EHR_094__GLM-5,case_CL120_EHR_094__anon_73b498b284be5184,case_CL120_EHR_094,GLM-5,closed_success,35,162,35,35,13,30,27,27,True,2.6923076923076925,1,35,36,0,7,,,closed,terminal_safe_episode_closed,oncology_hematology,anemia_bleeding,post_handoff,moderate,document_or_image_quality_problem,incomplete_patient_information | medication_confusion_or_execution_failure,high,medium,HO1 | HO2 | HO3 | HO4,3.25,3.0,3,1.299038105676658,-0.2999999999999998,low_score | below_strong | heavy_workspace | high_judge_disagreement | workspace_overuse_candidate | long_or_tool_intensive_low_score | closed_but_low_score | minor_or_moderate_error_any_judge,long_or_tool_intensive_low_score,True,False,True,False,False,False,False,True,True,False,True,True,True,False,False,True,False
case_CL120_EHR_095__GLM-5,case_CL120_EHR_095__anon_7af7d93c74a98bd3,case_CL120_EHR_095,GLM-5,closed_success,11,132,11,11,10,39,33,33,True,1.1,1,11,12,0,3,,,closed,terminal_safe_episode_closed,oncology_hematology,palliative_transition,post_handoff,moderate,delayed_or_staged_result_return,medication_confusion_or_execution_failure | caregiver_conflict_or_fatigue,high,medium,HO1 | HO2 | HO3 | HO4,2.25,1.5,4,1.6393596310755,-1.2999999999999998,low_score | very_low_score | below_strong | heavy_workspace | high_judge_disagreement | workspace_overuse_candidate | long_or_tool_intensive_low_score | closed_but_low_score | model_specific_weakness | serious_error_any_judge | minor_or_moderate_error_any_judge | important_non_chain_defect_any_judge,very_low_score,True,True,True,False,False,False,False,True,True,False,True,True,True,True,True,True,True
case_CL120_EHR_096__GLM-5,case_CL120_EHR_096__anon_d55f11ebeb70b5b9,case_CL120_EHR_096,GLM-5,closed_success,65,298,65,65,21,56,50,50,True,3.0952380952380953,1,63,66,0,10,,,closed,terminal_safe_episode_closed,oncology_hematology,family_disclosure,result_return,moderate,low_adherence_or_refusal,caregiver_conflict_or_fatigue | document_or_image_quality_problem,high,medium,HO1 | HO2 | HO3 | HO4,4,4.5,3,1.224744871391589,0.5499999999999998,high_turn | heavy_workspace | high_judge_disagreement | minor_or_moderate_error_any_judge | important_non_chain_defect_any_judge,high_judge_disagreement,False,False,False,True,False,False,False,True,True,False,False,False,False,False,False,True,True
case_CL120_EHR_097__GLM-5,case_CL120_EHR_097__anon_b3b416f00f9887e8,case_CL120_EHR_097,GLM-5,closed_success,4,30,4,4,3,7,6,6,True,1.3333333333333333,1,3,5,0,2,,,closed,terminal_safe_episode_closed,infectious_disease,culture_result_action,result_return,moderate,external_system_gap,document_or_image_quality_problem | delayed_or_staged_result_return,high,medium,HO1 | HO2 | HO3 | HO4,3.75,4.0,3,1.0897247358851685,0.8999999999999999,high_judge_disagreement | minor_or_moderate_error_any_judge,high_judge_disagreement,False,False,False,False,False,False,False,False,True,False,False,False,False,False,False,True,False
case_CL120_EHR_098__GLM-5,case_CL120_EHR_098__anon_50e311ba0d32fd20,case_CL120_EHR_098,GLM-5,closed_success,28,91,28,28,6,11,10,10,True,4.666666666666667,1,28,29,0,3,,,closed,terminal_safe_episode_closed,infectious_disease,sepsis_warning,home_execution_failure,moderate,misstated_family_or_patient_information,delayed_or_staged_result_return | low_adherence_or_refusal,high,medium,HO1 | HO2 | HO3 | HO4,4.25,5.0,3,1.299038105676658,1.2000000000000002,heavy_workspace | high_judge_disagreement | minor_or_moderate_error_any_judge | important_non_chain_defect_any_judge,high_judge_disagreement,False,False,False,False,False,False,False,True,True,False,False,False,False,False,False,True,True
case_CL120_EHR_099__GLM-5,case_CL120_EHR_099__anon_6576e633accd66be,case_CL120_EHR_099,GLM-5,closed_success,23,104,23,23,8,16,15,15,True,2.875,1,23,24,0,11,,,closed,terminal_safe_episode_closed,infectious_disease,tb_or_hbv_stigma,home_execution_failure,moderate,cost_transport_or_work_barrier,low_adherence_or_refusal | external_system_gap,high,medium,HO1 | HO2 | HO3 | HO4,3.5,3.5,3,1.5,-0.04999999999999982,below_strong | heavy_workspace | high_judge_disagreement | workspace_overuse_candidate | long_or_tool_intensive_low_score | minor_or_moderate_error_any_judge,long_or_tool_intensive_low_score,False,False,True,False,False,False,False,True,True,False,True,True,False,False,False,True,False
case_CL120_EHR_100__GLM-5,case_CL120_EHR_100__anon_169da9b9e6d3b496,case_CL120_EHR_100,GLM-5,closed_success,23,212,23,23,16,60,51,51,True,1.4375,1,23,0,24,3,,,closed,terminal_safe_episode_closed,infectious_disease,antibiotic_allergy_or_adherence,longitudinal_followup,moderate,privacy_stigma_or_sensitive_history,external_system_gap | misstated_family_or_patient_information,high,medium,HO1 | HO2 | HO3 | HO4,2.5,2.0,2,0.8660254037844386,-0.8500000000000001,low_score | very_low_score | below_strong | heavy_workspace | high_judge_disagreement | workspace_overuse_candidate | long_or_tool_intensive_low_score | closed_but_low_score | minor_or_moderate_error_any_judge | important_non_chain_defect_any_judge,very_low_score,True,True,True,False,False,False,False,True,True,False,True,True,True,False,False,True,True
case_CL120_EHR_101__GLM-5,case_CL120_EHR_101__anon_e837c9ba9c5ebf26,case_CL120_EHR_101,GLM-5,closed_success,5,48,5,5,4,12,10,10,True,1.25,1,5,6,0,5,,,closed,terminal_safe_episode_closed,infectious_disease,culture_result_action,discharge_transition,heavy,incomplete_patient_information,misstated_family_or_patient_information | cost_transport_or_work_barrier,high,long,HO1 | HO2 | HO3 | HO4,1.75,2.0,1,0.4330127018922193,-1.5,low_score | very_low_score | below_strong | closed_but_low_score | model_specific_weakness | serious_error_any_judge | minor_or_moderate_error_any_judge,very_low_score,True,True,True,False,False,False,False,False,False,False,False,False,True,True,True,True,False
case_CL120_EHR_102__GLM-5,case_CL120_EHR_102__anon_f79f0718e9f39944,case_CL120_EHR_102,GLM-5,closed_success,27,100,27,27,6,16,14,14,True,4.5,1,27,0,28,1,,,closed,terminal_safe_episode_closed,infectious_disease,sepsis_warning,discharge_transition,heavy,medication_confusion_or_execution_failure,cost_transport_or_work_barrier | privacy_stigma_or_sensitive_history,high,long,HO1 | HO2 | HO3 | HO4,3.75,4.5,4,1.6393596310755,0.6499999999999999,heavy_workspace | high_judge_disagreement | serious_error_any_judge | minor_or_moderate_error_any_judge | important_non_chain_defect_any_judge,high_judge_disagreement,False,False,False,False,False,False,False,True,True,False,False,False,False,False,True,True,True
case_CL120_EHR_103__GLM-5,case_CL120_EHR_103__anon_4921d48d9e2ac74b,case_CL120_EHR_103,GLM-5,closed_success,4,46,4,4,4,12,11,11,True,1.0,1,4,5,0,3,,,closed,terminal_safe_episode_closed,infectious_disease,transplant_patient_hbv_tb_stigma_and_immunosuppression_safety,pre_handoff,heavy,caregiver_conflict_or_fatigue,privacy_stigma_or_sensitive_history | incomplete_patient_information,high,long,HO1 | HO2 | HO3 | HO4,3.5,3.5,3,1.5,0.20000000000000018,below_strong | high_judge_disagreement | minor_or_moderate_error_any_judge,high_judge_disagreement,False,False,True,False,False,False,False,False,True,False,False,False,False,False,False,True,False
case_CL120_EHR_104__GLM-5,case_CL120_EHR_104__anon_05325ec07cd85a0c,case_CL120_EHR_104,GLM-5,closed_success,11,58,11,11,5,10,9,9,True,2.2,1,8,12,0,7,,,closed,terminal_safe_handoff_closed,infectious_disease,antibiotic_allergy_or_adherence,pre_handoff,light,document_or_image_quality_problem,incomplete_patient_information | medication_confusion_or_execution_failure,high,short,HO1 | HO2 | HO3 | HO4,3.5,3.5,3,1.5,0.25,below_strong | high_judge_disagreement | minor_or_moderate_error_any_judge | important_non_chain_defect_any_judge,high_judge_disagreement,False,False,True,False,False,False,False,False,True,False,False,False,False,False,False,True,True
case_CL120_EHR_105__GLM-5,case_CL120_EHR_105__anon_3f4b781b1db74625,case_CL120_EHR_105,GLM-5,closed_success,17,88,17,17,11,17,17,17,True,1.5454545454545454,1,17,18,0,2,,,closed,terminal_safe_episode_closed,musculoskeletal_geriatrics,fracture_fall_prevention,post_handoff,light,delayed_or_staged_result_return,medication_confusion_or_execution_failure | caregiver_conflict_or_fatigue,high,medium,HO1 | HO2 | HO3 | HO4,3.25,3.0,3,1.299038105676658,0.10000000000000009,low_score | below_strong | heavy_workspace | high_judge_disagreement | workspace_overuse_candidate | long_or_tool_intensive_low_score | closed_but_low_score | minor_or_moderate_error_any_judge,long_or_tool_intensive_low_score,True,False,True,False,False,False,False,True,True,False,True,True,True,False,False,True,False
case_CL120_EHR_106__GLM-5,case_CL120_EHR_106__anon_e7ded9cdc326716f,case_CL120_EHR_106,GLM-5,closed_success,24,130,24,24,12,27,26,26,True,2.0,1,24,25,0,2,,,closed,terminal_safe_episode_closed,musculoskeletal_geriatrics,osteoporosis,post_handoff,light,low_adherence_or_refusal,caregiver_conflict_or_fatigue | document_or_image_quality_problem,high,medium,HO1 | HO2 | HO3 | HO4,3.75,4.5,4,1.6393596310755,0.8999999999999999,heavy_workspace | high_judge_disagreement | serious_error_any_judge | important_non_chain_defect_any_judge,high_judge_disagreement,False,False,False,False,False,False,False,True,True,False,False,False,False,False,True,False,True
case_CL120_EHR_107__GLM-5,case_CL120_EHR_107__anon_4305bd3b20a6c24f,case_CL120_EHR_107,GLM-5,closed_success,12,107,12,12,8,29,25,25,True,1.5,1,12,13,0,3,,,closed,terminal_safe_episode_closed,musculoskeletal_geriatrics,polypharmacy,result_return,light,external_system_gap,document_or_image_quality_problem | delayed_or_staged_result_return,high,medium,HO1 | HO2 | HO3 | HO4,3.25,3.5,4,1.7853571071357126,0.2999999999999998,below_strong | heavy_workspace | high_judge_disagreement | workspace_overuse_candidate | long_or_tool_intensive_low_score | serious_error_any_judge | minor_or_moderate_error_any_judge,long_or_tool_intensive_low_score,False,False,True,False,False,False,False,True,True,False,True,True,False,False,True,True,False
case_CL120_EHR_108__GLM-5,case_CL120_EHR_108__anon_bb7607f300444e2c,case_CL120_EHR_108,GLM-5,closed_success,6,57,6,6,4,14,13,13,True,1.5,1,4,7,0,4,,,closed,terminal_safe_episode_closed,musculoskeletal_geriatrics,frailty_caregiver_execution,result_return,light,misstated_family_or_patient_information,delayed_or_staged_result_return | low_adherence_or_refusal,high,medium,HO1 | HO2 | HO3 | HO4,3,3.0,4,2.0,0.1499999999999999,low_score | below_strong | high_judge_disagreement | closed_but_low_score | serious_error_any_judge | minor_or_moderate_error_any_judge,closed_but_low_score,True,False,True,False,False,False,False,False,True,False,False,False,True,False,True,True,False
case_CL120_EHR_109__GLM-5,case_CL120_EHR_109__anon_c7e293a8e9a554de,case_CL120_EHR_109,GLM-5,closed_success,8,74,8,8,6,19,18,18,True,1.3333333333333333,1,7,9,0,2,,,closed,terminal_safe_episode_closed,musculoskeletal_geriatrics,fracture_fall_prevention,home_execution_failure,light,cost_transport_or_work_barrier,low_adherence_or_refusal | external_system_gap,high,medium,HO1 | HO2 | HO3 | HO4,2.5,2.0,4,1.5,-1.25,low_score | very_low_score | below_strong | heavy_workspace | high_judge_disagreement | workspace_overuse_candidate | long_or_tool_intensive_low_score | closed_but_low_score | model_specific_weakness | serious_error_any_judge | minor_or_moderate_error_any_judge,very_low_score,True,True,True,False,False,False,False,True,True,False,True,True,True,True,True,True,False
case_CL120_EHR_110__GLM-5,case_CL120_EHR_110__anon_184165d795f9dfe8,case_CL120_EHR_110,GLM-5,closed_success,6,35,6,6,2,7,7,7,True,3.0,1,2,7,0,1,,,closed,terminal_safe_episode_closed,musculoskeletal_geriatrics,osteoporosis,home_execution_failure,moderate,privacy_stigma_or_sensitive_history,external_system_gap | misstated_family_or_patient_information,high,medium,HO1 | HO2 | HO3 | HO4,3.25,3.0,3,1.299038105676658,0.8500000000000001,low_score | below_strong | high_judge_disagreement | closed_but_low_score | minor_or_moderate_error_any_judge,closed_but_low_score,True,False,True,False,False,False,False,False,True,False,False,False,True,False,False,True,False
case_CL120_EHR_111__GLM-5,case_CL120_EHR_111__anon_750749c9d198d247,case_CL120_EHR_111,GLM-5,closed_success,15,84,15,15,7,18,16,16,True,2.142857142857143,1,12,16,0,3,,,closed,terminal_safe_episode_closed,musculoskeletal_geriatrics,polypharmacy,longitudinal_followup,moderate,incomplete_patient_information,misstated_family_or_patient_information | cost_transport_or_work_barrier,high,medium,HO1 | HO2 | HO3 | HO4,4,4.5,3,1.224744871391589,2.15,heavy_workspace | high_judge_disagreement | minor_or_moderate_error_any_judge,high_judge_disagreement,False,False,False,False,False,False,False,True,True,False,False,False,False,False,False,True,False
case_CL120_EHR_112__GLM-5,case_CL120_EHR_112__anon_8b6d233cbd997574,case_CL120_EHR_112,GLM-5,closed_success,9,71,9,9,6,18,15,15,True,1.5,1,6,10,0,4,,,closed,terminal_safe_episode_closed,musculoskeletal_geriatrics,frailty_caregiver_execution,discharge_transition,moderate,medication_confusion_or_execution_failure,cost_transport_or_work_barrier | privacy_stigma_or_sensitive_history,high,medium,HO1 | HO2 | HO3 | HO4,3.5,3.5,3,1.5,-0.10000000000000009,below_strong | heavy_workspace | high_judge_disagreement | workspace_overuse_candidate | long_or_tool_intensive_low_score | minor_or_moderate_error_any_judge | important_non_chain_defect_any_judge,long_or_tool_intensive_low_score,False,False,True,False,False,False,False,True,True,False,True,True,False,False,False,True,True
case_CL120_EHR_113__GLM-5,case_CL120_EHR_113__anon_31cc23cbc4eadcce,case_CL120_EHR_113,GLM-5,closed_success,15,118,15,15,12,30,27,27,True,1.25,1,15,16,0,3,,,closed,terminal_safe_episode_closed,mental_health_somatic,anxiety_depression_somatic_red_flag_and_followup,longitudinal_followup,moderate,caregiver_conflict_or_fatigue,privacy_stigma_or_sensitive_history | incomplete_patient_information,high,medium,HO1 | HO2 | HO3 | HO4,4.25,5.0,3,1.299038105676658,1.7000000000000002,heavy_workspace | high_judge_disagreement | minor_or_moderate_error_any_judge,high_judge_disagreement,False,False,False,False,False,False,False,True,True,False,False,False,False,False,False,True,False
case_CL120_EHR_114__GLM-5,case_CL120_EHR_114__anon_6f778a97b2f35727,case_CL120_EHR_114,GLM-5,closed_success,8,67,8,8,6,16,15,15,True,1.3333333333333333,1,8,9,0,4,,,closed,terminal_safe_handoff_closed,mental_health_somatic,depression_adherence,pre_handoff,moderate,document_or_image_quality_problem,incomplete_patient_information | medication_confusion_or_execution_failure,high,medium,HO1 | HO2 | HO3 | HO4,3.25,3.5,4,1.7853571071357126,1.0,below_strong | heavy_workspace | high_judge_disagreement | workspace_overuse_candidate | long_or_tool_intensive_low_score | serious_error_any_judge | minor_or_moderate_error_any_judge | important_non_chain_defect_any_judge,long_or_tool_intensive_low_score,False,False,True,False,False,False,False,True,True,False,True,True,False,False,True,True,True
case_CL120_EHR_115__GLM-5,case_CL120_EHR_115__anon_e8b03b914f1d6d4f,case_CL120_EHR_115,GLM-5,closed_success,12,75,12,12,9,16,15,15,True,1.3333333333333333,1,12,13,0,4,,,closed,terminal_safe_episode_closed,mental_health_somatic,stigma_hidden_history,pre_handoff,moderate,delayed_or_staged_result_return,medication_confusion_or_execution_failure | caregiver_conflict_or_fatigue,high,medium,HO1 | HO2 | HO3 | HO4,3.25,3.5,4,1.7853571071357126,-0.04999999999999982,below_strong | heavy_workspace | high_judge_disagreement | workspace_overuse_candidate | long_or_tool_intensive_low_score | serious_error_any_judge | minor_or_moderate_error_any_judge | important_non_chain_defect_any_judge,long_or_tool_intensive_low_score,False,False,True,False,False,False,False,True,True,False,True,True,False,False,True,True,True
case_CL120_EHR_116__GLM-5,case_CL120_EHR_116__anon_14e9213667778ab5,case_CL120_EHR_116,GLM-5,closed_success,13,80,13,13,8,18,17,17,True,1.625,1,12,14,0,1,,,closed,terminal_safe_handoff_closed,mental_health_somatic,anxiety_somatic_red_flag,post_handoff,moderate,low_adherence_or_refusal,caregiver_conflict_or_fatigue | document_or_image_quality_problem,high,medium,HO1 | HO2 | HO3 | HO4,3,3.0,4,1.5811388300841898,0.5,low_score | below_strong | heavy_workspace | high_judge_disagreement | workspace_overuse_candidate | long_or_tool_intensive_low_score | closed_but_low_score | serious_error_any_judge | minor_or_moderate_error_any_judge,long_or_tool_intensive_low_score,True,False,True,False,False,False,False,True,True,False,True,True,True,False,True,True,False
case_CL120_EHR_117__GLM-5,case_CL120_EHR_117__anon_7e31f43c3e5a7f92,case_CL120_EHR_117,GLM-5,closed_success,7,60,7,7,4,16,13,13,True,1.75,1,5,8,0,3,,,closed,terminal_safe_episode_closed,mental_health_somatic,depression_adherence,post_handoff,moderate,external_system_gap,document_or_image_quality_problem | delayed_or_staged_result_return,high,medium,HO1 | HO2 | HO3 | HO4,3.25,3.5,4,1.7853571071357126,1.1,below_strong | high_judge_disagreement | serious_error_any_judge | minor_or_moderate_error_any_judge,high_judge_disagreement,False,False,True,False,False,False,False,False,True,False,False,False,False,False,True,True,False
case_CL120_EHR_118__GLM-5,case_CL120_EHR_118__anon_effaff29a24d255c,case_CL120_EHR_118,GLM-5,closed_success,15,66,15,15,4,11,10,10,True,3.75,1,15,16,0,4,,,closed,terminal_safe_episode_closed,dermatology_ent_ophthalmology,rash_drug_reaction,result_return,heavy,misstated_family_or_patient_information,delayed_or_staged_result_return | low_adherence_or_refusal,high,long,HO1 | HO2 | HO3 | HO4,3,2.5,3,1.224744871391589,-0.75,low_score | very_low_score | below_strong | high_judge_disagreement | closed_but_low_score | minor_or_moderate_error_any_judge,very_low_score,True,True,True,False,False,False,False,False,True,False,False,False,True,False,False,True,False
case_CL120_EHR_119__GLM-5,case_CL120_EHR_119__anon_464d8ef4d62f9624,case_CL120_EHR_119,GLM-5,runtime_error,27,105,27,27,8,16,16,16,True,3.375,1,15,0,27,3,content_filter_400,RuntimeError,open,,dermatology_ent_ophthalmology,vision_red_flag,result_return,heavy,cost_transport_or_work_barrier,low_adherence_or_refusal | external_system_gap,high,long,HO1 | HO2 | HO3 | HO4,2.5,2.0,4,1.5,-1.4,low_score | very_low_score | below_strong | heavy_workspace | high_judge_disagreement | workspace_overuse_candidate | long_or_tool_intensive_low_score | model_specific_weakness | serious_error_any_judge | minor_or_moderate_error_any_judge | important_non_chain_defect_any_judge,runtime_error,True,True,True,False,False,False,False,True,True,False,True,True,False,True,True,True,True
case_CL120_EHR_120__GLM-5,case_CL120_EHR_120__anon_9053a0189f725a89,case_CL120_EHR_120,GLM-5,closed_success,9,84,9,9,8,23,20,20,True,1.125,1,8,0,10,2,,,closed,terminal_safe_episode_closed,dermatology_ent_ophthalmology,otitis_sinus_complication,home_execution_failure,heavy,privacy_stigma_or_sensitive_history,external_system_gap | misstated_family_or_patient_information,high,long,HO1 | HO2 | HO3 | HO4,2.5,2.0,4,1.5,-0.6499999999999999,low_score | very_low_score | below_strong | heavy_workspace | high_judge_disagreement | workspace_overuse_candidate | long_or_tool_intensive_low_score | closed_but_low_score | serious_error_any_judge | minor_or_moderate_error_any_judge | important_non_chain_defect_any_judge,very_low_score,True,True,True,False,False,False,False,True,True,False,True,True,True,False,True,True,True
case_CL120_EHR_001__GPT-5.4,case_CL120_EHR_001__anon_3465ccd25b14e88e,case_CL120_EHR_001,GPT-5.4,closed_success,6,19,6,6,1,1,1,1,True,6.0,1,1,7,0,3,,,closed,terminal_safe_episode_closed,cardiovascular,chest_pain_acs_dissection,longitudinal_followup,light,incomplete_patient_information,misstated_family_or_patient_information | cost_transport_or_work_barrier,high,medium,HO1 | HO2 | HO3 | HO4,3.75,4.0,3,1.299038105676658,1.15,sparse_workspace | high_judge_disagreement | minor_or_moderate_error_any_judge,high_judge_disagreement,False,False,False,False,False,False,True,False,True,False,False,False,False,False,False,True,False
case_CL120_EHR_002__GPT-5.4,case_CL120_EHR_002__anon_7ded34b5c1d728b7,case_CL120_EHR_002,GPT-5.4,closed_success,10,29,10,10,2,2,2,2,True,5.0,1,2,11,0,2,,,closed,terminal_safe_handoff_closed,cardiovascular,heart_failure_decompensation,longitudinal_followup,light,medication_confusion_or_execution_failure,cost_transport_or_work_barrier | privacy_stigma_or_sensitive_history,high,medium,HO1 | HO2 | HO3 | HO4,1.5,1.5,1,0.5,-1.4,low_score | very_low_score | below_strong | closed_but_low_score | model_specific_weakness | serious_error_any_judge | minor_or_moderate_error_any_judge,very_low_score,True,True,True,False,False,False,False,False,False,False,False,False,True,True,True,True,False
case_CL120_EHR_003__GPT-5.4,case_CL120_EHR_003__anon_424fe0fa0ed287a9,case_CL120_EHR_003,GPT-5.4,closed_success,4,17,4,4,2,2,2,2,True,2.0,1,2,5,0,2,,,closed,terminal_safe_episode_closed,cardiovascular,atrial_fibrillation_anticoagulation,discharge_transition,light,caregiver_conflict_or_fatigue,privacy_stigma_or_sensitive_history | incomplete_patient_information,high,medium,HO1 | HO2 | HO3 | HO4,5,5.0,0,0.0,2.0,,no_major_failure_flag,False,False,False,False,False,False,False,False,False,False,False,False,False,False,False,False,False
case_CL120_EHR_004__GPT-5.4,case_CL120_EHR_004__anon_6242dc72a7c203d9,case_CL120_EHR_004,GPT-5.4,closed_success,6,18,6,6,1,1,1,1,True,6.0,1,1,7,0,2,,,closed,terminal_safe_episode_closed,dermatology_ent_ophthalmology,cataract_postoperative_medication_and_followup,discharge_transition,light,document_or_image_quality_problem,incomplete_patient_information | medication_confusion_or_execution_failure,high,medium,HO1 | HO2 | HO3 | HO4,2.75,2.5,4,1.479019945774904,-0.2999999999999998,low_score | very_low_score | below_strong | sparse_workspace | high_judge_disagreement | workspace_underuse_candidate | closed_but_low_score | serious_error_any_judge | minor_or_moderate_error_any_judge | important_non_chain_defect_any_judge,very_low_score,True,True,True,False,False,False,True,False,True,True,False,False,True,False,True,True,True
case_CL120_EHR_005__GPT-5.4,case_CL120_EHR_005__anon_96315ba8311d3586,case_CL120_EHR_005,GPT-5.4,closed_success,7,19,7,7,0,0,0,0,False,,,,8,0,4,,,closed,terminal_safe_handoff_closed,cardiovascular,syncope,pre_handoff,light,delayed_or_staged_result_return,medication_confusion_or_execution_failure | caregiver_conflict_or_fatigue,high,short,HO1 | HO2 | HO3 | HO4,4,4.5,3,1.224744871391589,0.8500000000000001,no_workspace | sparse_workspace | high_judge_disagreement | minor_or_moderate_error_any_judge,high_judge_disagreement,False,False,False,False,False,True,True,False,True,False,False,False,False,False,False,True,False
case_CL120_EHR_006__GPT-5.4,case_CL120_EHR_006__anon_6ae54ee98231fbad,case_CL120_EHR_006,GPT-5.4,closed_success,2,8,2,2,0,0,0,0,False,,,,3,0,3,,,closed,terminal_safe_handoff_closed,cardiovascular,chest_pain_acs_dissection,pre_handoff,light,low_adherence_or_refusal,caregiver_conflict_or_fatigue | document_or_image_quality_problem,high,short,HO1 | HO2 | HO3 | HO4,4.5,5.0,2,0.8660254037844386,1.1,no_workspace | sparse_workspace | high_judge_disagreement,high_judge_disagreement,False,False,False,False,False,True,True,False,True,False,False,False,False,False,False,False,False
case_CL120_EHR_007__GPT-5.4,case_CL120_EHR_007__anon_ff59ad460bb6f0ed,case_CL120_EHR_007,GPT-5.4,closed_success,5,18,5,5,1,1,1,1,True,5.0,1,1,6,0,4,,,closed,terminal_safe_episode_closed,cardiovascular,heart_failure_decompensation,post_handoff,moderate,external_system_gap,document_or_image_quality_problem | delayed_or_staged_result_return,high,medium,HO1 | HO2 | HO3 | HO4,2.75,2.5,4,1.7853571071357126,-0.10000000000000009,low_score | very_low_score | below_strong | sparse_workspace | high_judge_disagreement | workspace_underuse_candidate | closed_but_low_score | serious_error_any_judge | minor_or_moderate_error_any_judge,very_low_score,True,True,True,False,False,False,True,False,True,True,False,False,True,False,True,True,False
case_CL120_EHR_008__GPT-5.4,case_CL120_EHR_008__anon_30cecd35e4fce7ef,case_CL120_EHR_008,GPT-5.4,closed_success,69,145,69,69,2,2,2,2,True,34.5,1,2,70,0,0,,,closed,terminal_safe_episode_closed,cardiovascular,atrial_fibrillation_anticoagulation,post_handoff,moderate,misstated_family_or_patient_information,delayed_or_staged_result_return | low_adherence_or_refusal,high,medium,HO1 | HO2 | HO3 | HO4,3.25,3.5,4,1.479019945774904,-0.10000000000000009,below_strong | high_turn | high_judge_disagreement | long_or_tool_intensive_low_score | serious_error_any_judge,long_or_tool_intensive_low_score,False,False,True,True,False,False,False,False,True,False,False,True,False,False,True,False,False
case_CL120_EHR_009__GPT-5.4,case_CL120_EHR_009__anon_14b6aaef8b45e47b,case_CL120_EHR_009,GPT-5.4,closed_success,27,59,27,27,0,0,0,0,False,,,,28,0,4,,,closed,terminal_safe_episode_closed,cardiovascular,hypertension_urgency,result_return,moderate,cost_transport_or_work_barrier,low_adherence_or_refusal | external_system_gap,high,medium,HO1 | HO2 | HO3 | HO4,3,3.0,4,1.5811388300841898,0.10000000000000009,low_score | below_strong | no_workspace | sparse_workspace | high_judge_disagreement | workspace_underuse_candidate | closed_but_low_score | serious_error_any_judge | minor_or_moderate_error_any_judge,workspace_underuse_candidate,True,False,True,False,False,True,True,False,True,True,False,False,True,False,True,True,False
case_CL120_EHR_010__GPT-5.4,case_CL120_EHR_010__anon_b7bb784e1a4c9853,case_CL120_EHR_010,GPT-5.4,closed_success,12,31,12,12,1,1,1,1,True,12.0,1,1,13,0,3,,,closed,terminal_safe_episode_closed,cardiovascular,syncope,result_return,moderate,privacy_stigma_or_sensitive_history,external_system_gap | misstated_family_or_patient_information,high,medium,HO1 | HO2 | HO3 | HO4,3,3.0,4,2.0,-0.9500000000000002,low_score | below_strong | sparse_workspace | high_judge_disagreement | workspace_underuse_candidate | closed_but_low_score | serious_error_any_judge | minor_or_moderate_error_any_judge,workspace_underuse_candidate,True,False,True,False,False,False,True,False,True,True,False,False,True,False,True,True,False
case_CL120_EHR_011__GPT-5.4,case_CL120_EHR_011__anon_35611a63ed7a5881,case_CL120_EHR_011,GPT-5.4,closed_success,10,21,10,10,0,0,0,0,False,,,,11,0,0,,,closed,terminal_safe_episode_closed,cardiovascular,chest_pain_acs_dissection,home_execution_failure,moderate,incomplete_patient_information,misstated_family_or_patient_information | cost_transport_or_work_barrier,high,medium,HO1 | HO2 | HO3 | HO4,4.5,4.5,1,0.5,0.7999999999999998,no_workspace | sparse_workspace,no_major_failure_flag,False,False,False,False,False,True,True,False,False,False,False,False,False,False,False,False,False
case_CL120_EHR_012__GPT-5.4,case_CL120_EHR_012__anon_9d53d1a3b64499a7,case_CL120_EHR_012,GPT-5.4,closed_success,49,109,49,49,1,2,2,2,True,49.0,1,1,50,0,4,,,closed,terminal_safe_episode_closed,cardiovascular,heart_failure_decompensation,longitudinal_followup,moderate,medication_confusion_or_execution_failure,cost_transport_or_work_barrier | privacy_stigma_or_sensitive_history,high,medium,HO1 | HO2 | HO3 | HO4,3,3.0,4,2.0,-0.20000000000000018,low_score | below_strong | sparse_workspace | high_judge_disagreement | workspace_underuse_candidate | closed_but_low_score | serious_error_any_judge,workspace_underuse_candidate,True,False,True,False,False,False,True,False,True,True,False,False,True,False,True,False,False
case_CL120_EHR_013__GPT-5.4,case_CL120_EHR_013__anon_cf56376c803bcec0,case_CL120_EHR_013,GPT-5.4,closed_success,10,26,10,10,0,0,0,0,False,,,,11,0,5,,,closed,terminal_safe_episode_closed,cardiovascular,atrial_fibrillation_anticoagulation,longitudinal_followup,moderate,caregiver_conflict_or_fatigue,privacy_stigma_or_sensitive_history | incomplete_patient_information,high,medium,HO1 | HO2 | HO3 | HO4,4,5.0,4,1.7320508075688772,1.4,no_workspace | sparse_workspace | high_judge_disagreement | serious_error_any_judge | minor_or_moderate_error_any_judge,high_judge_disagreement,False,False,False,False,False,True,True,False,True,False,False,False,False,False,True,True,False
case_CL120_EHR_014__GPT-5.4,case_CL120_EHR_014__anon_2421cb12c97321b6,case_CL120_EHR_014,GPT-5.4,closed_success,8,22,8,8,1,1,1,1,True,8.0,1,1,9,0,2,,,closed,terminal_safe_episode_closed,cardiovascular,hypertension_urgency,discharge_transition,moderate,document_or_image_quality_problem,incomplete_patient_information | medication_confusion_or_execution_failure,high,medium,HO1 | HO2 | HO3 | HO4,4,4.5,3,1.224744871391589,1.4,sparse_workspace | high_judge_disagreement | minor_or_moderate_error_any_judge,high_judge_disagreement,False,False,False,False,False,False,True,False,True,False,False,False,False,False,False,True,False
case_CL120_EHR_015__GPT-5.4,case_CL120_EHR_015__anon_d8ccbed6089edfd2,case_CL120_EHR_015,GPT-5.4,closed_success,16,36,16,16,0,0,0,0,False,,,,17,0,3,,,closed,terminal_safe_episode_closed,respiratory,suspected_pulmonary_embolism_result_and_anticoagulation_followup,result_return,heavy,delayed_or_staged_result_return,medication_confusion_or_execution_failure | caregiver_conflict_or_fatigue,high,long,HO1 | HO2 | HO3 | HO4,5,5.0,0,0.0,1.35,no_workspace | sparse_workspace,no_major_failure_flag,False,False,False,False,False,True,True,False,False,False,False,False,False,False,False,False,False
case_CL120_EHR_016__GPT-5.4,case_CL120_EHR_016__anon_1e5471636d6b23d5,case_CL120_EHR_016,GPT-5.4,closed_success,4,12,4,4,0,0,0,0,False,,,,5,0,3,,,closed,terminal_safe_handoff_closed,respiratory,pneumonia,pre_handoff,heavy,low_adherence_or_refusal,caregiver_conflict_or_fatigue | document_or_image_quality_problem,high,long,HO1 | HO2 | HO3 | HO4,3.5,3.5,3,1.5,0.5,below_strong | no_workspace | sparse_workspace | high_judge_disagreement | workspace_underuse_candidate | minor_or_moderate_error_any_judge,workspace_underuse_candidate,False,False,True,False,False,True,True,False,True,True,False,False,False,False,False,True,False
case_CL120_EHR_017__GPT-5.4,case_CL120_EHR_017__anon_036c450365735f5a,case_CL120_EHR_017,GPT-5.4,closed_success,26,60,26,26,1,1,1,1,True,26.0,1,1,27,0,4,,,closed,terminal_safe_episode_closed,respiratory,lung_nodule_mass,post_handoff,heavy,external_system_gap,document_or_image_quality_problem | delayed_or_staged_result_return,high,long,HO1 | HO2 | HO3 | HO4,4.25,4.0,1,0.4330127018922193,-0.20000000000000018,sparse_workspace,no_major_failure_flag,False,False,False,False,False,False,True,False,False,False,False,False,False,False,False,False,False
case_CL120_EHR_018__GPT-5.4,case_CL120_EHR_018__anon_15ab2e9e958ed72d,case_CL120_EHR_018,GPT-5.4,closed_success,3,12,3,3,1,1,1,1,True,3.0,1,1,4,0,2,,,closed,terminal_safe_episode_closed,respiratory,pulmonary_embolism,post_handoff,extreme,misstated_family_or_patient_information,delayed_or_staged_result_return | low_adherence_or_refusal,high,extra_long,HO1 | HO2 | HO3 | HO4,1.5,1.5,1,0.5,-1.1,low_score | very_low_score | below_strong | sparse_workspace | workspace_underuse_candidate | closed_but_low_score | model_specific_weakness | serious_error_any_judge | minor_or_moderate_error_any_judge,very_low_score,True,True,True,False,False,False,True,False,False,True,False,False,True,True,True,True,False
case_CL120_EHR_019__GPT-5.4,case_CL120_EHR_019__anon_343ade00683c5e24,case_CL120_EHR_019,GPT-5.4,closed_success,12,41,12,12,3,4,4,4,True,4.0,1,3,13,0,4,,,closed,terminal_safe_episode_closed,respiratory,home_oxygen_or_inhaler_execution,post_handoff,light,cost_transport_or_work_barrier,low_adherence_or_refusal | external_system_gap,high,medium,HO1 | HO2 | HO3 | HO4,4,5.0,4,1.7320508075688772,1.4500000000000002,high_judge_disagreement | serious_error_any_judge,high_judge_disagreement,False,False,False,False,False,False,False,False,True,False,False,False,False,False,True,False,False
case_CL120_EHR_020__GPT-5.4,case_CL120_EHR_020__anon_87f7196dc0ea23d6,case_CL120_EHR_020,GPT-5.4,closed_success,4,19,4,4,1,2,2,2,True,4.0,1,1,5,0,4,,,closed,terminal_safe_episode_closed,respiratory,asthma_copd_exacerbation,result_return,light,privacy_stigma_or_sensitive_history,external_system_gap | misstated_family_or_patient_information,high,medium,HO1 | HO2 | HO3 | HO4,2.75,2.0,3,1.299038105676658,0.10000000000000009,low_score | very_low_score | below_strong | sparse_workspace | high_judge_disagreement | workspace_underuse_candidate | closed_but_low_score | minor_or_moderate_error_any_judge,very_low_score,True,True,True,False,False,False,True,False,True,True,False,False,True,False,False,True,False
case_CL120_EHR_021__GPT-5.4,case_CL120_EHR_021__anon_589e2b1dcd95a298,case_CL120_EHR_021,GPT-5.4,open_at_100,100,211,100,100,1,2,2,2,True,100.0,1,1,101,0,4,,,soft_closed,milestone_closed_but_not_terminal,respiratory,pneumonia,result_return,light,incomplete_patient_information,misstated_family_or_patient_information | cost_transport_or_work_barrier,high,medium,HO1 | HO2 | HO3 | HO4,3,3.0,2,1.0,-0.04999999999999982,low_score | below_strong | high_turn | very_high_turn | sparse_workspace | high_judge_disagreement | workspace_underuse_candidate | long_or_tool_intensive_low_score | minor_or_moderate_error_any_judge,open_at_100,True,False,True,True,True,False,True,False,True,True,False,True,False,False,False,True,False
case_CL120_EHR_022__GPT-5.4,case_CL120_EHR_022__anon_57270d23b74dcd75,case_CL120_EHR_022,GPT-5.4,closed_success,11,38,11,11,3,4,4,4,True,3.6666666666666665,1,3,0,12,3,,,closed,terminal_safe_episode_closed,respiratory,lung_nodule_mass,home_execution_failure,light,medication_confusion_or_execution_failure,cost_transport_or_work_barrier | privacy_stigma_or_sensitive_history,high,medium,HO1 | HO2 | HO3 | HO4,4,5.0,4,1.7320508075688772,3.15,high_judge_disagreement | serious_error_any_judge,high_judge_disagreement,False,False,False,False,False,False,False,False,True,False,False,False,False,False,True,False,False
case_CL120_EHR_023__GPT-5.4,case_CL120_EHR_023__anon_fb788a0e5e08edf7,case_CL120_EHR_023,GPT-5.4,closed_success,10,27,10,10,1,1,1,1,True,10.0,1,1,11,0,3,,,closed,terminal_safe_episode_closed,respiratory,pulmonary_embolism,longitudinal_followup,light,caregiver_conflict_or_fatigue,privacy_stigma_or_sensitive_history | incomplete_patient_information,high,medium,HO1 | HO2 | HO3 | HO4,2.25,1.5,4,1.6393596310755,-0.3999999999999999,low_score | very_low_score | below_strong | sparse_workspace | high_judge_disagreement | workspace_underuse_candidate | closed_but_low_score | serious_error_any_judge | minor_or_moderate_error_any_judge,very_low_score,True,True,True,False,False,False,True,False,True,True,False,False,True,False,True,True,False
case_CL120_EHR_024__GPT-5.4,case_CL120_EHR_024__anon_d5bdccad46c9ec66,case_CL120_EHR_024,GPT-5.4,closed_success,7,31,7,7,2,4,4,4,True,3.5,1,2,8,0,4,,,closed,terminal_safe_episode_closed,respiratory,home_oxygen_or_inhaler_execution,longitudinal_followup,moderate,document_or_image_quality_problem,incomplete_patient_information | medication_confusion_or_execution_failure,high,medium,HO1 | HO2 | HO3 | HO4,3.25,3.5,4,1.7853571071357126,0.8999999999999999,below_strong | high_judge_disagreement | serious_error_any_judge | minor_or_moderate_error_any_judge,high_judge_disagreement,False,False,True,False,False,False,False,False,True,False,False,False,False,False,True,True,False
case_CL120_EHR_025__GPT-5.4,case_CL120_EHR_025__anon_0e6e81c02edfc4fe,case_CL120_EHR_025,GPT-5.4,closed_success,66,142,66,66,1,1,1,1,True,66.0,1,1,67,0,6,,,closed,terminal_safe_handoff_closed,respiratory,asthma_copd_exacerbation,discharge_transition,moderate,delayed_or_staged_result_return,medication_confusion_or_execution_failure | caregiver_conflict_or_fatigue,high,medium,HO1 | HO2 | HO3 | HO4,4,5.0,4,1.7320508075688772,1.6,high_turn | sparse_workspace | high_judge_disagreement | serious_error_any_judge | minor_or_moderate_error_any_judge,high_judge_disagreement,False,False,False,True,False,False,True,False,True,False,False,False,False,False,True,True,False
case_CL120_EHR_026__GPT-5.4,case_CL120_EHR_026__anon_cc08cd6168fba714,case_CL120_EHR_026,GPT-5.4,closed_success,24,53,24,24,0,0,0,0,False,,,,25,0,4,,,closed,terminal_safe_episode_closed,respiratory,pneumonia,palliative_terminal,moderate,low_adherence_or_refusal,caregiver_conflict_or_fatigue | document_or_image_quality_problem,high,medium,HO1 | HO2 | HO3 | HO4,2.75,2.5,4,1.7853571071357126,-0.2999999999999998,low_score | very_low_score | below_strong | no_workspace | sparse_workspace | high_judge_disagreement | workspace_underuse_candidate | closed_but_low_score | serious_error_any_judge | minor_or_moderate_error_any_judge,very_low_score,True,True,True,False,False,True,True,False,True,True,False,False,True,False,True,True,False
case_CL120_EHR_027__GPT-5.4,case_CL120_EHR_027__anon_94433e48527719ef,case_CL120_EHR_027,GPT-5.4,closed_success,4,19,4,4,1,2,2,2,True,4.0,1,1,5,0,4,,,closed,terminal_safe_handoff_closed,endocrine_metabolic,diabetes_sick_day,pre_handoff,moderate,external_system_gap,document_or_image_quality_problem | delayed_or_staged_result_return,high,medium,HO1 | HO2 | HO3 | HO4,3.5,4.0,4,1.5,1.5499999999999998,sparse_workspace | high_judge_disagreement | serious_error_any_judge | minor_or_moderate_error_any_judge,high_judge_disagreement,False,False,False,False,False,False,True,False,True,False,False,False,False,False,True,True,False
case_CL120_EHR_028__GPT-5.4,case_CL120_EHR_028__anon_e9023178b8b57b9a,case_CL120_EHR_028,GPT-5.4,closed_success,19,50,19,19,3,3,3,3,True,6.333333333333333,1,3,20,0,2,,,closed,terminal_safe_episode_closed,endocrine_metabolic,hypoglycemia,post_handoff,moderate,misstated_family_or_patient_information,delayed_or_staged_result_return | low_adherence_or_refusal,high,medium,HO1 | HO2 | HO3 | HO4,3,3.0,4,2.0,1.1,low_score | below_strong | high_judge_disagreement | closed_but_low_score | serious_error_any_judge | minor_or_moderate_error_any_judge,closed_but_low_score,True,False,True,False,False,False,False,False,True,False,False,False,True,False,True,True,False
case_CL120_EHR_029__GPT-5.4,case_CL120_EHR_029__anon_362e9b7cd0d50562,case_CL120_EHR_029,GPT-5.4,closed_success,96,201,96,96,2,2,2,2,True,48.0,1,2,97,0,2,,,closed,terminal_safe_episode_closed,endocrine_metabolic,thyroid_dysfunction,post_handoff,moderate,cost_transport_or_work_barrier,low_adherence_or_refusal | external_system_gap,high,medium,HO1 | HO2 | HO3 | HO4,3.25,3.0,3,1.299038105676658,-0.7999999999999998,low_score | below_strong | high_turn | very_high_turn | high_judge_disagreement | long_or_tool_intensive_low_score | closed_but_low_score | minor_or_moderate_error_any_judge,long_or_tool_intensive_low_score,True,False,True,True,True,False,False,False,True,False,False,True,True,False,False,True,False
case_CL120_EHR_030__GPT-5.4,case_CL120_EHR_030__anon_f309324227a823da,case_CL120_EHR_030,GPT-5.4,closed_success,25,75,25,25,3,6,6,6,True,8.333333333333334,1,13,26,0,6,,,closed,terminal_safe_episode_closed,endocrine_metabolic,steroid_or_insulin_adjustment,post_handoff,moderate,privacy_stigma_or_sensitive_history,external_system_gap | misstated_family_or_patient_information,high,medium,HO1 | HO2 | HO3 | HO4,2.5,2.0,4,1.6583123951777,-0.2999999999999998,low_score | very_low_score | below_strong | high_judge_disagreement | closed_but_low_score | serious_error_any_judge | minor_or_moderate_error_any_judge,very_low_score,True,True,True,False,False,False,False,False,True,False,False,False,True,False,True,True,False
case_CL120_EHR_031__GPT-5.4,case_CL120_EHR_031__anon_379ce6b86922b87b,case_CL120_EHR_031,GPT-5.4,closed_success,31,89,31,31,4,7,7,7,True,7.75,1,19,0,32,5,,,closed,terminal_safe_episode_closed,endocrine_metabolic,obesity_sleep_apnea_metabolic_risk,result_return,moderate,incomplete_patient_information,misstated_family_or_patient_information | cost_transport_or_work_barrier,high,medium,HO1 | HO2 | HO3 | HO4,4,5.0,4,1.7320508075688772,2.4,high_judge_disagreement | serious_error_any_judge,high_judge_disagreement,False,False,False,False,False,False,False,False,True,False,False,False,False,False,True,False,False
case_CL120_EHR_032__GPT-5.4,case_CL120_EHR_032__anon_4340aa490dc05bb7,case_CL120_EHR_032,GPT-5.4,open_at_100,100,208,100,100,1,1,1,1,True,100.0,1,1,92,9,4,,,open,open_progressing,endocrine_metabolic,diabetes_sick_day,result_return,moderate,medication_confusion_or_execution_failure,cost_transport_or_work_barrier | privacy_stigma_or_sensitive_history,high,medium,HO1 | HO2 | HO3 | HO4,2.5,2.5,3,1.5,0.20000000000000018,low_score | very_low_score | below_strong | high_turn | very_high_turn | sparse_workspace | high_judge_disagreement | workspace_underuse_candidate | long_or_tool_intensive_low_score | serious_error_any_judge | minor_or_moderate_error_any_judge,open_at_100,True,True,True,True,True,False,True,False,True,True,False,True,False,False,True,True,False
case_CL120_EHR_033__GPT-5.4,case_CL120_EHR_033__anon_55af6b2bbb764324,case_CL120_EHR_033,GPT-5.4,closed_success,23,47,23,23,0,0,0,0,False,,,,24,0,0,,,closed,terminal_safe_episode_closed,endocrine_metabolic,hypoglycemia,home_execution_failure,heavy,caregiver_conflict_or_fatigue,privacy_stigma_or_sensitive_history | incomplete_patient_information,high,long,HO1 | HO2 | HO3 | HO4,4.25,5.0,3,1.299038105676658,1.75,no_workspace | sparse_workspace | high_judge_disagreement | minor_or_moderate_error_any_judge,high_judge_disagreement,False,False,False,False,False,True,True,False,True,False,False,False,False,False,False,True,False
case_CL120_EHR_034__GPT-5.4,case_CL120_EHR_034__anon_3ada474c04829b2b,case_CL120_EHR_034,GPT-5.4,closed_success,9,27,9,9,1,1,1,1,True,9.0,1,1,0,10,5,,,closed,terminal_safe_episode_closed,endocrine_metabolic,thyroid_dysfunction,longitudinal_followup,heavy,document_or_image_quality_problem,incomplete_patient_information | medication_confusion_or_execution_failure,high,long,HO1 | HO2 | HO3 | HO4,3.5,3.5,3,1.5,1.1,below_strong | sparse_workspace | high_judge_disagreement | workspace_underuse_candidate | minor_or_moderate_error_any_judge,workspace_underuse_candidate,False,False,True,False,False,False,True,False,True,True,False,False,False,False,False,True,False
case_CL120_EHR_035__GPT-5.4,case_CL120_EHR_035__anon_60719a38427fd08b,case_CL120_EHR_035,GPT-5.4,open_at_100,100,211,100,100,2,3,3,3,True,50.0,1,2,0,101,1,,,open,open_progressing,endocrine_metabolic,steroid_or_insulin_adjustment,longitudinal_followup,extreme,delayed_or_staged_result_return,medication_confusion_or_execution_failure | caregiver_conflict_or_fatigue,high,extra_long,HO1 | HO2 | HO3 | HO4,2.5,2.5,3,1.5,-0.10000000000000009,low_score | very_low_score | below_strong | high_turn | very_high_turn | high_judge_disagreement | long_or_tool_intensive_low_score | serious_error_any_judge,open_at_100,True,True,True,True,True,False,False,False,True,False,False,True,False,False,True,False,False
case_CL120_EHR_036__GPT-5.4,case_CL120_EHR_036__anon_3a2cd444f66ab129,case_CL120_EHR_036,GPT-5.4,closed_success,39,86,39,39,1,1,1,1,True,39.0,1,1,1,39,4,,,closed,terminal_safe_episode_closed,endocrine_metabolic,obesity_sleep_apnea_metabolic_risk,discharge_transition,light,low_adherence_or_refusal,caregiver_conflict_or_fatigue | document_or_image_quality_problem,high,medium,HO1 | HO2 | HO3 | HO4,3.25,3.5,4,1.7853571071357126,1.5,below_strong | sparse_workspace | high_judge_disagreement | workspace_underuse_candidate | serious_error_any_judge | minor_or_moderate_error_any_judge,workspace_underuse_candidate,False,False,True,False,False,False,True,False,True,True,False,False,False,False,True,True,False
case_CL120_EHR_037__GPT-5.4,case_CL120_EHR_037__anon_b2265ae9562060ff,case_CL120_EHR_037,GPT-5.4,closed_success,14,39,14,14,1,2,2,2,True,14.0,1,1,15,0,4,,,closed,terminal_safe_handoff_closed,endocrine_metabolic,diabetic_foot_wound_and_sick_day_medication_safety,home_execution_failure,light,external_system_gap,document_or_image_quality_problem | delayed_or_staged_result_return,high,medium,HO1 | HO2 | HO3 | HO4,4,5.0,4,1.7320508075688772,1.75,sparse_workspace | high_judge_disagreement | serious_error_any_judge,high_judge_disagreement,False,False,False,False,False,False,True,False,True,False,False,False,False,False,True,False,False
case_CL120_EHR_038__GPT-5.4,case_CL120_EHR_038__anon_f48df91652654b6f,case_CL120_EHR_038,GPT-5.4,closed_success,41,90,41,41,1,2,2,2,True,41.0,1,1,41,0,2,,,closed,terminal_safe_episode_closed,endocrine_metabolic,postoperative_glucose_variability_and_medication_safety,home_execution_failure,light,misstated_family_or_patient_information,delayed_or_staged_result_return | low_adherence_or_refusal,high,short,HO1 | HO2 | HO3 | HO4,4,5.0,4,1.7320508075688772,1.85,sparse_workspace | high_judge_disagreement | serious_error_any_judge,high_judge_disagreement,False,False,False,False,False,False,True,False,True,False,False,False,False,False,True,False,False
case_CL120_EHR_039__GPT-5.4,case_CL120_EHR_039__anon_2a7c75125ea68f7c,case_CL120_EHR_039,GPT-5.4,closed_success,9,28,9,9,2,2,2,2,True,4.5,1,2,0,9,4,,,closed,terminal_safe_episode_closed,renal_urology,ckd_med_reconciliation,post_handoff,light,cost_transport_or_work_barrier,low_adherence_or_refusal | external_system_gap,high,medium,HO1 | HO2 | HO3 | HO4,3.25,3.5,4,1.7853571071357126,1.25,below_strong | high_judge_disagreement | serious_error_any_judge | minor_or_moderate_error_any_judge,high_judge_disagreement,False,False,True,False,False,False,False,False,True,False,False,False,False,False,True,True,False
case_CL120_EHR_040__GPT-5.4,case_CL120_EHR_040__anon_f5078c258103b86f,case_CL120_EHR_040,GPT-5.4,closed_success,9,26,9,9,2,2,2,2,True,4.5,1,8,10,0,1,,,closed,terminal_safe_episode_closed,renal_urology,uti_culture_action,post_handoff,light,privacy_stigma_or_sensitive_history,external_system_gap | misstated_family_or_patient_information,high,medium,HO1 | HO2 | HO3 | HO4,3.75,4.0,3,1.299038105676658,1.15,high_judge_disagreement | minor_or_moderate_error_any_judge,high_judge_disagreement,False,False,False,False,False,False,False,False,True,False,False,False,False,False,False,True,False
case_CL120_EHR_041__GPT-5.4,case_CL120_EHR_041__anon_6292ec592c32392c,case_CL120_EHR_041,GPT-5.4,closed_success,17,44,17,17,1,2,2,2,True,17.0,1,1,18,0,3,,,closed,terminal_safe_episode_closed,renal_urology,renal_function_abnormality_warning_and_result_followup,result_return,moderate,incomplete_patient_information,misstated_family_or_patient_information | cost_transport_or_work_barrier,high,medium,HO1 | HO2 | HO3 | HO4,3.75,4.5,4,1.6393596310755,0.9500000000000002,sparse_workspace | high_judge_disagreement | serious_error_any_judge,high_judge_disagreement,False,False,False,False,False,False,True,False,True,False,False,False,False,False,True,False,False
case_CL120_EHR_042__GPT-5.4,case_CL120_EHR_042__anon_0de01e3764e0c154,case_CL120_EHR_042,GPT-5.4,closed_success,4,17,4,4,2,2,2,2,True,2.0,1,2,0,5,2,,,closed,terminal_safe_episode_closed,renal_urology,stone_colic,result_return,moderate,medication_confusion_or_execution_failure,cost_transport_or_work_barrier | privacy_stigma_or_sensitive_history,high,medium,HO1 | HO2 | HO3 | HO4,4,5.0,4,1.7320508075688772,2.2,high_judge_disagreement | serious_error_any_judge,high_judge_disagreement,False,False,False,False,False,False,False,False,True,False,False,False,False,False,True,False,False
case_CL120_EHR_043__GPT-5.4,case_CL120_EHR_043__anon_8cc542d30212899d,case_CL120_EHR_043,GPT-5.4,closed_success,62,133,62,62,2,2,2,2,True,31.0,1,2,63,0,2,,,closed,terminal_safe_episode_closed,renal_urology,anticoagulation_and_hematuria,home_execution_failure,moderate,caregiver_conflict_or_fatigue,privacy_stigma_or_sensitive_history | incomplete_patient_information,high,medium,HO1 | HO2 | HO3 | HO4,4.5,5.0,2,0.8660254037844386,1.6,high_turn | high_judge_disagreement,high_judge_disagreement,False,False,False,True,False,False,False,False,True,False,False,False,False,False,False,False,False
case_CL120_EHR_044__GPT-5.4,case_CL120_EHR_044__anon_01b4d2604f247138,case_CL120_EHR_044,GPT-5.4,closed_success,28,61,28,28,1,1,1,1,True,28.0,1,1,0,29,1,,,closed,terminal_safe_episode_closed,renal_urology,ckd_med_reconciliation,home_execution_failure,moderate,document_or_image_quality_problem,incomplete_patient_information | medication_confusion_or_execution_failure,high,medium,HO1 | HO2 | HO3 | HO4,4.75,5.0,1,0.4330127018922193,1.4500000000000002,sparse_workspace,no_major_failure_flag,False,False,False,False,False,False,True,False,False,False,False,False,False,False,False,False,False
case_CL120_EHR_045__GPT-5.4,case_CL120_EHR_045__anon_50a1c291733b27ef,case_CL120_EHR_045,GPT-5.4,closed_success,20,49,20,20,2,2,2,2,True,10.0,1,2,0,21,2,,,closed,terminal_safe_episode_closed,renal_urology,uti_culture_action,longitudinal_followup,moderate,delayed_or_staged_result_return,medication_confusion_or_execution_failure | caregiver_conflict_or_fatigue,high,medium,HO1 | HO2 | HO3 | HO4,3.25,3.5,4,1.7853571071357126,1.4,below_strong | high_judge_disagreement | serious_error_any_judge | minor_or_moderate_error_any_judge,high_judge_disagreement,False,False,True,False,False,False,False,False,True,False,False,False,False,False,True,True,False
case_CL120_EHR_046__GPT-5.4,case_CL120_EHR_046__anon_7c1a9d94b1dee8f6,case_CL120_EHR_046,GPT-5.4,open_at_100,100,206,100,100,0,0,0,0,False,,,,101,0,5,,,open,open_progressing,renal_urology,aki_warning,longitudinal_followup,moderate,low_adherence_or_refusal,caregiver_conflict_or_fatigue | document_or_image_quality_problem,high,medium,HO1 | HO2 | HO3 | HO4,4.5,4.5,1,0.5,1.15,high_turn | very_high_turn | no_workspace | sparse_workspace,open_at_100,False,False,False,True,True,True,True,False,False,False,False,False,False,False,False,False,False
case_CL120_EHR_047__GPT-5.4,case_CL120_EHR_047__anon_c8d879f71fdd2d0a,case_CL120_EHR_047,GPT-5.4,closed_success,14,43,14,14,1,3,3,3,True,14.0,1,1,15,0,5,,,closed,terminal_safe_episode_closed,renal_urology,stone_colic,discharge_transition,moderate,external_system_gap,document_or_image_quality_problem | delayed_or_staged_result_return,high,medium,HO1 | HO2 | HO3 | HO4,2.75,2.0,3,1.299038105676658,-0.2999999999999998,low_score | very_low_score | below_strong | sparse_workspace | high_judge_disagreement | workspace_underuse_candidate | closed_but_low_score | minor_or_moderate_error_any_judge,very_low_score,True,True,True,False,False,False,True,False,True,True,False,False,True,False,False,True,False
case_CL120_EHR_048__GPT-5.4,case_CL120_EHR_048__anon_1f7fd8d02827323b,case_CL120_EHR_048,GPT-5.4,closed_success,57,121,57,57,1,1,1,1,True,57.0,1,1,58,0,3,,,closed,terminal_safe_episode_closed,renal_urology,renal_function_electrolyte_and_urine_color_medication_safety,home_execution_failure,moderate,misstated_family_or_patient_information,delayed_or_staged_result_return | low_adherence_or_refusal,high,medium,HO1 | HO2 | HO3 | HO4,3.25,3.5,4,1.7853571071357126,0.5,below_strong | high_turn | sparse_workspace | high_judge_disagreement | workspace_underuse_candidate | long_or_tool_intensive_low_score | serious_error_any_judge | minor_or_moderate_error_any_judge,long_or_tool_intensive_low_score,False,False,True,True,False,False,True,False,True,True,False,True,False,False,True,True,False
case_CL120_EHR_049__GPT-5.4,case_CL120_EHR_049__anon_93c35518d28113b1,case_CL120_EHR_049,GPT-5.4,closed_success,5,17,5,5,1,1,1,1,True,5.0,1,1,0,6,3,,,closed,terminal_safe_episode_closed,respiratory,pulmonary_sequestration_interventional_planning_and_cost_barrier,pre_handoff,moderate,cost_transport_or_work_barrier,low_adherence_or_refusal | external_system_gap,high,medium,HO1 | HO2 | HO3 | HO4,4,4.5,3,1.224744871391589,1.35,sparse_workspace | high_judge_disagreement | minor_or_moderate_error_any_judge,high_judge_disagreement,False,False,False,False,False,False,True,False,True,False,False,False,False,False,False,True,False
case_CL120_EHR_050__GPT-5.4,case_CL120_EHR_050__anon_d01f89c147373dba,case_CL120_EHR_050,GPT-5.4,closed_success,40,90,40,40,2,2,2,2,True,20.0,1,2,41,0,3,,,closed,terminal_safe_episode_closed,gastro_hepatology,viral_hepatitis_cirrhosis,post_handoff,heavy,privacy_stigma_or_sensitive_history,external_system_gap | misstated_family_or_patient_information,high,long,HO1 | HO2 | HO3 | HO4,2.75,2.5,2,0.82915619758885,0.5,low_score | very_low_score | below_strong | high_judge_disagreement | closed_but_low_score | minor_or_moderate_error_any_judge | important_non_chain_defect_any_judge,very_low_score,True,True,True,False,False,False,False,False,True,False,False,False,True,False,False,True,True
case_CL120_EHR_051__GPT-5.4,case_CL120_EHR_051__anon_0dba1f7c445ef6ac,case_CL120_EHR_051,GPT-5.4,closed_success,62,137,62,62,3,3,3,3,True,20.666666666666668,1,3,63,0,3,,,closed,terminal_safe_episode_closed,gastro_hepatology,abdominal_pain,post_handoff,heavy,incomplete_patient_information,misstated_family_or_patient_information | cost_transport_or_work_barrier,high,long,HO1 | HO2 | HO3 | HO4,3.25,3.5,4,1.7853571071357126,0.6499999999999999,below_strong | high_turn | high_judge_disagreement | long_or_tool_intensive_low_score | serious_error_any_judge | minor_or_moderate_error_any_judge | important_non_chain_defect_any_judge,long_or_tool_intensive_low_score,False,False,True,True,False,False,False,False,True,False,False,True,False,False,True,True,True
case_CL120_EHR_052__GPT-5.4,case_CL120_EHR_052__anon_6384a82d296d05e1,case_CL120_EHR_052,GPT-5.4,closed_success,6,24,6,6,2,2,2,2,True,3.0,1,2,7,0,5,,,closed,terminal_safe_episode_closed,gastro_hepatology,pancreatitis,result_return,extreme,medication_confusion_or_execution_failure,cost_transport_or_work_barrier | privacy_stigma_or_sensitive_history,high,extra_long,HO1 | HO2 | HO3 | HO4,3.25,3.5,2,0.82915619758885,0.6499999999999999,below_strong | high_judge_disagreement | minor_or_moderate_error_any_judge,high_judge_disagreement,False,False,True,False,False,False,False,False,True,False,False,False,False,False,False,True,False
case_CL120_EHR_053__GPT-5.4,case_CL120_EHR_053__anon_82f6320261aba2bf,case_CL120_EHR_053,GPT-5.4,closed_success,4,22,4,4,2,3,3,3,True,2.0,1,2,5,0,4,,,closed,terminal_safe_episode_closed,renal_urology,lupus_nephritis_steroid_and_followup_after_negative_covid_result,result_return,light,caregiver_conflict_or_fatigue,privacy_stigma_or_sensitive_history | incomplete_patient_information,high,medium,HO1 | HO2 | HO3 | HO4,4.25,5.0,3,1.299038105676658,1.15,high_judge_disagreement | minor_or_moderate_error_any_judge,high_judge_disagreement,False,False,False,False,False,False,False,False,True,False,False,False,False,False,False,True,False
case_CL120_EHR_054__GPT-5.4,case_CL120_EHR_054__anon_9a2bd12aa4642d82,case_CL120_EHR_054,GPT-5.4,closed_success,4,17,4,4,2,2,2,2,True,2.0,1,3,5,0,2,,,closed,terminal_safe_episode_closed,gastro_hepatology,gi_bleeding,home_execution_failure,light,document_or_image_quality_problem,incomplete_patient_information | medication_confusion_or_execution_failure,high,medium,HO1 | HO2 | HO3 | HO4,2.5,2.5,3,1.5,0.2999999999999998,low_score | very_low_score | below_strong | high_judge_disagreement | closed_but_low_score | serious_error_any_judge | minor_or_moderate_error_any_judge,very_low_score,True,True,True,False,False,False,False,False,True,False,False,False,True,False,True,True,False
case_CL120_EHR_055__GPT-5.4,case_CL120_EHR_055__anon_6b97acb3eba8d3b8,case_CL120_EHR_055,GPT-5.4,closed_success,13,41,13,13,2,2,2,2,True,6.5,1,3,14,0,8,,,closed,terminal_safe_episode_closed,gastro_hepatology,viral_hepatitis_cirrhosis,home_execution_failure,light,delayed_or_staged_result_return,medication_confusion_or_execution_failure | caregiver_conflict_or_fatigue,high,medium,HO1 | HO2 | HO3 | HO4,3.75,4.5,4,1.6393596310755,0.8999999999999999,high_judge_disagreement | serious_error_any_judge,high_judge_disagreement,False,False,False,False,False,False,False,False,True,False,False,False,False,False,True,False,False
case_CL120_EHR_056__GPT-5.4,case_CL120_EHR_056__anon_14e723431d7c5b05,case_CL120_EHR_056,GPT-5.4,closed_success,10,39,10,10,2,5,5,5,True,5.0,1,4,11,0,3,,,closed,terminal_safe_episode_closed,gastro_hepatology,abdominal_pain,longitudinal_followup,light,low_adherence_or_refusal,caregiver_conflict_or_fatigue | document_or_image_quality_problem,high,medium,HO1 | HO2 | HO3 | HO4,4.5,4.5,1,0.5,0.8999999999999999,,no_major_failure_flag,False,False,False,False,False,False,False,False,False,False,False,False,False,False,False,False,False
case_CL120_EHR_057__GPT-5.4,case_CL120_EHR_057__anon_fa84c7fd8a75c68f,case_CL120_EHR_057,GPT-5.4,closed_success,4,17,4,4,1,1,1,1,True,4.0,2,2,0,5,5,,,closed,terminal_safe_episode_closed,gastro_hepatology,pancreatitis,discharge_transition,light,external_system_gap,document_or_image_quality_problem | delayed_or_staged_result_return,high,medium,HO1 | HO2 | HO3 | HO4,2,2.0,0,0.0,-0.3500000000000001,low_score | very_low_score | below_strong | sparse_workspace | workspace_underuse_candidate | closed_but_low_score | minor_or_moderate_error_any_judge,very_low_score,True,True,True,False,False,False,True,False,False,True,False,False,True,False,False,True,False
case_CL120_EHR_058__GPT-5.4,case_CL120_EHR_058__anon_26b5eebbbabc55a7,case_CL120_EHR_058,GPT-5.4,closed_success,4,15,4,4,1,1,1,1,True,4.0,1,1,5,0,3,,,closed,terminal_safe_episode_closed,gastro_hepatology,colonoscopy_or_pathology_followup,discharge_transition,moderate,misstated_family_or_patient_information,delayed_or_staged_result_return | low_adherence_or_refusal,high,medium,HO1 | HO2 | HO3 | HO4,3.5,3.5,3,1.5,1.1,below_strong | sparse_workspace | high_judge_disagreement | workspace_underuse_candidate | minor_or_moderate_error_any_judge,workspace_underuse_candidate,False,False,True,False,False,False,True,False,True,True,False,False,False,False,False,True,False
case_CL120_EHR_059__GPT-5.4,case_CL120_EHR_059__anon_e4555e70fd74db23,case_CL120_EHR_059,GPT-5.4,closed_success,14,31,14,14,0,0,0,0,False,,,,0,15,2,,,closed,terminal_safe_episode_closed,gastro_hepatology,gi_bleeding,pre_handoff,moderate,cost_transport_or_work_barrier,low_adherence_or_refusal | external_system_gap,high,medium,HO1 | HO2 | HO3 | HO4,3.5,3.5,3,1.5,0.3500000000000001,below_strong | no_workspace | sparse_workspace | high_judge_disagreement | workspace_underuse_candidate | minor_or_moderate_error_any_judge,workspace_underuse_candidate,False,False,True,False,False,True,True,False,True,True,False,False,False,False,False,True,False
case_CL120_EHR_060__GPT-5.4,case_CL120_EHR_060__anon_dd2b4f029ade327f,case_CL120_EHR_060,GPT-5.4,runtime_error,1,2,1,1,0,0,0,0,False,,,,1,0,0,content_filter_400,RuntimeError,open,,gastro_hepatology,viral_hepatitis_cirrhosis,pre_handoff,moderate,privacy_stigma_or_sensitive_history,external_system_gap | misstated_family_or_patient_information,high,medium,HO1 | HO2 | HO3 | HO4,1.5,1.5,1,0.5,0.19999999999999996,low_score | very_low_score | below_strong | no_workspace | sparse_workspace | workspace_underuse_candidate | serious_error_any_judge | minor_or_moderate_error_any_judge,runtime_error,True,True,True,False,False,True,True,False,False,True,False,False,False,False,True,True,False
case_CL120_EHR_061__GPT-5.4,case_CL120_EHR_061__anon_2f7166c3ade23f52,case_CL120_EHR_061,GPT-5.4,closed_success,14,39,14,14,2,2,2,2,True,7.0,1,2,15,0,4,,,closed,terminal_safe_episode_closed,neurology,stroke_tia,post_handoff,moderate,incomplete_patient_information,misstated_family_or_patient_information | cost_transport_or_work_barrier,high,medium,HO1 | HO2 | HO3 | HO4,4,5.0,4,1.7320508075688772,2.1,high_judge_disagreement | serious_error_any_judge | minor_or_moderate_error_any_judge,high_judge_disagreement,False,False,False,False,False,False,False,False,True,False,False,False,False,False,True,True,False
case_CL120_EHR_062__GPT-5.4,case_CL120_EHR_062__anon_571b5c62655874c9,case_CL120_EHR_062,GPT-5.4,closed_success,8,23,8,8,1,1,1,1,True,8.0,1,1,9,0,3,,,closed,terminal_safe_handoff_closed,neurology,limb_numbness_weakness_preoperative_medication_and_followup,pre_handoff,moderate,medication_confusion_or_execution_failure,cost_transport_or_work_barrier | privacy_stigma_or_sensitive_history,high,medium,HO1 | HO2 | HO3 | HO4,4.25,5.0,3,1.299038105676658,1.5,sparse_workspace | high_judge_disagreement | minor_or_moderate_error_any_judge,high_judge_disagreement,False,False,False,False,False,False,True,False,True,False,False,False,False,False,False,True,False
case_CL120_EHR_063__GPT-5.4,case_CL120_EHR_063__anon_e6feb1aa47fdd6b8,case_CL120_EHR_063,GPT-5.4,closed_success,9,23,9,9,0,0,0,0,False,,,,10,0,4,,,closed,terminal_safe_episode_closed,neurology,headache_red_flag,result_return,moderate,caregiver_conflict_or_fatigue,privacy_stigma_or_sensitive_history | incomplete_patient_information,high,medium,HO1 | HO2 | HO3 | HO4,3.5,3.5,3,1.5,1.0,below_strong | no_workspace | sparse_workspace | high_judge_disagreement | workspace_underuse_candidate | minor_or_moderate_error_any_judge,workspace_underuse_candidate,False,False,True,False,False,True,True,False,True,True,False,False,False,False,False,True,False
case_CL120_EHR_064__GPT-5.4,case_CL120_EHR_064__anon_76d05a1a428104a9,case_CL120_EHR_064,GPT-5.4,closed_success,28,77,28,28,3,4,4,4,True,9.333333333333334,1,20,29,0,8,,,closed,terminal_safe_episode_closed,neurology,dementia_delirium,result_return,moderate,document_or_image_quality_problem,incomplete_patient_information | medication_confusion_or_execution_failure,high,medium,HO1 | HO2 | HO3 | HO4,3.25,3.5,4,1.7853571071357126,1.35,below_strong | high_judge_disagreement | serious_error_any_judge | minor_or_moderate_error_any_judge,high_judge_disagreement,False,False,True,False,False,False,False,False,True,False,False,False,False,False,True,True,False
case_CL120_EHR_065__GPT-5.4,case_CL120_EHR_065__anon_0ca856d030c9baaf,case_CL120_EHR_065,GPT-5.4,closed_success,5,17,5,5,1,1,1,1,True,5.0,1,1,6,0,3,,,closed,terminal_safe_episode_closed,neurology,neuropathy_or_fall,home_execution_failure,moderate,delayed_or_staged_result_return,medication_confusion_or_execution_failure | caregiver_conflict_or_fatigue,high,medium,HO1 | HO2 | HO3 | HO4,2.75,2.5,4,1.7853571071357126,0.04999999999999982,low_score | very_low_score | below_strong | sparse_workspace | high_judge_disagreement | workspace_underuse_candidate | closed_but_low_score | serious_error_any_judge | minor_or_moderate_error_any_judge,very_low_score,True,True,True,False,False,False,True,False,True,True,False,False,True,False,True,True,False
case_CL120_EHR_066__GPT-5.4,case_CL120_EHR_066__anon_de842ceb1378df06,case_CL120_EHR_066,GPT-5.4,closed_success,9,25,9,9,1,1,1,1,True,9.0,1,1,10,0,3,,,closed,terminal_safe_episode_closed,neurology,stroke_tia,home_execution_failure,moderate,low_adherence_or_refusal,caregiver_conflict_or_fatigue | document_or_image_quality_problem,high,medium,HO1 | HO2 | HO3 | HO4,3.5,3.5,3,1.5,0.0,below_strong | sparse_workspace | high_judge_disagreement | workspace_underuse_candidate | minor_or_moderate_error_any_judge,workspace_underuse_candidate,False,False,True,False,False,False,True,False,True,True,False,False,False,False,False,True,False
case_CL120_EHR_067__GPT-5.4,case_CL120_EHR_067__anon_177f3df4733d1bc1,case_CL120_EHR_067,GPT-5.4,closed_success,29,62,29,29,0,0,0,0,False,,,,30,0,3,,,closed,terminal_safe_episode_closed,neurology,seizure,longitudinal_followup,heavy,external_system_gap,document_or_image_quality_problem | delayed_or_staged_result_return,high,long,HO1 | HO2 | HO3 | HO4,3,3.0,4,1.5811388300841898,-0.1499999999999999,low_score | below_strong | no_workspace | sparse_workspace | high_judge_disagreement | workspace_underuse_candidate | closed_but_low_score | serious_error_any_judge | minor_or_moderate_error_any_judge,workspace_underuse_candidate,True,False,True,False,False,True,True,False,True,True,False,False,True,False,True,True,False
case_CL120_EHR_068__GPT-5.4,case_CL120_EHR_068__anon_6dc6ba782e37545f,case_CL120_EHR_068,GPT-5.4,closed_success,20,53,20,20,3,3,3,3,True,6.666666666666667,1,3,21,0,3,,,closed,terminal_safe_episode_closed,neurology,headache_red_flag,discharge_transition,heavy,misstated_family_or_patient_information,delayed_or_staged_result_return | low_adherence_or_refusal,high,long,HO1 | HO2 | HO3 | HO4,2.75,2.5,4,1.7853571071357126,-1.5499999999999998,low_score | very_low_score | below_strong | high_judge_disagreement | closed_but_low_score | model_specific_weakness | serious_error_any_judge | minor_or_moderate_error_any_judge,very_low_score,True,True,True,False,False,False,False,False,True,False,False,False,True,True,True,True,False
case_CL120_EHR_069__GPT-5.4,case_CL120_EHR_069__anon_1428660d27160316,case_CL120_EHR_069,GPT-5.4,open_at_100,100,213,100,100,0,0,0,0,False,,,,101,0,12,,,soft_closed,milestone_closed_but_not_terminal,neurology,dementia_delirium,discharge_transition,extreme,cost_transport_or_work_barrier,low_adherence_or_refusal | external_system_gap,high,extra_long,HO1 | HO2 | HO3 | HO4,4.25,4.0,1,0.4330127018922193,0.8500000000000001,high_turn | very_high_turn | no_workspace | sparse_workspace,open_at_100,False,False,False,True,True,True,True,False,False,False,False,False,False,False,False,False,False
case_CL120_EHR_070__GPT-5.4,case_CL120_EHR_070__anon_6ed02a31e22e05b7,case_CL120_EHR_070,GPT-5.4,closed_success,5,12,5,5,0,0,0,0,False,,,,6,0,1,,,closed,terminal_safe_handoff_closed,neurology,neuropathy_or_fall,pre_handoff,light,privacy_stigma_or_sensitive_history,external_system_gap | misstated_family_or_patient_information,high,short,HO1 | HO2 | HO3 | HO4,2.75,2.0,3,1.299038105676658,-1.4,low_score | very_low_score | below_strong | no_workspace | sparse_workspace | high_judge_disagreement | workspace_underuse_candidate | closed_but_low_score | model_specific_weakness | minor_or_moderate_error_any_judge,very_low_score,True,True,True,False,False,True,True,False,True,True,False,False,True,True,False,True,False
case_CL120_EHR_071__GPT-5.4,case_CL120_EHR_071__anon_aa72ea383549e61d,case_CL120_EHR_071,GPT-5.4,closed_success,6,17,6,6,0,0,0,0,False,,,,0,7,4,,,closed,terminal_safe_handoff_closed,obstetrics_gynecology,pregnancy_med_safety,pre_handoff,light,incomplete_patient_information,misstated_family_or_patient_information | cost_transport_or_work_barrier,high,short,HO1 | HO2 | HO3 | HO4,2.75,2.0,3,1.299038105676658,-0.3999999999999999,low_score | very_low_score | below_strong | no_workspace | sparse_workspace | high_judge_disagreement | workspace_underuse_candidate | closed_but_low_score | minor_or_moderate_error_any_judge,very_low_score,True,True,True,False,False,True,True,False,True,True,False,False,True,False,False,True,False
case_CL120_EHR_072__GPT-5.4,case_CL120_EHR_072__anon_fe300b6469c3f2ab,case_CL120_EHR_072,GPT-5.4,closed_success,28,64,28,28,1,1,1,1,True,28.0,1,1,29,0,4,,,closed,terminal_safe_episode_closed,obstetrics_gynecology,ectopic_or_bleeding,post_handoff,light,medication_confusion_or_execution_failure,cost_transport_or_work_barrier | privacy_stigma_or_sensitive_history,high,medium,HO1 | HO2 | HO3 | HO4,3.5,3.5,3,1.118033988749895,0.0,below_strong | sparse_workspace | high_judge_disagreement | workspace_underuse_candidate | minor_or_moderate_error_any_judge,workspace_underuse_candidate,False,False,True,False,False,False,True,False,True,True,False,False,False,False,False,True,False
case_CL120_EHR_073__GPT-5.4,case_CL120_EHR_073__anon_2bde8f5e7b601f2a,case_CL120_EHR_073,GPT-5.4,closed_success,26,55,26,26,0,0,0,0,False,,,,27,0,2,,,closed,terminal_safe_episode_closed,obstetrics_gynecology,postpartum_warning,post_handoff,light,caregiver_conflict_or_fatigue,privacy_stigma_or_sensitive_history | incomplete_patient_information,high,medium,HO1 | HO2 | HO3 | HO4,4.25,5.0,3,1.299038105676658,0.9500000000000002,no_workspace | sparse_workspace | high_judge_disagreement | minor_or_moderate_error_any_judge,high_judge_disagreement,False,False,False,False,False,True,True,False,True,False,False,False,False,False,False,True,False
case_CL120_EHR_074__GPT-5.4,case_CL120_EHR_074__anon_29deb8b707a75c05,case_CL120_EHR_074,GPT-5.4,closed_success,7,23,7,7,2,2,2,2,True,3.5,1,2,0,8,2,,,closed,terminal_safe_episode_closed,obstetrics_gynecology,gynecologic_mass_pathway,result_return,light,document_or_image_quality_problem,incomplete_patient_information | medication_confusion_or_execution_failure,high,medium,HO1 | HO2 | HO3 | HO4,3.25,3.0,3,1.299038105676658,-0.6499999999999999,low_score | below_strong | high_judge_disagreement | closed_but_low_score | minor_or_moderate_error_any_judge,closed_but_low_score,True,False,True,False,False,False,False,False,True,False,False,False,True,False,False,True,False
case_CL120_EHR_075__GPT-5.4,case_CL120_EHR_075__anon_a766cf434e9beccd,case_CL120_EHR_075,GPT-5.4,closed_success,12,49,12,12,3,6,6,6,True,4.0,1,3,0,13,6,,,closed,terminal_safe_episode_closed,obstetrics_gynecology,pregnancy_med_safety,result_return,moderate,delayed_or_staged_result_return,medication_confusion_or_execution_failure | caregiver_conflict_or_fatigue,high,medium,HO1 | HO2 | HO3 | HO4,3.5,3.5,3,1.5,0.6499999999999999,below_strong | high_judge_disagreement | minor_or_moderate_error_any_judge,high_judge_disagreement,False,False,True,False,False,False,False,False,True,False,False,False,False,False,False,True,False
case_CL120_EHR_076__GPT-5.4,case_CL120_EHR_076__anon_e7ae3437754b0507,case_CL120_EHR_076,GPT-5.4,closed_success,9,21,9,9,0,0,0,0,False,,,,0,10,2,,,closed,terminal_safe_handoff_closed,obstetrics_gynecology,ectopic_or_bleeding,home_execution_failure,moderate,low_adherence_or_refusal,caregiver_conflict_or_fatigue | document_or_image_quality_problem,high,medium,HO1 | HO2 | HO3 | HO4,3.5,3.5,3,1.5,0.25,below_strong | no_workspace | sparse_workspace | high_judge_disagreement | workspace_underuse_candidate | minor_or_moderate_error_any_judge,workspace_underuse_candidate,False,False,True,False,False,True,True,False,True,True,False,False,False,False,False,True,False
case_CL120_EHR_077__GPT-5.4,case_CL120_EHR_077__anon_e8c9a1a633906104,case_CL120_EHR_077,GPT-5.4,closed_success,8,28,8,8,2,2,2,2,True,4.0,1,2,0,9,5,,,closed,terminal_safe_episode_closed,obstetrics_gynecology,postpartum_warning,home_execution_failure,moderate,external_system_gap,document_or_image_quality_problem | delayed_or_staged_result_return,high,medium,HO1 | HO2 | HO3 | HO4,4.5,5.0,2,0.8660254037844386,2.0,high_judge_disagreement,high_judge_disagreement,False,False,False,False,False,False,False,False,True,False,False,False,False,False,False,False,False
case_CL120_EHR_078__GPT-5.4,case_CL120_EHR_078__anon_93ca5a78d7bb0ff7,case_CL120_EHR_078,GPT-5.4,closed_success,61,136,61,61,1,2,2,2,True,61.0,1,1,62,0,7,,,closed,terminal_safe_episode_closed,obstetrics_gynecology,gynecologic_mass_pathway,longitudinal_followup,moderate,misstated_family_or_patient_information,delayed_or_staged_result_return | low_adherence_or_refusal,high,medium,HO1 | HO2 | HO3 | HO4,4.75,5.0,1,0.4330127018922193,1.2000000000000002,high_turn | sparse_workspace,no_major_failure_flag,False,False,False,True,False,False,True,False,False,False,False,False,False,False,False,False,False
case_CL120_EHR_079__GPT-5.4,case_CL120_EHR_079__anon_fc7bfff845f3acbc,case_CL120_EHR_079,GPT-5.4,closed_success,17,41,17,17,1,1,1,1,True,17.0,1,1,18,0,3,,,closed,terminal_safe_episode_closed,pediatrics,fever_dehydration,discharge_transition,moderate,cost_transport_or_work_barrier,low_adherence_or_refusal | external_system_gap,high,medium,HO1 | HO2 | HO3 | HO4,2.75,2.0,3,1.299038105676658,-0.5499999999999998,low_score | very_low_score | below_strong | sparse_workspace | high_judge_disagreement | workspace_underuse_candidate | closed_but_low_score | minor_or_moderate_error_any_judge,very_low_score,True,True,True,False,False,False,True,False,True,True,False,False,True,False,False,True,False
case_CL120_EHR_080__GPT-5.4,case_CL120_EHR_080__anon_10f2f6c07f6b300f,case_CL120_EHR_080,GPT-5.4,closed_success,4,16,4,4,2,2,2,2,True,2.0,1,2,5,0,1,,,closed,terminal_safe_episode_closed,pediatrics,type1_diabetes_vomiting,discharge_transition,moderate,privacy_stigma_or_sensitive_history,external_system_gap | misstated_family_or_patient_information,high,medium,HO1 | HO2 | HO3 | HO4,3,3.0,4,1.5811388300841898,0.6499999999999999,low_score | below_strong | high_judge_disagreement | closed_but_low_score | serious_error_any_judge | minor_or_moderate_error_any_judge,closed_but_low_score,True,False,True,False,False,False,False,False,True,False,False,False,True,False,True,True,False
case_CL120_EHR_081__GPT-5.4,case_CL120_EHR_081__anon_f32163ba458de6fb,case_CL120_EHR_081,GPT-5.4,closed_success,4,17,4,4,1,1,1,1,True,4.0,1,1,5,0,5,,,closed,terminal_safe_episode_closed,pediatrics,short_stature_growth_hormone_deficiency_and_scoliosis_followup,discharge_transition,moderate,incomplete_patient_information,misstated_family_or_patient_information | cost_transport_or_work_barrier,high,medium,HO1 | HO2 | HO3 | HO4,3.25,3.0,3,1.299038105676658,-0.20000000000000018,low_score | below_strong | sparse_workspace | high_judge_disagreement | workspace_underuse_candidate | closed_but_low_score | minor_or_moderate_error_any_judge,workspace_underuse_candidate,True,False,True,False,False,False,True,False,True,True,False,False,True,False,False,True,False
case_CL120_EHR_082__GPT-5.4,case_CL120_EHR_082__anon_d979d86f3caba811,case_CL120_EHR_082,GPT-5.4,closed_success,4,23,4,4,2,4,4,4,True,2.0,1,2,5,0,2,,,closed,terminal_safe_episode_closed,pediatrics,caregiver_medication_error,pre_handoff,moderate,medication_confusion_or_execution_failure,cost_transport_or_work_barrier | privacy_stigma_or_sensitive_history,high,medium,HO1 | HO2 | HO3 | HO4,2.25,2.0,3,1.0897247358851685,-0.9500000000000002,low_score | very_low_score | below_strong | high_judge_disagreement | closed_but_low_score | serious_error_any_judge | minor_or_moderate_error_any_judge,very_low_score,True,True,True,False,False,False,False,False,True,False,False,False,True,False,True,True,False
case_CL120_EHR_083__GPT-5.4,case_CL120_EHR_083__anon_f765b09ad544ed02,case_CL120_EHR_083,GPT-5.4,closed_success,17,40,17,17,1,1,1,1,True,17.0,1,1,18,0,2,,,closed,terminal_safe_episode_closed,pediatrics,fever_dehydration,post_handoff,moderate,caregiver_conflict_or_fatigue,privacy_stigma_or_sensitive_history | incomplete_patient_information,high,medium,HO1 | HO2 | HO3 | HO4,3.5,3.5,3,1.5,0.5,below_strong | sparse_workspace | high_judge_disagreement | workspace_underuse_candidate | minor_or_moderate_error_any_judge,workspace_underuse_candidate,False,False,True,False,False,False,True,False,True,True,False,False,False,False,False,True,False
case_CL120_EHR_084__GPT-5.4,case_CL120_EHR_084__anon_fd8975513bd70979,case_CL120_EHR_084,GPT-5.4,closed_success,48,103,48,48,1,1,1,1,True,48.0,1,1,49,0,3,,,closed,terminal_safe_episode_closed,pediatrics,type1_diabetes_vomiting,post_handoff,heavy,document_or_image_quality_problem,incomplete_patient_information | medication_confusion_or_execution_failure,high,long,HO1 | HO2 | HO3 | HO4,4.5,4.5,1,0.5,1.5499999999999998,sparse_workspace,no_major_failure_flag,False,False,False,False,False,False,True,False,False,False,False,False,False,False,False,False,False
case_CL120_EHR_085__GPT-5.4,case_CL120_EHR_085__anon_5aa81072c1189122,case_CL120_EHR_085,GPT-5.4,closed_success,12,42,12,12,2,4,4,4,True,6.0,1,3,13,0,5,,,closed,terminal_safe_episode_closed,pediatrics,asthma_child,result_return,heavy,delayed_or_staged_result_return,medication_confusion_or_execution_failure | caregiver_conflict_or_fatigue,high,long,HO1 | HO2 | HO3 | HO4,2.75,2.0,3,1.299038105676658,-0.7999999999999998,low_score | very_low_score | below_strong | high_judge_disagreement | closed_but_low_score | minor_or_moderate_error_any_judge,very_low_score,True,True,True,False,False,False,False,False,True,False,False,False,True,False,False,True,False
case_CL120_EHR_086__GPT-5.4,case_CL120_EHR_086__anon_586832ffe551c644,case_CL120_EHR_086,GPT-5.4,closed_success,13,39,13,13,2,2,2,2,True,6.5,1,2,14,0,6,,,closed,terminal_safe_episode_closed,pediatrics,caregiver_medication_error,result_return,heavy,low_adherence_or_refusal,caregiver_conflict_or_fatigue | document_or_image_quality_problem,high,long,HO1 | HO2 | HO3 | HO4,4.25,5.0,3,1.299038105676658,1.2999999999999998,high_judge_disagreement | minor_or_moderate_error_any_judge | important_non_chain_defect_any_judge,high_judge_disagreement,False,False,False,False,False,False,False,False,True,False,False,False,False,False,False,True,True
case_CL120_EHR_087__GPT-5.4,case_CL120_EHR_087__anon_23d3a60dff8fbf68,case_CL120_EHR_087,GPT-5.4,closed_success,37,89,37,37,2,2,2,2,True,18.5,12,31,0,38,8,,,closed,terminal_safe_episode_closed,oncology_hematology,new_mass_staging,home_execution_failure,light,external_system_gap,document_or_image_quality_problem | delayed_or_staged_result_return,high,medium,HO1 | HO2 | HO3 | HO4,3,2.5,3,1.224744871391589,-0.4500000000000002,low_score | very_low_score | below_strong | high_judge_disagreement | closed_but_low_score | minor_or_moderate_error_any_judge,very_low_score,True,True,True,False,False,False,False,False,True,False,False,False,True,False,False,True,False
case_CL120_EHR_088__GPT-5.4,case_CL120_EHR_088__anon_0b3f60a878bccc8c,case_CL120_EHR_088,GPT-5.4,closed_success,11,33,11,11,1,2,2,2,True,11.0,1,1,12,0,4,,,closed,terminal_safe_episode_closed,oncology_hematology,chemotherapy_complication,home_execution_failure,light,misstated_family_or_patient_information,delayed_or_staged_result_return | low_adherence_or_refusal,high,medium,HO1 | HO2 | HO3 | HO4,3.25,3.0,3,1.299038105676658,0.5,low_score | below_strong | sparse_workspace | high_judge_disagreement | workspace_underuse_candidate | closed_but_low_score | minor_or_moderate_error_any_judge,workspace_underuse_candidate,True,False,True,False,False,False,True,False,True,True,False,False,True,False,False,True,False
case_CL120_EHR_089__GPT-5.4,case_CL120_EHR_089__anon_6e2600c3ccb23981,case_CL120_EHR_089,GPT-5.4,open_at_100,100,202,100,100,0,0,0,0,False,,,,101,0,1,,,open,open_progressing,oncology_hematology,anemia_bleeding,longitudinal_followup,light,cost_transport_or_work_barrier,low_adherence_or_refusal | external_system_gap,high,medium,HO1 | HO2 | HO3 | HO4,3.5,4.0,2,0.8660254037844386,0.0,high_turn | very_high_turn | no_workspace | sparse_workspace | high_judge_disagreement | minor_or_moderate_error_any_judge,open_at_100,False,False,False,True,True,True,True,False,True,False,False,False,False,False,False,True,False
case_CL120_EHR_090__GPT-5.4,case_CL120_EHR_090__anon_cbc633037c700f48,case_CL120_EHR_090,GPT-5.4,closed_success,14,33,14,14,0,0,0,0,False,,,,15,0,4,,,closed,terminal_safe_episode_closed,oncology_hematology,palliative_transition,discharge_transition,light,privacy_stigma_or_sensitive_history,external_system_gap | misstated_family_or_patient_information,high,medium,HO1 | HO2 | HO3 | HO4,3.5,3.5,3,1.5,0.4500000000000002,below_strong | no_workspace | sparse_workspace | high_judge_disagreement | workspace_underuse_candidate | minor_or_moderate_error_any_judge,workspace_underuse_candidate,False,False,True,False,False,True,True,False,True,True,False,False,False,False,False,True,False
case_CL120_EHR_091__GPT-5.4,case_CL120_EHR_091__anon_6e37da240bf471a8,case_CL120_EHR_091,GPT-5.4,closed_success,15,38,15,15,1,1,1,1,True,15.0,1,1,16,0,4,,,closed,terminal_safe_handoff_closed,oncology_hematology,family_disclosure,discharge_transition,light,incomplete_patient_information,misstated_family_or_patient_information | cost_transport_or_work_barrier,high,medium,HO1 | HO2 | HO3 | HO4,3.5,3.5,3,1.118033988749895,1.1,below_strong | sparse_workspace | high_judge_disagreement | workspace_underuse_candidate | minor_or_moderate_error_any_judge,workspace_underuse_candidate,False,False,True,False,False,False,True,False,True,True,False,False,False,False,False,True,False
case_CL120_EHR_092__GPT-5.4,case_CL120_EHR_092__anon_2fcc3a204ad75a7b,case_CL120_EHR_092,GPT-5.4,closed_success,2,11,2,2,1,1,1,1,True,2.0,1,1,3,0,3,,,closed,terminal_safe_handoff_closed,oncology_hematology,new_mass_staging,pre_handoff,light,medication_confusion_or_execution_failure,cost_transport_or_work_barrier | privacy_stigma_or_sensitive_history,high,short,HO1 | HO2 | HO3 | HO4,2.75,2.0,3,1.299038105676658,-0.6000000000000001,low_score | very_low_score | below_strong | sparse_workspace | high_judge_disagreement | workspace_underuse_candidate | closed_but_low_score | minor_or_moderate_error_any_judge,very_low_score,True,True,True,False,False,False,True,False,True,True,False,False,True,False,False,True,False
case_CL120_EHR_093__GPT-5.4,case_CL120_EHR_093__anon_8d66e466e18fee73,case_CL120_EHR_093,GPT-5.4,closed_success,4,14,4,4,1,1,1,1,True,4.0,1,1,5,0,2,,,closed,terminal_safe_handoff_closed,oncology_hematology,chemotherapy_complication,pre_handoff,moderate,caregiver_conflict_or_fatigue,privacy_stigma_or_sensitive_history | incomplete_patient_information,high,medium,HO1 | HO2 | HO3 | HO4,3,3.0,4,2.0,0.75,low_score | below_strong | sparse_workspace | high_judge_disagreement | workspace_underuse_candidate | closed_but_low_score | serious_error_any_judge | minor_or_moderate_error_any_judge,workspace_underuse_candidate,True,False,True,False,False,False,True,False,True,True,False,False,True,False,True,True,False
case_CL120_EHR_094__GPT-5.4,case_CL120_EHR_094__anon_6b76eb825a6d8e76,case_CL120_EHR_094,GPT-5.4,closed_success,42,96,42,42,1,1,1,1,True,42.0,1,1,43,0,8,,,closed,terminal_safe_episode_closed,oncology_hematology,anemia_bleeding,post_handoff,moderate,document_or_image_quality_problem,incomplete_patient_information | medication_confusion_or_execution_failure,high,medium,HO1 | HO2 | HO3 | HO4,4,4.5,3,1.224744871391589,1.2000000000000002,sparse_workspace | high_judge_disagreement | minor_or_moderate_error_any_judge,high_judge_disagreement,False,False,False,False,False,False,True,False,True,False,False,False,False,False,False,True,False
case_CL120_EHR_095__GPT-5.4,case_CL120_EHR_095__anon_89818ccfec9df890,case_CL120_EHR_095,GPT-5.4,closed_success,19,52,19,19,2,2,2,2,True,9.5,1,2,20,0,7,,,closed,terminal_safe_episode_closed,oncology_hematology,palliative_transition,post_handoff,moderate,delayed_or_staged_result_return,medication_confusion_or_execution_failure | caregiver_conflict_or_fatigue,high,medium,HO1 | HO2 | HO3 | HO4,4,4.5,3,1.224744871391589,1.7000000000000002,high_judge_disagreement | minor_or_moderate_error_any_judge,high_judge_disagreement,False,False,False,False,False,False,False,False,True,False,False,False,False,False,False,True,False
case_CL120_EHR_096__GPT-5.4,case_CL120_EHR_096__anon_7c66f0f2a6113af9,case_CL120_EHR_096,GPT-5.4,closed_success,44,89,44,44,0,0,0,0,False,,,,45,0,0,,,closed,terminal_safe_episode_closed,oncology_hematology,family_disclosure,result_return,moderate,low_adherence_or_refusal,caregiver_conflict_or_fatigue | document_or_image_quality_problem,high,medium,HO1 | HO2 | HO3 | HO4,5,5.0,0,0.0,1.0499999999999998,no_workspace | sparse_workspace,no_major_failure_flag,False,False,False,False,False,True,True,False,False,False,False,False,False,False,False,False,False
case_CL120_EHR_097__GPT-5.4,case_CL120_EHR_097__anon_929b049bd4912402,case_CL120_EHR_097,GPT-5.4,closed_success,4,18,4,4,1,2,2,2,True,4.0,1,1,5,0,3,,,closed,terminal_safe_episode_closed,infectious_disease,culture_result_action,result_return,moderate,external_system_gap,document_or_image_quality_problem | delayed_or_staged_result_return,high,medium,HO1 | HO2 | HO3 | HO4,3,3.0,2,1.0,-0.10000000000000009,low_score | below_strong | sparse_workspace | high_judge_disagreement | workspace_underuse_candidate | closed_but_low_score | minor_or_moderate_error_any_judge,workspace_underuse_candidate,True,False,True,False,False,False,True,False,True,True,False,False,True,False,False,True,False
case_CL120_EHR_098__GPT-5.4,case_CL120_EHR_098__anon_132a106b3e23fb67,case_CL120_EHR_098,GPT-5.4,closed_success,22,49,22,22,0,0,0,0,False,,,,23,0,4,,,closed,terminal_safe_episode_closed,infectious_disease,sepsis_warning,home_execution_failure,moderate,misstated_family_or_patient_information,delayed_or_staged_result_return | low_adherence_or_refusal,high,medium,HO1 | HO2 | HO3 | HO4,3.75,4.5,4,1.6393596310755,0.7000000000000002,no_workspace | sparse_workspace | high_judge_disagreement | serious_error_any_judge | minor_or_moderate_error_any_judge,high_judge_disagreement,False,False,False,False,False,True,True,False,True,False,False,False,False,False,True,True,False
case_CL120_EHR_099__GPT-5.4,case_CL120_EHR_099__anon_67a8802745623e3c,case_CL120_EHR_099,GPT-5.4,open_at_100,100,205,100,100,0,0,0,0,False,,,,101,0,4,,,soft_closed,milestone_closed_but_not_terminal,infectious_disease,tb_or_hbv_stigma,home_execution_failure,moderate,cost_transport_or_work_barrier,low_adherence_or_refusal | external_system_gap,high,medium,HO1 | HO2 | HO3 | HO4,3.75,4.0,3,1.0897247358851685,0.4500000000000002,high_turn | very_high_turn | no_workspace | sparse_workspace | high_judge_disagreement | minor_or_moderate_error_any_judge,open_at_100,False,False,False,True,True,True,True,False,True,False,False,False,False,False,False,True,False
case_CL120_EHR_100__GPT-5.4,case_CL120_EHR_100__anon_b82d8ad9bb153422,case_CL120_EHR_100,GPT-5.4,closed_success,20,52,20,20,2,2,2,2,True,10.0,1,2,0,21,5,,,closed,terminal_safe_episode_closed,infectious_disease,antibiotic_allergy_or_adherence,longitudinal_followup,moderate,privacy_stigma_or_sensitive_history,external_system_gap | misstated_family_or_patient_information,high,medium,HO1 | HO2 | HO3 | HO4,3,3.0,2,1.0,0.1499999999999999,low_score | below_strong | high_judge_disagreement | closed_but_low_score | minor_or_moderate_error_any_judge,closed_but_low_score,True,False,True,False,False,False,False,False,True,False,False,False,True,False,False,True,False
case_CL120_EHR_101__GPT-5.4,case_CL120_EHR_101__anon_07f8f85cd9aecf3c,case_CL120_EHR_101,GPT-5.4,closed_success,12,39,12,12,3,4,4,4,True,4.0,1,3,13,0,2,,,closed,terminal_safe_episode_closed,infectious_disease,culture_result_action,discharge_transition,heavy,incomplete_patient_information,misstated_family_or_patient_information | cost_transport_or_work_barrier,high,long,HO1 | HO2 | HO3 | HO4,3.75,4.5,4,1.6393596310755,1.0,high_judge_disagreement | serious_error_any_judge | minor_or_moderate_error_any_judge,high_judge_disagreement,False,False,False,False,False,False,False,False,True,False,False,False,False,False,True,True,False
case_CL120_EHR_102__GPT-5.4,case_CL120_EHR_102__anon_d63f9e784d50f076,case_CL120_EHR_102,GPT-5.4,closed_success,70,145,70,70,1,1,1,1,True,70.0,1,1,0,71,1,,,closed,terminal_safe_episode_closed,infectious_disease,sepsis_warning,discharge_transition,heavy,medication_confusion_or_execution_failure,cost_transport_or_work_barrier | privacy_stigma_or_sensitive_history,high,long,HO1 | HO2 | HO3 | HO4,3.5,3.5,3,1.5,-0.3500000000000001,below_strong | high_turn | sparse_workspace | high_judge_disagreement | workspace_underuse_candidate | long_or_tool_intensive_low_score | minor_or_moderate_error_any_judge,long_or_tool_intensive_low_score,False,False,True,True,False,False,True,False,True,True,False,True,False,False,False,True,False
case_CL120_EHR_103__GPT-5.4,case_CL120_EHR_103__anon_82e144363bec6ab6,case_CL120_EHR_103,GPT-5.4,closed_success,13,33,13,13,1,1,1,1,True,13.0,1,1,14,0,3,,,closed,terminal_safe_episode_closed,infectious_disease,transplant_patient_hbv_tb_stigma_and_immunosuppression_safety,pre_handoff,heavy,caregiver_conflict_or_fatigue,privacy_stigma_or_sensitive_history | incomplete_patient_information,high,long,HO1 | HO2 | HO3 | HO4,2.75,2.0,3,1.299038105676658,-1.2999999999999998,low_score | very_low_score | below_strong | sparse_workspace | high_judge_disagreement | workspace_underuse_candidate | closed_but_low_score | model_specific_weakness | minor_or_moderate_error_any_judge,very_low_score,True,True,True,False,False,False,True,False,True,True,False,False,True,True,False,True,False
case_CL120_EHR_104__GPT-5.4,case_CL120_EHR_104__anon_0eedb9b5a9b87765,case_CL120_EHR_104,GPT-5.4,closed_success,5,18,5,5,1,1,1,1,True,5.0,1,1,6,0,4,,,closed,terminal_safe_handoff_closed,infectious_disease,antibiotic_allergy_or_adherence,pre_handoff,light,document_or_image_quality_problem,incomplete_patient_information | medication_confusion_or_execution_failure,high,short,HO1 | HO2 | HO3 | HO4,3.5,3.5,3,1.5,0.25,below_strong | sparse_workspace | high_judge_disagreement | workspace_underuse_candidate | minor_or_moderate_error_any_judge,workspace_underuse_candidate,False,False,True,False,False,False,True,False,True,True,False,False,False,False,False,True,False
case_CL120_EHR_105__GPT-5.4,case_CL120_EHR_105__anon_160a998d19b5d44a,case_CL120_EHR_105,GPT-5.4,closed_success,4,15,4,4,1,1,1,1,True,4.0,1,1,5,0,3,,,closed,terminal_safe_episode_closed,musculoskeletal_geriatrics,fracture_fall_prevention,post_handoff,light,delayed_or_staged_result_return,medication_confusion_or_execution_failure | caregiver_conflict_or_fatigue,high,medium,HO1 | HO2 | HO3 | HO4,3.5,3.5,3,1.5,0.6000000000000001,below_strong | sparse_workspace | high_judge_disagreement | workspace_underuse_candidate | minor_or_moderate_error_any_judge,workspace_underuse_candidate,False,False,True,False,False,False,True,False,True,True,False,False,False,False,False,True,False
case_CL120_EHR_106__GPT-5.4,case_CL120_EHR_106__anon_5ca278a7d89a98e1,case_CL120_EHR_106,GPT-5.4,closed_success,26,53,26,26,0,0,0,0,False,,,,27,0,0,,,closed,terminal_safe_episode_closed,musculoskeletal_geriatrics,osteoporosis,post_handoff,light,low_adherence_or_refusal,caregiver_conflict_or_fatigue | document_or_image_quality_problem,high,medium,HO1 | HO2 | HO3 | HO4,3.75,4.0,3,1.299038105676658,0.3999999999999999,no_workspace | sparse_workspace | high_judge_disagreement | minor_or_moderate_error_any_judge | important_non_chain_defect_any_judge,high_judge_disagreement,False,False,False,False,False,True,True,False,True,False,False,False,False,False,False,True,True
case_CL120_EHR_107__GPT-5.4,case_CL120_EHR_107__anon_133befe70ccfb3bb,case_CL120_EHR_107,GPT-5.4,closed_success,10,32,10,10,2,2,2,2,True,5.0,1,2,11,0,5,,,closed,terminal_safe_episode_closed,musculoskeletal_geriatrics,polypharmacy,result_return,light,external_system_gap,document_or_image_quality_problem | delayed_or_staged_result_return,high,medium,HO1 | HO2 | HO3 | HO4,3.25,3.0,3,1.299038105676658,-0.20000000000000018,low_score | below_strong | high_judge_disagreement | closed_but_low_score | minor_or_moderate_error_any_judge | important_non_chain_defect_any_judge,closed_but_low_score,True,False,True,False,False,False,False,False,True,False,False,False,True,False,False,True,True
case_CL120_EHR_108__GPT-5.4,case_CL120_EHR_108__anon_9f08bccbeab94213,case_CL120_EHR_108,GPT-5.4,closed_success,4,17,4,4,2,2,2,2,True,2.0,1,2,5,0,2,,,closed,terminal_safe_episode_closed,musculoskeletal_geriatrics,frailty_caregiver_execution,result_return,light,misstated_family_or_patient_information,delayed_or_staged_result_return | low_adherence_or_refusal,high,medium,HO1 | HO2 | HO3 | HO4,3.5,3.5,3,1.5,0.6499999999999999,below_strong | high_judge_disagreement | minor_or_moderate_error_any_judge,high_judge_disagreement,False,False,True,False,False,False,False,False,True,False,False,False,False,False,False,True,False
case_CL120_EHR_109__GPT-5.4,case_CL120_EHR_109__anon_b5a62ea90dbcd04a,case_CL120_EHR_109,GPT-5.4,closed_success,9,34,9,9,2,2,2,2,True,4.5,1,2,10,0,9,,,closed,terminal_safe_episode_closed,musculoskeletal_geriatrics,fracture_fall_prevention,home_execution_failure,light,cost_transport_or_work_barrier,low_adherence_or_refusal | external_system_gap,high,medium,HO1 | HO2 | HO3 | HO4,4.25,5.0,3,1.299038105676658,1.75,high_judge_disagreement | minor_or_moderate_error_any_judge,high_judge_disagreement,False,False,False,False,False,False,False,False,True,False,False,False,False,False,False,True,False
case_CL120_EHR_110__GPT-5.4,case_CL120_EHR_110__anon_ca86403c073dfe6d,case_CL120_EHR_110,GPT-5.4,closed_success,7,21,7,7,1,1,1,1,True,7.0,2,2,8,0,3,,,closed,terminal_safe_episode_closed,musculoskeletal_geriatrics,osteoporosis,home_execution_failure,moderate,privacy_stigma_or_sensitive_history,external_system_gap | misstated_family_or_patient_information,high,medium,HO1 | HO2 | HO3 | HO4,3.25,3.0,3,1.299038105676658,0.8500000000000001,low_score | below_strong | sparse_workspace | high_judge_disagreement | workspace_underuse_candidate | closed_but_low_score | minor_or_moderate_error_any_judge,workspace_underuse_candidate,True,False,True,False,False,False,True,False,True,True,False,False,True,False,False,True,False
case_CL120_EHR_111__GPT-5.4,case_CL120_EHR_111__anon_cc424cb1f2bced3d,case_CL120_EHR_111,GPT-5.4,closed_success,21,47,21,21,0,0,0,0,False,,,,22,0,4,,,closed,terminal_safe_episode_closed,musculoskeletal_geriatrics,polypharmacy,longitudinal_followup,moderate,incomplete_patient_information,misstated_family_or_patient_information | cost_transport_or_work_barrier,high,medium,HO1 | HO2 | HO3 | HO4,3,3.0,4,2.0,0.6499999999999999,low_score | below_strong | no_workspace | sparse_workspace | high_judge_disagreement | workspace_underuse_candidate | closed_but_low_score | serious_error_any_judge,workspace_underuse_candidate,True,False,True,False,False,True,True,False,True,True,False,False,True,False,True,False,False
case_CL120_EHR_112__GPT-5.4,case_CL120_EHR_112__anon_66373e8859cf80d8,case_CL120_EHR_112,GPT-5.4,closed_success,7,24,7,7,2,2,2,2,True,3.5,1,2,8,0,3,,,closed,terminal_safe_episode_closed,musculoskeletal_geriatrics,frailty_caregiver_execution,discharge_transition,moderate,medication_confusion_or_execution_failure,cost_transport_or_work_barrier | privacy_stigma_or_sensitive_history,high,medium,HO1 | HO2 | HO3 | HO4,4,4.5,3,1.224744871391589,0.8999999999999999,high_judge_disagreement | minor_or_moderate_error_any_judge,high_judge_disagreement,False,False,False,False,False,False,False,False,True,False,False,False,False,False,False,True,False
case_CL120_EHR_113__GPT-5.4,case_CL120_EHR_113__anon_2153a3fc0987d19f,case_CL120_EHR_113,GPT-5.4,closed_success,29,69,29,29,0,0,0,0,False,,,,30,0,10,,,closed,terminal_safe_episode_closed,mental_health_somatic,anxiety_depression_somatic_red_flag_and_followup,longitudinal_followup,moderate,caregiver_conflict_or_fatigue,privacy_stigma_or_sensitive_history | incomplete_patient_information,high,medium,HO1 | HO2 | HO3 | HO4,2.75,2.0,3,1.299038105676658,-1.2999999999999998,low_score | very_low_score | below_strong | no_workspace | sparse_workspace | high_judge_disagreement | workspace_underuse_candidate | closed_but_low_score | model_specific_weakness | minor_or_moderate_error_any_judge | important_non_chain_defect_any_judge,very_low_score,True,True,True,False,False,True,True,False,True,True,False,False,True,True,False,True,True
case_CL120_EHR_114__GPT-5.4,case_CL120_EHR_114__anon_1217d585382f3c09,case_CL120_EHR_114,GPT-5.4,closed_success,12,31,12,12,1,1,1,1,True,12.0,1,1,13,0,3,,,closed,terminal_safe_handoff_closed,mental_health_somatic,depression_adherence,pre_handoff,moderate,document_or_image_quality_problem,incomplete_patient_information | medication_confusion_or_execution_failure,high,medium,HO1 | HO2 | HO3 | HO4,2.75,2.0,3,1.299038105676658,-0.5,low_score | very_low_score | below_strong | sparse_workspace | high_judge_disagreement | workspace_underuse_candidate | closed_but_low_score | minor_or_moderate_error_any_judge,very_low_score,True,True,True,False,False,False,True,False,True,True,False,False,True,False,False,True,False
case_CL120_EHR_115__GPT-5.4,case_CL120_EHR_115__anon_a5ef425c220de124,case_CL120_EHR_115,GPT-5.4,closed_success,7,21,7,7,2,2,2,2,True,3.5,1,2,8,0,0,,,closed,terminal_safe_handoff_closed,mental_health_somatic,stigma_hidden_history,pre_handoff,moderate,delayed_or_staged_result_return,medication_confusion_or_execution_failure | caregiver_conflict_or_fatigue,high,medium,HO1 | HO2 | HO3 | HO4,3.5,3.5,3,1.5,-0.04999999999999982,below_strong | high_judge_disagreement | minor_or_moderate_error_any_judge,high_judge_disagreement,False,False,True,False,False,False,False,False,True,False,False,False,False,False,False,True,False
case_CL120_EHR_116__GPT-5.4,case_CL120_EHR_116__anon_ad30a52da96ee568,case_CL120_EHR_116,GPT-5.4,closed_success,16,42,16,16,2,2,2,2,True,8.0,2,3,17,0,3,,,closed,terminal_safe_handoff_closed,mental_health_somatic,anxiety_somatic_red_flag,post_handoff,moderate,low_adherence_or_refusal,caregiver_conflict_or_fatigue | document_or_image_quality_problem,high,medium,HO1 | HO2 | HO3 | HO4,3.25,3.0,3,1.299038105676658,0.5,low_score | below_strong | high_judge_disagreement | closed_but_low_score | minor_or_moderate_error_any_judge,closed_but_low_score,True,False,True,False,False,False,False,False,True,False,False,False,True,False,False,True,False
case_CL120_EHR_117__GPT-5.4,case_CL120_EHR_117__anon_461a1e82631b2a16,case_CL120_EHR_117,GPT-5.4,closed_success,16,47,16,16,2,3,3,3,True,8.0,1,2,17,0,5,,,closed,terminal_safe_episode_closed,mental_health_somatic,depression_adherence,post_handoff,moderate,external_system_gap,document_or_image_quality_problem | delayed_or_staged_result_return,high,medium,HO1 | HO2 | HO3 | HO4,3.25,3.5,4,1.479019945774904,1.1,below_strong | high_judge_disagreement | serious_error_any_judge | minor_or_moderate_error_any_judge,high_judge_disagreement,False,False,True,False,False,False,False,False,True,False,False,False,False,False,True,True,False
case_CL120_EHR_118__GPT-5.4,case_CL120_EHR_118__anon_7ec03650041f138b,case_CL120_EHR_118,GPT-5.4,closed_success,31,72,31,31,1,1,1,1,True,31.0,1,1,32,0,6,,,closed,terminal_safe_episode_closed,dermatology_ent_ophthalmology,rash_drug_reaction,result_return,heavy,misstated_family_or_patient_information,delayed_or_staged_result_return | low_adherence_or_refusal,high,long,HO1 | HO2 | HO3 | HO4,4.5,5.0,2,0.8660254037844386,1.75,sparse_workspace | high_judge_disagreement,high_judge_disagreement,False,False,False,False,False,False,True,False,True,False,False,False,False,False,False,False,False
case_CL120_EHR_119__GPT-5.4,case_CL120_EHR_119__anon_75140d4e869a4bb9,case_CL120_EHR_119,GPT-5.4,closed_success,34,77,34,34,1,1,1,1,True,34.0,1,1,0,35,5,,,closed,terminal_safe_episode_closed,dermatology_ent_ophthalmology,vision_red_flag,result_return,heavy,cost_transport_or_work_barrier,low_adherence_or_refusal | external_system_gap,high,long,HO1 | HO2 | HO3 | HO4,4.25,5.0,3,1.299038105676658,1.6,sparse_workspace | high_judge_disagreement | minor_or_moderate_error_any_judge,high_judge_disagreement,False,False,False,False,False,False,True,False,True,False,False,False,False,False,False,True,False
case_CL120_EHR_120__GPT-5.4,case_CL120_EHR_120__anon_bb0341a187b50f72,case_CL120_EHR_120,GPT-5.4,closed_success,7,24,7,7,2,2,2,2,True,3.5,1,2,0,8,3,,,closed,terminal_safe_episode_closed,dermatology_ent_ophthalmology,otitis_sinus_complication,home_execution_failure,heavy,privacy_stigma_or_sensitive_history,external_system_gap | misstated_family_or_patient_information,high,long,HO1 | HO2 | HO3 | HO4,3.5,3.5,3,1.5,0.8500000000000001,below_strong | high_judge_disagreement | minor_or_moderate_error_any_judge,high_judge_disagreement,False,False,True,False,False,False,False,False,True,False,False,False,False,False,False,True,False
case_CL120_EHR_001__GPT-5.6-Sol,case_CL120_EHR_001__anon_65393fdc139bbca4,case_CL120_EHR_001,GPT-5.6 Sol,closed_success,5,36,5,5,4,8,7,7,True,1.25,1,4,6,0,3,,,closed,terminal_safe_episode_closed,cardiovascular,chest_pain_acs_dissection,longitudinal_followup,light,incomplete_patient_information,misstated_family_or_patient_information | cost_transport_or_work_barrier,high,medium,HO1 | HO2 | HO3 | HO4,5,5.0,0,0.0,2.15,,no_major_failure_flag,False,False,False,False,False,False,False,False,False,False,False,False,False,False,False,False,False
case_CL120_EHR_002__GPT-5.6-Sol,case_CL120_EHR_002__anon_844981f219556782,case_CL120_EHR_002,GPT-5.6 Sol,closed_success,9,44,9,9,5,8,8,8,True,1.8,1,6,10,0,1,,,closed,terminal_safe_episode_closed,cardiovascular,heart_failure_decompensation,longitudinal_followup,light,medication_confusion_or_execution_failure,cost_transport_or_work_barrier | privacy_stigma_or_sensitive_history,high,medium,HO1 | HO2 | HO3 | HO4,5,5.0,0,0.0,2.1,,no_major_failure_flag,False,False,False,False,False,False,False,False,False,False,False,False,False,False,False,False,False
case_CL120_EHR_003__GPT-5.6-Sol,case_CL120_EHR_003__anon_417bdeef8830f46a,case_CL120_EHR_003,GPT-5.6 Sol,closed_success,12,37,12,12,3,3,3,3,True,4.0,1,4,13,0,3,,,closed,terminal_safe_episode_closed,cardiovascular,atrial_fibrillation_anticoagulation,discharge_transition,light,caregiver_conflict_or_fatigue,privacy_stigma_or_sensitive_history | incomplete_patient_information,high,medium,HO1 | HO2 | HO3 | HO4,4,4.5,3,1.224744871391589,1.5,high_judge_disagreement | minor_or_moderate_error_any_judge,high_judge_disagreement,False,False,False,False,False,False,False,False,True,False,False,False,False,False,False,True,False
case_CL120_EHR_004__GPT-5.6-Sol,case_CL120_EHR_004__anon_bc636433a1a7b79e,case_CL120_EHR_004,GPT-5.6 Sol,closed_success,7,23,7,7,1,2,2,2,True,7.0,1,1,7,0,3,,,closed,terminal_safe_episode_closed,dermatology_ent_ophthalmology,cataract_postoperative_medication_and_followup,discharge_transition,light,document_or_image_quality_problem,incomplete_patient_information | medication_confusion_or_execution_failure,high,medium,HO1 | HO2 | HO3 | HO4,4.75,5.0,1,0.4330127018922193,2.2,sparse_workspace,no_major_failure_flag,False,False,False,False,False,False,True,False,False,False,False,False,False,False,False,False,False
case_CL120_EHR_005__GPT-5.6-Sol,case_CL120_EHR_005__anon_a11f9e66e1ae087d,case_CL120_EHR_005,GPT-5.6 Sol,closed_success,3,9,3,3,0,0,0,0,False,,,,4,0,2,,,closed,terminal_safe_handoff_closed,cardiovascular,syncope,pre_handoff,light,delayed_or_staged_result_return,medication_confusion_or_execution_failure | caregiver_conflict_or_fatigue,high,short,HO1 | HO2 | HO3 | HO4,4.75,5.0,1,0.4330127018922193,1.35,no_workspace | sparse_workspace,no_major_failure_flag,False,False,False,False,False,True,True,False,False,False,False,False,False,False,False,False,False
case_CL120_EHR_006__GPT-5.6-Sol,case_CL120_EHR_006__anon_4fbb68f805e026db,case_CL120_EHR_006,GPT-5.6 Sol,closed_success,3,7,3,3,0,0,0,0,False,,,,4,0,0,,,closed,terminal_safe_handoff_closed,cardiovascular,chest_pain_acs_dissection,pre_handoff,light,low_adherence_or_refusal,caregiver_conflict_or_fatigue | document_or_image_quality_problem,high,short,HO1 | HO2 | HO3 | HO4,5,5.0,0,0.0,1.1,no_workspace | sparse_workspace,no_major_failure_flag,False,False,False,False,False,True,True,False,False,False,False,False,False,False,False,False,False
case_CL120_EHR_007__GPT-5.6-Sol,case_CL120_EHR_007__anon_a8a2414388a897fc,case_CL120_EHR_007,GPT-5.6 Sol,closed_success,5,36,5,5,3,8,9,7,True,1.6666666666666667,1,4,6,0,1,,,closed,terminal_safe_episode_closed,cardiovascular,heart_failure_decompensation,post_handoff,moderate,external_system_gap,document_or_image_quality_problem | delayed_or_staged_result_return,high,medium,HO1 | HO2 | HO3 | HO4,2,1.5,3,1.224744871391589,-1.1,low_score | very_low_score | below_strong | high_judge_disagreement | closed_but_low_score | model_specific_weakness | serious_error_any_judge | minor_or_moderate_error_any_judge,very_low_score,True,True,True,False,False,False,False,False,True,False,False,False,True,True,True,True,False
case_CL120_EHR_008__GPT-5.6-Sol,case_CL120_EHR_008__anon_e2cc68c5f15bdf41,case_CL120_EHR_008,GPT-5.6 Sol,closed_success,15,53,15,15,2,7,6,6,True,7.5,1,2,16,0,3,,,closed,terminal_safe_episode_closed,cardiovascular,atrial_fibrillation_anticoagulation,post_handoff,moderate,misstated_family_or_patient_information,delayed_or_staged_result_return | low_adherence_or_refusal,high,medium,HO1 | HO2 | HO3 | HO4,4.75,5.0,1,0.4330127018922193,1.4,,no_major_failure_flag,False,False,False,False,False,False,False,False,False,False,False,False,False,False,False,False,False
case_CL120_EHR_009__GPT-5.6-Sol,case_CL120_EHR_009__anon_210d3aaadf58f40f,case_CL120_EHR_009,GPT-5.6 Sol,closed_success,9,23,9,9,0,0,0,0,False,,,,10,0,4,,,closed,terminal_safe_episode_closed,cardiovascular,hypertension_urgency,result_return,moderate,cost_transport_or_work_barrier,low_adherence_or_refusal | external_system_gap,high,medium,HO1 | HO2 | HO3 | HO4,3.5,3.5,3,1.5,0.6000000000000001,below_strong | no_workspace | sparse_workspace | high_judge_disagreement | workspace_underuse_candidate | minor_or_moderate_error_any_judge,workspace_underuse_candidate,False,False,True,False,False,True,True,False,True,True,False,False,False,False,False,True,False
case_CL120_EHR_010__GPT-5.6-Sol,case_CL120_EHR_010__anon_f847be3d093bba43,case_CL120_EHR_010,GPT-5.6 Sol,closed_success,19,56,19,19,2,4,4,4,True,9.5,1,2,20,0,5,,,closed,terminal_safe_episode_closed,cardiovascular,syncope,result_return,moderate,privacy_stigma_or_sensitive_history,external_system_gap | misstated_family_or_patient_information,high,medium,HO1 | HO2 | HO3 | HO4,4.25,5.0,3,1.299038105676658,1.0499999999999998,high_judge_disagreement | minor_or_moderate_error_any_judge,high_judge_disagreement,False,False,False,False,False,False,False,False,True,False,False,False,False,False,False,True,False
case_CL120_EHR_011__GPT-5.6-Sol,case_CL120_EHR_011__anon_7dc39f0a42a71400,case_CL120_EHR_011,GPT-5.6 Sol,closed_success,11,25,11,11,0,0,0,0,False,,,,12,0,2,,,closed,terminal_safe_handoff_closed,cardiovascular,chest_pain_acs_dissection,home_execution_failure,moderate,incomplete_patient_information,misstated_family_or_patient_information | cost_transport_or_work_barrier,high,medium,HO1 | HO2 | HO3 | HO4,4,4.0,2,1.0,0.2999999999999998,no_workspace | sparse_workspace | high_judge_disagreement,high_judge_disagreement,False,False,False,False,False,True,True,False,True,False,False,False,False,False,False,False,False
case_CL120_EHR_012__GPT-5.6-Sol,case_CL120_EHR_012__anon_17f21ab6b0040f50,case_CL120_EHR_012,GPT-5.6 Sol,closed_success,28,89,28,28,6,10,9,9,True,4.666666666666667,1,19,29,0,4,,,closed,terminal_safe_episode_closed,cardiovascular,heart_failure_decompensation,longitudinal_followup,moderate,medication_confusion_or_execution_failure,cost_transport_or_work_barrier | privacy_stigma_or_sensitive_history,high,medium,HO1 | HO2 | HO3 | HO4,4.25,4.0,1,0.4330127018922193,0.7999999999999998,heavy_workspace,no_major_failure_flag,False,False,False,False,False,False,False,True,False,False,False,False,False,False,False,False,False
case_CL120_EHR_013__GPT-5.6-Sol,case_CL120_EHR_013__anon_fa4596a64a479534,case_CL120_EHR_013,GPT-5.6 Sol,closed_success,8,25,8,8,2,2,2,2,True,4.0,1,3,9,0,2,,,closed,terminal_safe_episode_closed,cardiovascular,atrial_fibrillation_anticoagulation,longitudinal_followup,moderate,caregiver_conflict_or_fatigue,privacy_stigma_or_sensitive_history | incomplete_patient_information,high,medium,HO1 | HO2 | HO3 | HO4,4.25,5.0,3,1.299038105676658,1.4,high_judge_disagreement | minor_or_moderate_error_any_judge,high_judge_disagreement,False,False,False,False,False,False,False,False,True,False,False,False,False,False,False,True,False
case_CL120_EHR_014__GPT-5.6-Sol,case_CL120_EHR_014__anon_95e3fe2578d4a64b,case_CL120_EHR_014,GPT-5.6 Sol,closed_success,9,29,9,9,2,2,2,2,True,4.5,1,2,10,0,4,,,closed,terminal_safe_episode_closed,cardiovascular,hypertension_urgency,discharge_transition,moderate,document_or_image_quality_problem,incomplete_patient_information | medication_confusion_or_execution_failure,high,medium,HO1 | HO2 | HO3 | HO4,5,5.0,0,0.0,1.9,,no_major_failure_flag,False,False,False,False,False,False,False,False,False,False,False,False,False,False,False,False,False
case_CL120_EHR_015__GPT-5.6-Sol,case_CL120_EHR_015__anon_a381c6e2a7f154b1,case_CL120_EHR_015,GPT-5.6 Sol,closed_success,18,44,18,18,1,1,1,1,True,18.0,1,1,19,0,4,,,closed,terminal_safe_episode_closed,respiratory,suspected_pulmonary_embolism_result_and_anticoagulation_followup,result_return,heavy,delayed_or_staged_result_return,medication_confusion_or_execution_failure | caregiver_conflict_or_fatigue,high,long,HO1 | HO2 | HO3 | HO4,5,5.0,0,0.0,1.35,sparse_workspace,no_major_failure_flag,False,False,False,False,False,False,True,False,False,False,False,False,False,False,False,False,False
case_CL120_EHR_016__GPT-5.6-Sol,case_CL120_EHR_016__anon_89d344a19e63cd9f,case_CL120_EHR_016,GPT-5.6 Sol,closed_success,3,13,3,3,1,1,1,1,True,3.0,1,1,4,0,3,,,closed,terminal_safe_handoff_closed,respiratory,pneumonia,pre_handoff,heavy,low_adherence_or_refusal,caregiver_conflict_or_fatigue | document_or_image_quality_problem,high,long,HO1 | HO2 | HO3 | HO4,4,4.5,3,1.224744871391589,1.5,sparse_workspace | high_judge_disagreement | minor_or_moderate_error_any_judge,high_judge_disagreement,False,False,False,False,False,False,True,False,True,False,False,False,False,False,False,True,False
case_CL120_EHR_017__GPT-5.6-Sol,case_CL120_EHR_017__anon_9636b3ec255c2862,case_CL120_EHR_017,GPT-5.6 Sol,closed_success,30,80,30,30,3,7,6,6,True,10.0,1,27,31,0,0,,,closed,terminal_safe_episode_closed,respiratory,lung_nodule_mass,post_handoff,heavy,external_system_gap,document_or_image_quality_problem | delayed_or_staged_result_return,high,long,HO1 | HO2 | HO3 | HO4,4.5,4.5,1,0.5,0.2999999999999998,,no_major_failure_flag,False,False,False,False,False,False,False,False,False,False,False,False,False,False,False,False,False
case_CL120_EHR_018__GPT-5.6-Sol,case_CL120_EHR_018__anon_9e157bd763ab059f,case_CL120_EHR_018,GPT-5.6 Sol,closed_success,31,108,31,31,4,5,4,5,True,7.75,1,26,32,0,29,,,closed,terminal_safe_episode_closed,respiratory,pulmonary_embolism,post_handoff,extreme,misstated_family_or_patient_information,delayed_or_staged_result_return | low_adherence_or_refusal,high,extra_long,HO1 | HO2 | HO3 | HO4,2.75,2.0,3,1.299038105676658,-0.6000000000000001,low_score | very_low_score | below_strong | high_judge_disagreement | closed_but_low_score | minor_or_moderate_error_any_judge,very_low_score,True,True,True,False,False,False,False,False,True,False,False,False,True,False,False,True,False
case_CL120_EHR_019__GPT-5.6-Sol,case_CL120_EHR_019__anon_83249ddc6443b4ab,case_CL120_EHR_019,GPT-5.6 Sol,closed_success,7,38,7,7,2,7,6,6,True,3.5,1,2,8,0,4,,,closed,terminal_safe_episode_closed,respiratory,home_oxygen_or_inhaler_execution,post_handoff,light,cost_transport_or_work_barrier,low_adherence_or_refusal | external_system_gap,high,medium,HO1 | HO2 | HO3 | HO4,3.5,3.5,3,1.5,-0.04999999999999982,below_strong | high_judge_disagreement | minor_or_moderate_error_any_judge,high_judge_disagreement,False,False,True,False,False,False,False,False,True,False,False,False,False,False,False,True,False
case_CL120_EHR_020__GPT-5.6-Sol,case_CL120_EHR_020__anon_ba92a4d2b4069df7,case_CL120_EHR_020,GPT-5.6 Sol,closed_success,5,25,5,5,2,4,4,4,True,2.5,1,2,6,0,2,,,closed,terminal_safe_episode_closed,respiratory,asthma_copd_exacerbation,result_return,light,privacy_stigma_or_sensitive_history,external_system_gap | misstated_family_or_patient_information,high,medium,HO1 | HO2 | HO3 | HO4,2.75,2.0,3,1.299038105676658,0.10000000000000009,low_score | very_low_score | below_strong | high_judge_disagreement | closed_but_low_score | minor_or_moderate_error_any_judge | important_non_chain_defect_any_judge,very_low_score,True,True,True,False,False,False,False,False,True,False,False,False,True,False,False,True,True
case_CL120_EHR_021__GPT-5.6-Sol,case_CL120_EHR_021__anon_2a3e4994fe4bfb84,case_CL120_EHR_021,GPT-5.6 Sol,open_at_100,100,283,100,100,11,20,17,18,True,9.090909090909092,1,91,101,0,25,,,soft_closed,milestone_closed_but_not_terminal,respiratory,pneumonia,result_return,light,incomplete_patient_information,misstated_family_or_patient_information | cost_transport_or_work_barrier,high,medium,HO1 | HO2 | HO3 | HO4,3.25,4.0,3,1.299038105676658,0.9500000000000002,high_turn | very_high_turn | heavy_workspace | high_judge_disagreement | serious_error_any_judge,open_at_100,False,False,False,True,True,False,False,True,True,False,False,False,False,False,True,False,False
case_CL120_EHR_022__GPT-5.6-Sol,case_CL120_EHR_022__anon_fd2ad34389d8e166,case_CL120_EHR_022,GPT-5.6 Sol,closed_success,8,50,8,8,6,10,9,9,True,1.3333333333333333,1,6,0,9,5,,,closed,terminal_safe_episode_closed,respiratory,lung_nodule_mass,home_execution_failure,light,medication_confusion_or_execution_failure,cost_transport_or_work_barrier | privacy_stigma_or_sensitive_history,high,medium,HO1 | HO2 | HO3 | HO4,3,3.0,4,2.0,1.15,low_score | below_strong | heavy_workspace | high_judge_disagreement | workspace_overuse_candidate | long_or_tool_intensive_low_score | closed_but_low_score | serious_error_any_judge,long_or_tool_intensive_low_score,True,False,True,False,False,False,False,True,True,False,True,True,True,False,True,False,False
case_CL120_EHR_023__GPT-5.6-Sol,case_CL120_EHR_023__anon_42a80dafaeec2913,case_CL120_EHR_023,GPT-5.6 Sol,closed_success,19,57,19,19,2,6,5,5,True,9.5,1,2,20,0,2,,,closed,terminal_safe_episode_closed,respiratory,pulmonary_embolism,longitudinal_followup,light,caregiver_conflict_or_fatigue,privacy_stigma_or_sensitive_history | incomplete_patient_information,high,medium,HO1 | HO2 | HO3 | HO4,2.25,1.5,4,1.6393596310755,-0.3999999999999999,low_score | very_low_score | below_strong | high_judge_disagreement | closed_but_low_score | serious_error_any_judge | minor_or_moderate_error_any_judge | important_non_chain_defect_any_judge,very_low_score,True,True,True,False,False,False,False,False,True,False,False,False,True,False,True,True,True
case_CL120_EHR_024__GPT-5.6-Sol,case_CL120_EHR_024__anon_aaaa91e1ff7748c4,case_CL120_EHR_024,GPT-5.6 Sol,closed_success,6,31,6,6,2,5,5,5,True,3.0,1,2,7,0,3,,,closed,terminal_safe_episode_closed,respiratory,home_oxygen_or_inhaler_execution,longitudinal_followup,moderate,document_or_image_quality_problem,incomplete_patient_information | medication_confusion_or_execution_failure,high,medium,HO1 | HO2 | HO3 | HO4,3,3.0,4,1.5811388300841898,0.3999999999999999,low_score | below_strong | high_judge_disagreement | closed_but_low_score | serious_error_any_judge | minor_or_moderate_error_any_judge,closed_but_low_score,True,False,True,False,False,False,False,False,True,False,False,False,True,False,True,True,False
case_CL120_EHR_025__GPT-5.6-Sol,case_CL120_EHR_025__anon_e6863723d8622e13,case_CL120_EHR_025,GPT-5.6 Sol,open_at_100,100,226,100,100,3,7,6,6,True,33.333333333333336,1,5,101,0,6,,,open,open_progressing,respiratory,asthma_copd_exacerbation,discharge_transition,moderate,delayed_or_staged_result_return,medication_confusion_or_execution_failure | caregiver_conflict_or_fatigue,high,medium,HO1 | HO2 | HO3 | HO4,3,3.0,2,1.0,-0.3999999999999999,low_score | below_strong | high_turn | very_high_turn | high_judge_disagreement | long_or_tool_intensive_low_score | minor_or_moderate_error_any_judge,open_at_100,True,False,True,True,True,False,False,False,True,False,False,True,False,False,False,True,False
case_CL120_EHR_026__GPT-5.6-Sol,case_CL120_EHR_026__anon_67467f26a87bf036,case_CL120_EHR_026,GPT-5.6 Sol,open_at_100,100,207,100,100,0,0,0,0,False,,,,101,0,6,,,soft_closed,milestone_closed_but_not_terminal,respiratory,pneumonia,palliative_terminal,moderate,low_adherence_or_refusal,caregiver_conflict_or_fatigue | document_or_image_quality_problem,high,medium,HO1 | HO2 | HO3 | HO4,4,4.0,0,0.0,1.2000000000000002,high_turn | very_high_turn | no_workspace | sparse_workspace,open_at_100,False,False,False,True,True,True,True,False,False,False,False,False,False,False,False,False,False
case_CL120_EHR_027__GPT-5.6-Sol,case_CL120_EHR_027__anon_35f2de33311851e3,case_CL120_EHR_027,GPT-5.6 Sol,closed_success,3,22,3,3,2,3,3,3,True,1.5,1,2,4,0,6,,,closed,terminal_safe_handoff_closed,endocrine_metabolic,diabetes_sick_day,pre_handoff,moderate,external_system_gap,document_or_image_quality_problem | delayed_or_staged_result_return,high,medium,HO1 | HO2 | HO3 | HO4,4.25,5.0,3,1.299038105676658,2.55,high_judge_disagreement | minor_or_moderate_error_any_judge,high_judge_disagreement,False,False,False,False,False,False,False,False,True,False,False,False,False,False,False,True,False
case_CL120_EHR_028__GPT-5.6-Sol,case_CL120_EHR_028__anon_224f7ce160144aec,case_CL120_EHR_028,GPT-5.6 Sol,open_at_100,100,223,100,100,6,6,6,6,True,16.666666666666668,1,28,101,0,4,,,open,open_progressing,endocrine_metabolic,hypoglycemia,post_handoff,moderate,misstated_family_or_patient_information,delayed_or_staged_result_return | low_adherence_or_refusal,high,medium,HO1 | HO2 | HO3 | HO4,1.75,1.0,3,1.299038105676658,-0.8999999999999999,low_score | very_low_score | below_strong | high_turn | very_high_turn | heavy_workspace | high_judge_disagreement | workspace_overuse_candidate | long_or_tool_intensive_low_score | serious_error_any_judge | minor_or_moderate_error_any_judge,open_at_100,True,True,True,True,True,False,False,True,True,False,True,True,False,False,True,True,False
case_CL120_EHR_029__GPT-5.6-Sol,case_CL120_EHR_029__anon_4481cc525887adfe,case_CL120_EHR_029,GPT-5.6 Sol,closed_success,47,115,47,47,3,7,6,6,True,15.666666666666666,1,3,48,0,1,,,closed,terminal_safe_episode_closed,endocrine_metabolic,thyroid_dysfunction,post_handoff,moderate,cost_transport_or_work_barrier,low_adherence_or_refusal | external_system_gap,high,medium,HO1 | HO2 | HO3 | HO4,4.75,5.0,1,0.4330127018922193,1.2000000000000002,,no_major_failure_flag,False,False,False,False,False,False,False,False,False,False,False,False,False,False,False,False,False
case_CL120_EHR_030__GPT-5.6-Sol,case_CL120_EHR_030__anon_4ef2f2e6d1970f8d,case_CL120_EHR_030,GPT-5.6 Sol,closed_success,22,68,22,22,3,7,6,6,True,7.333333333333333,1,3,23,0,4,,,closed,terminal_safe_handoff_closed,endocrine_metabolic,steroid_or_insulin_adjustment,post_handoff,moderate,privacy_stigma_or_sensitive_history,external_system_gap | misstated_family_or_patient_information,high,medium,HO1 | HO2 | HO3 | HO4,4.75,5.0,1,0.4330127018922193,2.7,,no_major_failure_flag,False,False,False,False,False,False,False,False,False,False,False,False,False,False,False,False,False
case_CL120_EHR_031__GPT-5.6-Sol,case_CL120_EHR_031__anon_59c9a985133666f3,case_CL120_EHR_031,GPT-5.6 Sol,closed_success,9,46,9,9,4,8,7,7,True,2.25,1,4,0,10,4,,,closed,terminal_safe_episode_closed,endocrine_metabolic,obesity_sleep_apnea_metabolic_risk,result_return,moderate,incomplete_patient_information,misstated_family_or_patient_information | cost_transport_or_work_barrier,high,medium,HO1 | HO2 | HO3 | HO4,2.25,1.5,4,1.6393596310755,-1.1,low_score | very_low_score | below_strong | high_judge_disagreement | closed_but_low_score | model_specific_weakness | serious_error_any_judge | minor_or_moderate_error_any_judge,very_low_score,True,True,True,False,False,False,False,False,True,False,False,False,True,True,True,True,False
case_CL120_EHR_032__GPT-5.6-Sol,case_CL120_EHR_032__anon_40edd845b48d5eea,case_CL120_EHR_032,GPT-5.6 Sol,closed_success,33,76,33,33,2,2,2,2,True,16.5,1,9,0,34,3,,,closed,terminal_safe_episode_closed,endocrine_metabolic,diabetes_sick_day,result_return,moderate,medication_confusion_or_execution_failure,cost_transport_or_work_barrier | privacy_stigma_or_sensitive_history,high,medium,HO1 | HO2 | HO3 | HO4,4.5,4.5,1,0.5,2.2,,no_major_failure_flag,False,False,False,False,False,False,False,False,False,False,False,False,False,False,False,False,False
case_CL120_EHR_033__GPT-5.6-Sol,case_CL120_EHR_033__anon_ee2c4c28e0a6d609,case_CL120_EHR_033,GPT-5.6 Sol,closed_success,16,44,16,16,0,0,0,0,False,,,,17,0,11,,,closed,terminal_safe_episode_closed,endocrine_metabolic,hypoglycemia,home_execution_failure,heavy,caregiver_conflict_or_fatigue,privacy_stigma_or_sensitive_history | incomplete_patient_information,high,long,HO1 | HO2 | HO3 | HO4,5,5.0,0,0.0,1.75,no_workspace | sparse_workspace,no_major_failure_flag,False,False,False,False,False,True,True,False,False,False,False,False,False,False,False,False,False
case_CL120_EHR_034__GPT-5.6-Sol,case_CL120_EHR_034__anon_41d5997e39409dfd,case_CL120_EHR_034,GPT-5.6 Sol,closed_success,26,60,26,26,2,2,2,2,True,13.0,1,2,13,14,1,,,closed,terminal_safe_episode_closed,endocrine_metabolic,thyroid_dysfunction,longitudinal_followup,heavy,document_or_image_quality_problem,incomplete_patient_information | medication_confusion_or_execution_failure,high,long,HO1 | HO2 | HO3 | HO4,2.5,2.0,2,0.8660254037844386,-0.3999999999999999,low_score | very_low_score | below_strong | high_judge_disagreement | closed_but_low_score | minor_or_moderate_error_any_judge,very_low_score,True,True,True,False,False,False,False,False,True,False,False,False,True,False,False,True,False
case_CL120_EHR_035__GPT-5.6-Sol,case_CL120_EHR_035__anon_86064e47780cef65,case_CL120_EHR_035,GPT-5.6 Sol,open_at_100,100,401,100,100,3,3,2,3,True,33.333333333333336,1,58,4,97,190,,,open,open_progressing,endocrine_metabolic,steroid_or_insulin_adjustment,longitudinal_followup,extreme,delayed_or_staged_result_return,medication_confusion_or_execution_failure | caregiver_conflict_or_fatigue,high,extra_long,HO1 | HO2 | HO3 | HO4,3.75,4.0,1,0.4330127018922193,1.4,high_turn | very_high_turn,open_at_100,False,False,False,True,True,False,False,False,False,False,False,False,False,False,False,False,False
case_CL120_EHR_036__GPT-5.6-Sol,case_CL120_EHR_036__anon_c13070de67c32a02,case_CL120_EHR_036,GPT-5.6 Sol,closed_success,77,189,77,77,10,10,10,10,True,7.7,1,40,0,78,4,,,closed,terminal_safe_episode_closed,endocrine_metabolic,obesity_sleep_apnea_metabolic_risk,discharge_transition,light,low_adherence_or_refusal,caregiver_conflict_or_fatigue | document_or_image_quality_problem,high,medium,HO1 | HO2 | HO3 | HO4,3.25,3.5,4,1.7853571071357126,1.5,below_strong | high_turn | heavy_workspace | high_judge_disagreement | workspace_overuse_candidate | long_or_tool_intensive_low_score | serious_error_any_judge | minor_or_moderate_error_any_judge,long_or_tool_intensive_low_score,False,False,True,True,False,False,False,True,True,False,True,True,False,False,True,True,False
case_CL120_EHR_037__GPT-5.6-Sol,case_CL120_EHR_037__anon_d1745f489b4447c6,case_CL120_EHR_037,GPT-5.6 Sol,closed_success,41,89,41,41,1,1,1,1,True,41.0,1,1,42,0,3,,,closed,terminal_safe_episode_closed,endocrine_metabolic,diabetic_foot_wound_and_sick_day_medication_safety,home_execution_failure,light,external_system_gap,document_or_image_quality_problem | delayed_or_staged_result_return,high,medium,HO1 | HO2 | HO3 | HO4,4.25,5.0,3,1.299038105676658,1.75,sparse_workspace | high_judge_disagreement | minor_or_moderate_error_any_judge,high_judge_disagreement,False,False,False,False,False,False,True,False,True,False,False,False,False,False,False,True,False
case_CL120_EHR_038__GPT-5.6-Sol,case_CL120_EHR_038__anon_40c22977ae8acd53,case_CL120_EHR_038,GPT-5.6 Sol,closed_success,4,19,4,4,2,2,2,2,True,2.0,1,3,5,0,4,,,closed,terminal_safe_handoff_closed,endocrine_metabolic,postoperative_glucose_variability_and_medication_safety,home_execution_failure,light,misstated_family_or_patient_information,delayed_or_staged_result_return | low_adherence_or_refusal,high,short,HO1 | HO2 | HO3 | HO4,4.25,4.0,1,0.4330127018922193,0.8500000000000001,,no_major_failure_flag,False,False,False,False,False,False,False,False,False,False,False,False,False,False,False,False,False
case_CL120_EHR_039__GPT-5.6-Sol,case_CL120_EHR_039__anon_6cc9c3df1db414a6,case_CL120_EHR_039,GPT-5.6 Sol,closed_success,5,27,5,5,3,4,4,4,True,1.6666666666666667,1,4,0,6,4,,,closed,terminal_safe_episode_closed,renal_urology,ckd_med_reconciliation,post_handoff,light,cost_transport_or_work_barrier,low_adherence_or_refusal | external_system_gap,high,medium,HO1 | HO2 | HO3 | HO4,4,5.0,4,1.7320508075688772,2.75,high_judge_disagreement | serious_error_any_judge | minor_or_moderate_error_any_judge,high_judge_disagreement,False,False,False,False,False,False,False,False,True,False,False,False,False,False,True,True,False
case_CL120_EHR_040__GPT-5.6-Sol,case_CL120_EHR_040__anon_16cc841188bd0f0d,case_CL120_EHR_040,GPT-5.6 Sol,closed_success,7,46,7,7,4,5,5,5,True,1.75,1,6,8,0,15,,,closed,terminal_safe_episode_closed,renal_urology,uti_culture_action,post_handoff,light,privacy_stigma_or_sensitive_history,external_system_gap | misstated_family_or_patient_information,high,medium,HO1 | HO2 | HO3 | HO4,4.75,5.0,1,0.4330127018922193,2.15,,no_major_failure_flag,False,False,False,False,False,False,False,False,False,False,False,False,False,False,False,False,False
case_CL120_EHR_041__GPT-5.6-Sol,case_CL120_EHR_041__anon_8b7c2cb2b10a8f02,case_CL120_EHR_041,GPT-5.6 Sol,closed_success,39,97,39,39,2,6,5,5,True,19.5,1,37,40,0,2,,,closed,terminal_safe_episode_closed,renal_urology,renal_function_abnormality_warning_and_result_followup,result_return,moderate,incomplete_patient_information,misstated_family_or_patient_information | cost_transport_or_work_barrier,high,medium,HO1 | HO2 | HO3 | HO4,4,4.5,3,1.224744871391589,0.9500000000000002,high_judge_disagreement | minor_or_moderate_error_any_judge,high_judge_disagreement,False,False,False,False,False,False,False,False,True,False,False,False,False,False,False,True,False
case_CL120_EHR_042__GPT-5.6-Sol,case_CL120_EHR_042__anon_f1bfee3db4bdd810,case_CL120_EHR_042,GPT-5.6 Sol,closed_success,14,46,14,14,3,5,5,5,True,4.666666666666667,1,14,0,15,2,,,closed,terminal_safe_episode_closed,renal_urology,stone_colic,result_return,moderate,medication_confusion_or_execution_failure,cost_transport_or_work_barrier | privacy_stigma_or_sensitive_history,high,medium,HO1 | HO2 | HO3 | HO4,4.5,4.5,1,0.5,1.7000000000000002,,no_major_failure_flag,False,False,False,False,False,False,False,False,False,False,False,False,False,False,False,False,False
case_CL120_EHR_043__GPT-5.6-Sol,case_CL120_EHR_043__anon_e1c25ddb6a3f6ba7,case_CL120_EHR_043,GPT-5.6 Sol,closed_success,12,34,12,12,1,1,1,1,True,12.0,1,1,13,0,6,,,closed,terminal_safe_handoff_closed,renal_urology,anticoagulation_and_hematuria,home_execution_failure,moderate,caregiver_conflict_or_fatigue,privacy_stigma_or_sensitive_history | incomplete_patient_information,high,medium,HO1 | HO2 | HO3 | HO4,3,3.0,2,1.0,-0.3999999999999999,low_score | below_strong | sparse_workspace | high_judge_disagreement | workspace_underuse_candidate | closed_but_low_score | minor_or_moderate_error_any_judge,workspace_underuse_candidate,True,False,True,False,False,False,True,False,True,True,False,False,True,False,False,True,False
case_CL120_EHR_044__GPT-5.6-Sol,case_CL120_EHR_044__anon_bcd57ff603f2635b,case_CL120_EHR_044,GPT-5.6 Sol,closed_success,26,59,26,26,2,2,2,2,True,13.0,1,2,0,27,0,,,closed,terminal_safe_episode_closed,renal_urology,ckd_med_reconciliation,home_execution_failure,moderate,document_or_image_quality_problem,incomplete_patient_information | medication_confusion_or_execution_failure,high,medium,HO1 | HO2 | HO3 | HO4,4.5,4.5,1,0.5,0.9500000000000002,,no_major_failure_flag,False,False,False,False,False,False,False,False,False,False,False,False,False,False,False,False,False
case_CL120_EHR_045__GPT-5.6-Sol,case_CL120_EHR_045__anon_1f4e5451d77ef6e3,case_CL120_EHR_045,GPT-5.6 Sol,closed_success,12,45,12,12,2,6,5,5,True,6.0,1,2,6,7,4,,,closed,terminal_safe_episode_closed,renal_urology,uti_culture_action,longitudinal_followup,moderate,delayed_or_staged_result_return,medication_confusion_or_execution_failure | caregiver_conflict_or_fatigue,high,medium,HO1 | HO2 | HO3 | HO4,3,3.0,4,2.0,0.8999999999999999,low_score | below_strong | high_judge_disagreement | closed_but_low_score | serious_error_any_judge,closed_but_low_score,True,False,True,False,False,False,False,False,True,False,False,False,True,False,True,False,False
case_CL120_EHR_046__GPT-5.6-Sol,case_CL120_EHR_046__anon_3d002c13d81c400b,case_CL120_EHR_046,GPT-5.6 Sol,open_at_100,100,213,100,100,1,2,2,2,True,100.0,1,1,101,0,6,,,open,open_progressing,renal_urology,aki_warning,longitudinal_followup,moderate,low_adherence_or_refusal,caregiver_conflict_or_fatigue | document_or_image_quality_problem,high,medium,HO1 | HO2 | HO3 | HO4,3.25,4.0,3,1.299038105676658,0.6499999999999999,high_turn | very_high_turn | sparse_workspace | high_judge_disagreement | serious_error_any_judge | important_non_chain_defect_any_judge,open_at_100,False,False,False,True,True,False,True,False,True,False,False,False,False,False,True,False,True
case_CL120_EHR_047__GPT-5.6-Sol,case_CL120_EHR_047__anon_22abfb9e4226682c,case_CL120_EHR_047,GPT-5.6 Sol,closed_success,14,45,14,14,2,6,5,5,True,7.0,1,2,15,0,0,,,closed,terminal_safe_episode_closed,renal_urology,stone_colic,discharge_transition,moderate,external_system_gap,document_or_image_quality_problem | delayed_or_staged_result_return,high,medium,HO1 | HO2 | HO3 | HO4,3,2.5,3,1.224744871391589,0.20000000000000018,low_score | very_low_score | below_strong | high_judge_disagreement | closed_but_low_score | minor_or_moderate_error_any_judge,very_low_score,True,True,True,False,False,False,False,False,True,False,False,False,True,False,False,True,False
case_CL120_EHR_048__GPT-5.6-Sol,case_CL120_EHR_048__anon_2cfb658b4d490aaf,case_CL120_EHR_048,GPT-5.6 Sol,closed_success,21,66,21,21,4,7,7,7,True,5.25,1,14,22,0,2,,,closed,terminal_safe_episode_closed,renal_urology,renal_function_electrolyte_and_urine_color_medication_safety,home_execution_failure,moderate,misstated_family_or_patient_information,delayed_or_staged_result_return | low_adherence_or_refusal,high,medium,HO1 | HO2 | HO3 | HO4,4,5.0,4,1.7320508075688772,2.0,high_judge_disagreement | serious_error_any_judge | minor_or_moderate_error_any_judge,high_judge_disagreement,False,False,False,False,False,False,False,False,True,False,False,False,False,False,True,True,False
case_CL120_EHR_049__GPT-5.6-Sol,case_CL120_EHR_049__anon_3919bb4bd3544030,case_CL120_EHR_049,GPT-5.6 Sol,closed_success,4,17,4,4,2,2,2,2,True,2.0,1,2,0,5,2,,,closed,terminal_safe_episode_closed,respiratory,pulmonary_sequestration_interventional_planning_and_cost_barrier,pre_handoff,moderate,cost_transport_or_work_barrier,low_adherence_or_refusal | external_system_gap,high,medium,HO1 | HO2 | HO3 | HO4,3.5,3.5,3,1.5,0.3500000000000001,below_strong | high_judge_disagreement | minor_or_moderate_error_any_judge,high_judge_disagreement,False,False,True,False,False,False,False,False,True,False,False,False,False,False,False,True,False
case_CL120_EHR_050__GPT-5.6-Sol,case_CL120_EHR_050__anon_fb0c51f9c4034da7,case_CL120_EHR_050,GPT-5.6 Sol,open_at_100,100,218,100,100,3,4,4,4,True,33.333333333333336,1,3,101,0,5,,,open,open_progressing,gastro_hepatology,viral_hepatitis_cirrhosis,post_handoff,heavy,privacy_stigma_or_sensitive_history,external_system_gap | misstated_family_or_patient_information,high,long,HO1 | HO2 | HO3 | HO4,2.25,2.0,1,0.4330127018922193,0.0,low_score | very_low_score | below_strong | high_turn | very_high_turn | long_or_tool_intensive_low_score | minor_or_moderate_error_any_judge,open_at_100,True,True,True,True,True,False,False,False,False,False,False,True,False,False,False,True,False
case_CL120_EHR_051__GPT-5.6-Sol,case_CL120_EHR_051__anon_b549fd4a2823f31b,case_CL120_EHR_051,GPT-5.6 Sol,closed_success,9,38,9,9,2,7,6,6,True,4.5,1,2,10,0,0,,,closed,terminal_safe_episode_closed,gastro_hepatology,abdominal_pain,post_handoff,heavy,incomplete_patient_information,misstated_family_or_patient_information | cost_transport_or_work_barrier,high,long,HO1 | HO2 | HO3 | HO4,3.75,4.0,1,0.4330127018922193,1.15,,no_major_failure_flag,False,False,False,False,False,False,False,False,False,False,False,False,False,False,False,False,False
case_CL120_EHR_052__GPT-5.6-Sol,case_CL120_EHR_052__anon_ca2998295f3832f2,case_CL120_EHR_052,GPT-5.6 Sol,closed_success,23,81,23,23,6,10,10,9,True,3.8333333333333335,1,22,24,0,5,,,closed,terminal_safe_handoff_closed,gastro_hepatology,pancreatitis,result_return,extreme,medication_confusion_or_execution_failure,cost_transport_or_work_barrier | privacy_stigma_or_sensitive_history,high,extra_long,HO1 | HO2 | HO3 | HO4,4.5,4.5,1,0.5,1.65,heavy_workspace,no_major_failure_flag,False,False,False,False,False,False,False,True,False,False,False,False,False,False,False,False,False
case_CL120_EHR_053__GPT-5.6-Sol,case_CL120_EHR_053__anon_ae8e23e582af7317,case_CL120_EHR_053,GPT-5.6 Sol,closed_success,6,34,6,6,5,6,6,6,True,1.2,1,5,7,0,3,,,closed,terminal_safe_episode_closed,renal_urology,lupus_nephritis_steroid_and_followup_after_negative_covid_result,result_return,light,caregiver_conflict_or_fatigue,privacy_stigma_or_sensitive_history | incomplete_patient_information,high,medium,HO1 | HO2 | HO3 | HO4,4.25,5.0,3,1.299038105676658,1.15,high_judge_disagreement | minor_or_moderate_error_any_judge,high_judge_disagreement,False,False,False,False,False,False,False,False,True,False,False,False,False,False,False,True,False
case_CL120_EHR_054__GPT-5.6-Sol,case_CL120_EHR_054__anon_0489ca5caa81ef0e,case_CL120_EHR_054,GPT-5.6 Sol,closed_success,9,43,9,9,4,8,7,7,True,2.25,1,7,10,0,2,,,closed,terminal_safe_episode_closed,gastro_hepatology,gi_bleeding,home_execution_failure,light,document_or_image_quality_problem,incomplete_patient_information | medication_confusion_or_execution_failure,high,medium,HO1 | HO2 | HO3 | HO4,3,3.0,4,2.0,0.7999999999999998,low_score | below_strong | high_judge_disagreement | closed_but_low_score | serious_error_any_judge | minor_or_moderate_error_any_judge,closed_but_low_score,True,False,True,False,False,False,False,False,True,False,False,False,True,False,True,True,False
case_CL120_EHR_055__GPT-5.6-Sol,case_CL120_EHR_055__anon_17e398dea1cd2dc3,case_CL120_EHR_055,GPT-5.6 Sol,closed_success,13,31,13,13,0,0,0,0,False,,,,14,0,4,,,closed,terminal_safe_handoff_closed,gastro_hepatology,viral_hepatitis_cirrhosis,home_execution_failure,light,delayed_or_staged_result_return,medication_confusion_or_execution_failure | caregiver_conflict_or_fatigue,high,medium,HO1 | HO2 | HO3 | HO4,3.75,4.0,3,1.299038105676658,0.3999999999999999,no_workspace | sparse_workspace | high_judge_disagreement | minor_or_moderate_error_any_judge,high_judge_disagreement,False,False,False,False,False,True,True,False,True,False,False,False,False,False,False,True,False
case_CL120_EHR_056__GPT-5.6-Sol,case_CL120_EHR_056__anon_758673e7e56057d8,case_CL120_EHR_056,GPT-5.6 Sol,closed_success,8,52,8,8,3,3,3,3,True,2.6666666666666665,1,6,9,0,24,,,closed,terminal_safe_episode_closed,gastro_hepatology,abdominal_pain,longitudinal_followup,light,low_adherence_or_refusal,caregiver_conflict_or_fatigue | document_or_image_quality_problem,high,medium,HO1 | HO2 | HO3 | HO4,3.5,4.0,2,0.8660254037844386,0.3999999999999999,high_judge_disagreement | minor_or_moderate_error_any_judge | important_non_chain_defect_any_judge,high_judge_disagreement,False,False,False,False,False,False,False,False,True,False,False,False,False,False,False,True,True
case_CL120_EHR_057__GPT-5.6-Sol,case_CL120_EHR_057__anon_816bd0cfd9a96225,case_CL120_EHR_057,GPT-5.6 Sol,closed_success,5,16,5,5,1,1,1,1,True,5.0,1,1,0,6,2,,,closed,terminal_safe_episode_closed,gastro_hepatology,pancreatitis,discharge_transition,light,external_system_gap,document_or_image_quality_problem | delayed_or_staged_result_return,high,medium,HO1 | HO2 | HO3 | HO4,2.75,2.5,2,0.82915619758885,0.1499999999999999,low_score | very_low_score | below_strong | sparse_workspace | high_judge_disagreement | workspace_underuse_candidate | closed_but_low_score | minor_or_moderate_error_any_judge,very_low_score,True,True,True,False,False,False,True,False,True,True,False,False,True,False,False,True,False
case_CL120_EHR_058__GPT-5.6-Sol,case_CL120_EHR_058__anon_bccc18593eaa2fc0,case_CL120_EHR_058,GPT-5.6 Sol,closed_success,6,55,6,6,3,5,5,5,True,2.0,1,6,7,0,25,,,closed,terminal_safe_episode_closed,gastro_hepatology,colonoscopy_or_pathology_followup,discharge_transition,moderate,misstated_family_or_patient_information,delayed_or_staged_result_return | low_adherence_or_refusal,high,medium,HO1 | HO2 | HO3 | HO4,3,3.0,4,1.5811388300841898,0.6000000000000001,low_score | below_strong | high_judge_disagreement | closed_but_low_score | serious_error_any_judge | minor_or_moderate_error_any_judge,closed_but_low_score,True,False,True,False,False,False,False,False,True,False,False,False,True,False,True,True,False
case_CL120_EHR_059__GPT-5.6-Sol,case_CL120_EHR_059__anon_039a77213c504c0d,case_CL120_EHR_059,GPT-5.6 Sol,closed_success,8,30,8,8,1,4,4,4,True,8.0,1,1,0,9,1,,,closed,terminal_safe_handoff_closed,gastro_hepatology,gi_bleeding,pre_handoff,moderate,cost_transport_or_work_barrier,low_adherence_or_refusal | external_system_gap,high,medium,HO1 | HO2 | HO3 | HO4,4,4.5,3,1.224744871391589,1.35,sparse_workspace | high_judge_disagreement | minor_or_moderate_error_any_judge,high_judge_disagreement,False,False,False,False,False,False,True,False,True,False,False,False,False,False,False,True,False
case_CL120_EHR_060__GPT-5.6-Sol,case_CL120_EHR_060__anon_a2d4e913b4367afa,case_CL120_EHR_060,GPT-5.6 Sol,runtime_error,1,2,1,1,0,0,0,0,False,,,,1,0,0,content_filter_400,RuntimeError,open,,gastro_hepatology,viral_hepatitis_cirrhosis,pre_handoff,moderate,privacy_stigma_or_sensitive_history,external_system_gap | misstated_family_or_patient_information,high,medium,HO1 | HO2 | HO3 | HO4,1.75,2.0,1,0.4330127018922193,0.7,low_score | very_low_score | below_strong | no_workspace | sparse_workspace | workspace_underuse_candidate | serious_error_any_judge | minor_or_moderate_error_any_judge,runtime_error,True,True,True,False,False,True,True,False,False,True,False,False,False,False,True,True,False
case_CL120_EHR_061__GPT-5.6-Sol,case_CL120_EHR_061__anon_bb327803c94c1646,case_CL120_EHR_061,GPT-5.6 Sol,closed_success,10,41,10,10,2,6,5,5,True,5.0,1,2,11,0,4,,,closed,terminal_safe_episode_closed,neurology,stroke_tia,post_handoff,moderate,incomplete_patient_information,misstated_family_or_patient_information | cost_transport_or_work_barrier,high,medium,HO1 | HO2 | HO3 | HO4,4.5,5.0,2,0.8660254037844386,2.1,high_judge_disagreement,high_judge_disagreement,False,False,False,False,False,False,False,False,True,False,False,False,False,False,False,False,False
case_CL120_EHR_062__GPT-5.6-Sol,case_CL120_EHR_062__anon_3e1f46b8253b7f7d,case_CL120_EHR_062,GPT-5.6 Sol,closed_success,6,26,6,6,2,3,3,3,True,3.0,1,2,7,0,4,,,closed,terminal_safe_episode_closed,neurology,limb_numbness_weakness_preoperative_medication_and_followup,pre_handoff,moderate,medication_confusion_or_execution_failure,cost_transport_or_work_barrier | privacy_stigma_or_sensitive_history,high,medium,HO1 | HO2 | HO3 | HO4,4.25,5.0,3,1.299038105676658,1.5,high_judge_disagreement | minor_or_moderate_error_any_judge,high_judge_disagreement,False,False,False,False,False,False,False,False,True,False,False,False,False,False,False,True,False
case_CL120_EHR_063__GPT-5.6-Sol,case_CL120_EHR_063__anon_db07a276f8827d41,case_CL120_EHR_063,GPT-5.6 Sol,closed_success,8,22,8,8,1,1,1,1,True,8.0,1,1,9,0,2,,,closed,terminal_safe_episode_closed,neurology,headache_red_flag,result_return,moderate,caregiver_conflict_or_fatigue,privacy_stigma_or_sensitive_history | incomplete_patient_information,high,medium,HO1 | HO2 | HO3 | HO4,3.5,3.5,3,1.5,1.0,below_strong | sparse_workspace | high_judge_disagreement | workspace_underuse_candidate | minor_or_moderate_error_any_judge,workspace_underuse_candidate,False,False,True,False,False,False,True,False,True,True,False,False,False,False,False,True,False
case_CL120_EHR_064__GPT-5.6-Sol,case_CL120_EHR_064__anon_13e8667c147c9f71,case_CL120_EHR_064,GPT-5.6 Sol,closed_success,6,27,6,6,3,3,3,3,True,2.0,1,6,7,0,5,,,closed,terminal_safe_episode_closed,neurology,dementia_delirium,result_return,moderate,document_or_image_quality_problem,incomplete_patient_information | medication_confusion_or_execution_failure,high,medium,HO1 | HO2 | HO3 | HO4,2.75,2.5,4,1.7853571071357126,0.3500000000000001,low_score | very_low_score | below_strong | high_judge_disagreement | closed_but_low_score | serious_error_any_judge | minor_or_moderate_error_any_judge,very_low_score,True,True,True,False,False,False,False,False,True,False,False,False,True,False,True,True,False
case_CL120_EHR_065__GPT-5.6-Sol,case_CL120_EHR_065__anon_347c805df82114a4,case_CL120_EHR_065,GPT-5.6 Sol,closed_success,8,39,8,8,5,6,6,6,True,1.6,1,7,9,0,4,,,closed,terminal_safe_episode_closed,neurology,neuropathy_or_fall,home_execution_failure,moderate,delayed_or_staged_result_return,medication_confusion_or_execution_failure | caregiver_conflict_or_fatigue,high,medium,HO1 | HO2 | HO3 | HO4,4.5,4.5,1,0.5,2.05,,no_major_failure_flag,False,False,False,False,False,False,False,False,False,False,False,False,False,False,False,False,False
case_CL120_EHR_066__GPT-5.6-Sol,case_CL120_EHR_066__anon_7eac72fd6cc63d4a,case_CL120_EHR_066,GPT-5.6 Sol,closed_success,5,23,5,5,1,1,1,1,True,5.0,1,1,6,0,9,,,closed,terminal_bounded_episode_closed,neurology,stroke_tia,home_execution_failure,moderate,low_adherence_or_refusal,caregiver_conflict_or_fatigue | document_or_image_quality_problem,high,medium,HO1 | HO2 | HO3 | HO4,2.75,2.0,3,1.299038105676658,-1.5,low_score | very_low_score | below_strong | sparse_workspace | high_judge_disagreement | workspace_underuse_candidate | closed_but_low_score | model_specific_weakness | minor_or_moderate_error_any_judge,very_low_score,True,True,True,False,False,False,True,False,True,True,False,False,True,True,False,True,False
case_CL120_EHR_067__GPT-5.6-Sol,case_CL120_EHR_067__anon_b3d54e6de29f345c,case_CL120_EHR_067,GPT-5.6 Sol,open_at_100,100,204,100,100,0,0,0,0,False,,,,101,0,3,,,open,open_progressing,neurology,seizure,longitudinal_followup,heavy,external_system_gap,document_or_image_quality_problem | delayed_or_staged_result_return,high,long,HO1 | HO2 | HO3 | HO4,4,4.0,0,0.0,0.8500000000000001,high_turn | very_high_turn | no_workspace | sparse_workspace,open_at_100,False,False,False,True,True,True,True,False,False,False,False,False,False,False,False,False,False
case_CL120_EHR_068__GPT-5.6-Sol,case_CL120_EHR_068__anon_1190d20d76a4431f,case_CL120_EHR_068,GPT-5.6 Sol,closed_success,30,75,30,30,1,5,4,4,True,30.0,1,1,31,0,1,,,closed,terminal_safe_episode_closed,neurology,headache_red_flag,discharge_transition,heavy,misstated_family_or_patient_information,delayed_or_staged_result_return | low_adherence_or_refusal,high,long,HO1 | HO2 | HO3 | HO4,4.25,5.0,3,1.299038105676658,0.9500000000000002,sparse_workspace | high_judge_disagreement | minor_or_moderate_error_any_judge,high_judge_disagreement,False,False,False,False,False,False,True,False,True,False,False,False,False,False,False,True,False
case_CL120_EHR_069__GPT-5.6-Sol,case_CL120_EHR_069__anon_5dd9e0930d372423,case_CL120_EHR_069,GPT-5.6 Sol,open_at_100,100,209,100,100,2,2,2,2,True,50.0,1,2,101,0,2,,,open,open_progressing,neurology,dementia_delirium,discharge_transition,extreme,cost_transport_or_work_barrier,low_adherence_or_refusal | external_system_gap,high,extra_long,HO1 | HO2 | HO3 | HO4,3.5,4.0,2,0.8660254037844386,0.8500000000000001,high_turn | very_high_turn | high_judge_disagreement | minor_or_moderate_error_any_judge,open_at_100,False,False,False,True,True,False,False,False,True,False,False,False,False,False,False,True,False
case_CL120_EHR_070__GPT-5.6-Sol,case_CL120_EHR_070__anon_be76ba0042e77c4b,case_CL120_EHR_070,GPT-5.6 Sol,closed_success,7,30,7,7,2,4,4,4,True,3.5,1,2,8,0,3,,,closed,terminal_safe_handoff_closed,neurology,neuropathy_or_fall,pre_handoff,light,privacy_stigma_or_sensitive_history,external_system_gap | misstated_family_or_patient_information,high,short,HO1 | HO2 | HO3 | HO4,4.25,5.0,3,1.299038105676658,1.6,high_judge_disagreement | minor_or_moderate_error_any_judge,high_judge_disagreement,False,False,False,False,False,False,False,False,True,False,False,False,False,False,False,True,False
case_CL120_EHR_071__GPT-5.6-Sol,case_CL120_EHR_071__anon_2b4ed982b95d4254,case_CL120_EHR_071,GPT-5.6 Sol,closed_success,4,17,4,4,1,2,2,2,True,4.0,1,1,0,5,2,,,closed,terminal_safe_handoff_closed,obstetrics_gynecology,pregnancy_med_safety,pre_handoff,light,incomplete_patient_information,misstated_family_or_patient_information | cost_transport_or_work_barrier,high,short,HO1 | HO2 | HO3 | HO4,2.75,2.0,3,1.299038105676658,-0.3999999999999999,low_score | very_low_score | below_strong | sparse_workspace | high_judge_disagreement | workspace_underuse_candidate | closed_but_low_score | minor_or_moderate_error_any_judge | important_non_chain_defect_any_judge,very_low_score,True,True,True,False,False,False,True,False,True,True,False,False,True,False,False,True,True
case_CL120_EHR_072__GPT-5.6-Sol,case_CL120_EHR_072__anon_47409491f8251bd2,case_CL120_EHR_072,GPT-5.6 Sol,closed_success,12,33,12,12,2,2,2,2,True,6.0,1,2,13,0,2,,,closed,terminal_safe_episode_closed,obstetrics_gynecology,ectopic_or_bleeding,post_handoff,light,medication_confusion_or_execution_failure,cost_transport_or_work_barrier | privacy_stigma_or_sensitive_history,high,medium,HO1 | HO2 | HO3 | HO4,4.25,5.0,3,1.299038105676658,1.5,high_judge_disagreement | minor_or_moderate_error_any_judge,high_judge_disagreement,False,False,False,False,False,False,False,False,True,False,False,False,False,False,False,True,False
case_CL120_EHR_073__GPT-5.6-Sol,case_CL120_EHR_073__anon_7d4877f053afe48e,case_CL120_EHR_073,GPT-5.6 Sol,closed_success,20,45,20,20,0,0,0,0,False,,,,21,0,4,,,closed,terminal_safe_episode_closed,obstetrics_gynecology,postpartum_warning,post_handoff,light,caregiver_conflict_or_fatigue,privacy_stigma_or_sensitive_history | incomplete_patient_information,high,medium,HO1 | HO2 | HO3 | HO4,4.25,5.0,3,1.299038105676658,0.9500000000000002,no_workspace | sparse_workspace | high_judge_disagreement | minor_or_moderate_error_any_judge,high_judge_disagreement,False,False,False,False,False,True,True,False,True,False,False,False,False,False,False,True,False
case_CL120_EHR_074__GPT-5.6-Sol,case_CL120_EHR_074__anon_79a303a30eebe0ee,case_CL120_EHR_074,GPT-5.6 Sol,closed_success,5,29,5,5,3,5,5,5,True,1.6666666666666667,1,4,0,6,3,,,closed,terminal_safe_episode_closed,obstetrics_gynecology,gynecologic_mass_pathway,result_return,light,document_or_image_quality_problem,incomplete_patient_information | medication_confusion_or_execution_failure,high,medium,HO1 | HO2 | HO3 | HO4,5,5.0,0,0.0,1.35,,no_major_failure_flag,False,False,False,False,False,False,False,False,False,False,False,False,False,False,False,False,False
case_CL120_EHR_075__GPT-5.6-Sol,case_CL120_EHR_075__anon_f0e607b0b6896889,case_CL120_EHR_075,GPT-5.6 Sol,closed_success,9,43,9,9,3,7,6,6,True,3.0,1,3,0,10,5,,,closed,terminal_safe_episode_closed,obstetrics_gynecology,pregnancy_med_safety,result_return,moderate,delayed_or_staged_result_return,medication_confusion_or_execution_failure | caregiver_conflict_or_fatigue,high,medium,HO1 | HO2 | HO3 | HO4,4,4.5,3,1.224744871391589,1.65,high_judge_disagreement | minor_or_moderate_error_any_judge,high_judge_disagreement,False,False,False,False,False,False,False,False,True,False,False,False,False,False,False,True,False
case_CL120_EHR_076__GPT-5.6-Sol,case_CL120_EHR_076__anon_4d49663c1f6d46aa,case_CL120_EHR_076,GPT-5.6 Sol,closed_success,15,35,15,15,0,0,0,0,False,,,,0,16,4,,,closed,terminal_safe_handoff_closed,obstetrics_gynecology,ectopic_or_bleeding,home_execution_failure,moderate,low_adherence_or_refusal,caregiver_conflict_or_fatigue | document_or_image_quality_problem,high,medium,HO1 | HO2 | HO3 | HO4,4.25,5.0,3,1.299038105676658,1.75,no_workspace | sparse_workspace | high_judge_disagreement | minor_or_moderate_error_any_judge,high_judge_disagreement,False,False,False,False,False,True,True,False,True,False,False,False,False,False,False,True,False
case_CL120_EHR_077__GPT-5.6-Sol,case_CL120_EHR_077__anon_1951b36e699b6bd6,case_CL120_EHR_077,GPT-5.6 Sol,closed_success,9,31,9,9,3,3,3,3,True,3.0,1,6,0,10,3,,,closed,terminal_safe_episode_closed,obstetrics_gynecology,postpartum_warning,home_execution_failure,moderate,external_system_gap,document_or_image_quality_problem | delayed_or_staged_result_return,high,medium,HO1 | HO2 | HO3 | HO4,4.25,5.0,3,1.299038105676658,2.0,high_judge_disagreement | minor_or_moderate_error_any_judge,high_judge_disagreement,False,False,False,False,False,False,False,False,True,False,False,False,False,False,False,True,False
case_CL120_EHR_078__GPT-5.6-Sol,case_CL120_EHR_078__anon_afb7466648c39358,case_CL120_EHR_078,GPT-5.6 Sol,closed_success,41,106,41,41,5,5,5,5,True,8.2,1,34,42,0,8,,,closed,terminal_safe_episode_closed,obstetrics_gynecology,gynecologic_mass_pathway,longitudinal_followup,moderate,misstated_family_or_patient_information,delayed_or_staged_result_return | low_adherence_or_refusal,high,medium,HO1 | HO2 | HO3 | HO4,5,5.0,0,0.0,1.2000000000000002,,no_major_failure_flag,False,False,False,False,False,False,False,False,False,False,False,False,False,False,False,False,False
case_CL120_EHR_079__GPT-5.6-Sol,case_CL120_EHR_079__anon_43f21a471543edc5,case_CL120_EHR_079,GPT-5.6 Sol,closed_success,37,81,37,37,1,1,1,1,True,37.0,37,37,38,0,3,,,closed,terminal_safe_episode_closed,pediatrics,fever_dehydration,discharge_transition,moderate,cost_transport_or_work_barrier,low_adherence_or_refusal | external_system_gap,high,medium,HO1 | HO2 | HO3 | HO4,3.5,3.5,3,1.5,0.9500000000000002,below_strong | sparse_workspace | high_judge_disagreement | workspace_underuse_candidate | minor_or_moderate_error_any_judge,workspace_underuse_candidate,False,False,True,False,False,False,True,False,True,True,False,False,False,False,False,True,False
case_CL120_EHR_080__GPT-5.6-Sol,case_CL120_EHR_080__anon_07701d0bfc574836,case_CL120_EHR_080,GPT-5.6 Sol,closed_success,13,44,13,13,5,5,5,5,True,2.6,1,8,14,0,2,,,closed,terminal_safe_episode_closed,pediatrics,type1_diabetes_vomiting,discharge_transition,moderate,privacy_stigma_or_sensitive_history,external_system_gap | misstated_family_or_patient_information,high,medium,HO1 | HO2 | HO3 | HO4,2.75,2.0,3,1.299038105676658,-0.3500000000000001,low_score | very_low_score | below_strong | high_judge_disagreement | closed_but_low_score | minor_or_moderate_error_any_judge,very_low_score,True,True,True,False,False,False,False,False,True,False,False,False,True,False,False,True,False
case_CL120_EHR_081__GPT-5.6-Sol,case_CL120_EHR_081__anon_1871cefabb3e97e5,case_CL120_EHR_081,GPT-5.6 Sol,closed_success,3,13,3,3,2,2,2,2,True,1.5,1,2,4,0,0,,,closed,terminal_safe_episode_closed,pediatrics,short_stature_growth_hormone_deficiency_and_scoliosis_followup,discharge_transition,moderate,incomplete_patient_information,misstated_family_or_patient_information | cost_transport_or_work_barrier,high,medium,HO1 | HO2 | HO3 | HO4,5,5.0,0,0.0,1.7999999999999998,,no_major_failure_flag,False,False,False,False,False,False,False,False,False,False,False,False,False,False,False,False,False
case_CL120_EHR_082__GPT-5.6-Sol,case_CL120_EHR_082__anon_add0f46a8e4d0f32,case_CL120_EHR_082,GPT-5.6 Sol,closed_success,5,26,5,5,2,4,4,4,True,2.5,1,2,6,0,3,,,closed,terminal_safe_episode_closed,pediatrics,caregiver_medication_error,pre_handoff,moderate,medication_confusion_or_execution_failure,cost_transport_or_work_barrier | privacy_stigma_or_sensitive_history,high,medium,HO1 | HO2 | HO3 | HO4,3.5,3.5,3,1.5,0.5499999999999998,below_strong | high_judge_disagreement | minor_or_moderate_error_any_judge,high_judge_disagreement,False,False,True,False,False,False,False,False,True,False,False,False,False,False,False,True,False
case_CL120_EHR_083__GPT-5.6-Sol,case_CL120_EHR_083__anon_7a8446ceabbbf53e,case_CL120_EHR_083,GPT-5.6 Sol,closed_success,18,43,18,18,1,1,1,1,True,18.0,1,1,19,0,3,,,closed,terminal_safe_episode_closed,pediatrics,fever_dehydration,post_handoff,moderate,caregiver_conflict_or_fatigue,privacy_stigma_or_sensitive_history | incomplete_patient_information,high,medium,HO1 | HO2 | HO3 | HO4,4,5.0,4,1.7320508075688772,2.0,sparse_workspace | high_judge_disagreement | serious_error_any_judge | minor_or_moderate_error_any_judge | important_non_chain_defect_any_judge,high_judge_disagreement,False,False,False,False,False,False,True,False,True,False,False,False,False,False,True,True,True
case_CL120_EHR_084__GPT-5.6-Sol,case_CL120_EHR_084__anon_415ccadf36ff6c44,case_CL120_EHR_084,GPT-5.6 Sol,closed_success,30,77,30,30,1,4,4,4,True,30.0,1,1,31,0,4,,,closed,terminal_safe_episode_closed,pediatrics,type1_diabetes_vomiting,post_handoff,heavy,document_or_image_quality_problem,incomplete_patient_information | medication_confusion_or_execution_failure,high,long,HO1 | HO2 | HO3 | HO4,3.5,3.5,3,1.5,0.5499999999999998,below_strong | sparse_workspace | high_judge_disagreement | workspace_underuse_candidate | minor_or_moderate_error_any_judge | important_non_chain_defect_any_judge,workspace_underuse_candidate,False,False,True,False,False,False,True,False,True,True,False,False,False,False,False,True,True
case_CL120_EHR_085__GPT-5.6-Sol,case_CL120_EHR_085__anon_3163abddbd211e1c,case_CL120_EHR_085,GPT-5.6 Sol,closed_success,9,41,9,9,3,7,6,6,True,3.0,1,3,10,0,3,,,closed,terminal_safe_episode_closed,pediatrics,asthma_child,result_return,heavy,delayed_or_staged_result_return,medication_confusion_or_execution_failure | caregiver_conflict_or_fatigue,high,long,HO1 | HO2 | HO3 | HO4,5,5.0,0,0.0,2.2,,no_major_failure_flag,False,False,False,False,False,False,False,False,False,False,False,False,False,False,False,False,False
case_CL120_EHR_086__GPT-5.6-Sol,case_CL120_EHR_086__anon_25078797d4964acf,case_CL120_EHR_086,GPT-5.6 Sol,closed_success,11,40,11,11,4,5,5,5,True,2.75,1,7,12,0,2,,,closed,terminal_safe_episode_closed,pediatrics,caregiver_medication_error,result_return,heavy,low_adherence_or_refusal,caregiver_conflict_or_fatigue | document_or_image_quality_problem,high,long,HO1 | HO2 | HO3 | HO4,4.75,5.0,1,0.4330127018922193,1.2999999999999998,,no_major_failure_flag,False,False,False,False,False,False,False,False,False,False,False,False,False,False,False,False,False
case_CL120_EHR_087__GPT-5.6-Sol,case_CL120_EHR_087__anon_56825231d6d06626,case_CL120_EHR_087,GPT-5.6 Sol,closed_success,21,60,21,21,2,5,5,5,True,10.5,1,20,0,22,2,,,closed,terminal_safe_episode_closed,oncology_hematology,new_mass_staging,home_execution_failure,light,external_system_gap,document_or_image_quality_problem | delayed_or_staged_result_return,high,medium,HO1 | HO2 | HO3 | HO4,4.25,5.0,3,1.299038105676658,2.05,high_judge_disagreement | minor_or_moderate_error_any_judge,high_judge_disagreement,False,False,False,False,False,False,False,False,True,False,False,False,False,False,False,True,False
case_CL120_EHR_088__GPT-5.6-Sol,case_CL120_EHR_088__anon_b38914246a98e172,case_CL120_EHR_088,GPT-5.6 Sol,closed_success,6,38,6,6,4,8,7,7,True,1.5,1,5,7,0,3,,,closed,terminal_safe_episode_closed,oncology_hematology,chemotherapy_complication,home_execution_failure,light,misstated_family_or_patient_information,delayed_or_staged_result_return | low_adherence_or_refusal,high,medium,HO1 | HO2 | HO3 | HO4,5,5.0,0,0.0,2.5,,no_major_failure_flag,False,False,False,False,False,False,False,False,False,False,False,False,False,False,False,False,False
case_CL120_EHR_089__GPT-5.6-Sol,case_CL120_EHR_089__anon_37523bdb8812621d,case_CL120_EHR_089,GPT-5.6 Sol,closed_success,25,59,25,25,1,1,1,1,True,25.0,1,1,26,0,5,,,closed,terminal_safe_handoff_closed,oncology_hematology,anemia_bleeding,longitudinal_followup,light,cost_transport_or_work_barrier,low_adherence_or_refusal | external_system_gap,high,medium,HO1 | HO2 | HO3 | HO4,5,5.0,0,0.0,1.0,sparse_workspace,no_major_failure_flag,False,False,False,False,False,False,True,False,False,False,False,False,False,False,False,False,False
case_CL120_EHR_090__GPT-5.6-Sol,case_CL120_EHR_090__anon_0e70f2fd23dd0081,case_CL120_EHR_090,GPT-5.6 Sol,closed_success,72,158,72,72,3,3,3,3,True,24.0,1,68,73,0,4,,,closed,terminal_safe_episode_closed,oncology_hematology,palliative_transition,discharge_transition,light,privacy_stigma_or_sensitive_history,external_system_gap | misstated_family_or_patient_information,high,medium,HO1 | HO2 | HO3 | HO4,3,2.5,3,1.224744871391589,-0.5499999999999998,low_score | very_low_score | below_strong | high_turn | high_judge_disagreement | long_or_tool_intensive_low_score | closed_but_low_score | minor_or_moderate_error_any_judge | important_non_chain_defect_any_judge,very_low_score,True,True,True,True,False,False,False,False,True,False,False,True,True,False,False,True,True
case_CL120_EHR_091__GPT-5.6-Sol,case_CL120_EHR_091__anon_4eac8738176909b0,case_CL120_EHR_091,GPT-5.6 Sol,closed_success,5,29,5,5,2,6,5,5,True,2.5,1,2,6,0,2,,,closed,terminal_safe_episode_closed,oncology_hematology,family_disclosure,discharge_transition,light,incomplete_patient_information,misstated_family_or_patient_information | cost_transport_or_work_barrier,high,medium,HO1 | HO2 | HO3 | HO4,2.25,2.0,1,0.4330127018922193,-0.3999999999999999,low_score | very_low_score | below_strong | closed_but_low_score | minor_or_moderate_error_any_judge,very_low_score,True,True,True,False,False,False,False,False,False,False,False,False,True,False,False,True,False
case_CL120_EHR_092__GPT-5.6-Sol,case_CL120_EHR_092__anon_1bb6aaa9b4982eb9,case_CL120_EHR_092,GPT-5.6 Sol,closed_success,3,15,3,3,2,2,2,2,True,1.5,1,2,4,0,2,,,closed,terminal_safe_handoff_closed,oncology_hematology,new_mass_staging,pre_handoff,light,medication_confusion_or_execution_failure,cost_transport_or_work_barrier | privacy_stigma_or_sensitive_history,high,short,HO1 | HO2 | HO3 | HO4,3.5,3.5,3,1.118033988749895,0.8999999999999999,below_strong | high_judge_disagreement | minor_or_moderate_error_any_judge,high_judge_disagreement,False,False,True,False,False,False,False,False,True,False,False,False,False,False,False,True,False
case_CL120_EHR_093__GPT-5.6-Sol,case_CL120_EHR_093__anon_1b6454f8051d4407,case_CL120_EHR_093,GPT-5.6 Sol,closed_success,5,17,5,5,1,1,1,1,True,5.0,1,1,6,0,3,,,closed,terminal_safe_handoff_closed,oncology_hematology,chemotherapy_complication,pre_handoff,moderate,caregiver_conflict_or_fatigue,privacy_stigma_or_sensitive_history | incomplete_patient_information,high,medium,HO1 | HO2 | HO3 | HO4,3,3.0,4,2.0,0.75,low_score | below_strong | sparse_workspace | high_judge_disagreement | workspace_underuse_candidate | closed_but_low_score | serious_error_any_judge | minor_or_moderate_error_any_judge | important_non_chain_defect_any_judge,workspace_underuse_candidate,True,False,True,False,False,False,True,False,True,True,False,False,True,False,True,True,True
case_CL120_EHR_094__GPT-5.6-Sol,case_CL120_EHR_094__anon_544b65ca682fcd34,case_CL120_EHR_094,GPT-5.6 Sol,open_at_100,100,217,100,100,1,5,4,4,True,100.0,1,1,101,0,3,,,open,open_progressing,oncology_hematology,anemia_bleeding,post_handoff,moderate,document_or_image_quality_problem,incomplete_patient_information | medication_confusion_or_execution_failure,high,medium,HO1 | HO2 | HO3 | HO4,4,4.0,0,0.0,0.7000000000000002,high_turn | very_high_turn | sparse_workspace,open_at_100,False,False,False,True,True,False,True,False,False,False,False,False,False,False,False,False,False
case_CL120_EHR_095__GPT-5.6-Sol,case_CL120_EHR_095__anon_a47d4c5fb64682aa,case_CL120_EHR_095,GPT-5.6 Sol,closed_success,21,53,21,21,2,2,2,2,True,10.5,1,2,22,0,4,,,closed,terminal_safe_handoff_closed,oncology_hematology,palliative_transition,post_handoff,moderate,delayed_or_staged_result_return,medication_confusion_or_execution_failure | caregiver_conflict_or_fatigue,high,medium,HO1 | HO2 | HO3 | HO4,3.5,4.0,2,0.8660254037844386,1.2000000000000002,high_judge_disagreement | minor_or_moderate_error_any_judge,high_judge_disagreement,False,False,False,False,False,False,False,False,True,False,False,False,False,False,False,True,False
case_CL120_EHR_096__GPT-5.6-Sol,case_CL120_EHR_096__anon_758ab80891a25de2,case_CL120_EHR_096,GPT-5.6 Sol,closed_success,41,90,41,41,1,1,1,1,True,41.0,1,1,42,0,4,,,closed,terminal_safe_episode_closed,oncology_hematology,family_disclosure,result_return,moderate,low_adherence_or_refusal,caregiver_conflict_or_fatigue | document_or_image_quality_problem,high,medium,HO1 | HO2 | HO3 | HO4,4.75,5.0,1,0.4330127018922193,1.0499999999999998,sparse_workspace,no_major_failure_flag,False,False,False,False,False,False,True,False,False,False,False,False,False,False,False,False,False
case_CL120_EHR_097__GPT-5.6-Sol,case_CL120_EHR_097__anon_f8fb6ff4c45d36e9,case_CL120_EHR_097,GPT-5.6 Sol,closed_success,5,23,5,5,1,3,3,3,True,5.0,1,1,6,0,3,,,closed,terminal_safe_episode_closed,infectious_disease,culture_result_action,result_return,moderate,external_system_gap,document_or_image_quality_problem | delayed_or_staged_result_return,high,medium,HO1 | HO2 | HO3 | HO4,4.25,5.0,3,1.299038105676658,1.9,sparse_workspace | high_judge_disagreement | minor_or_moderate_error_any_judge,high_judge_disagreement,False,False,False,False,False,False,True,False,True,False,False,False,False,False,False,True,False
case_CL120_EHR_098__GPT-5.6-Sol,case_CL120_EHR_098__anon_3086c4fa063a208e,case_CL120_EHR_098,GPT-5.6 Sol,closed_success,13,30,13,13,0,0,0,0,False,,,,14,0,3,,,closed,terminal_safe_episode_closed,infectious_disease,sepsis_warning,home_execution_failure,moderate,misstated_family_or_patient_information,delayed_or_staged_result_return | low_adherence_or_refusal,high,medium,HO1 | HO2 | HO3 | HO4,3.25,3.0,3,1.299038105676658,-0.7999999999999998,low_score | below_strong | no_workspace | sparse_workspace | high_judge_disagreement | workspace_underuse_candidate | closed_but_low_score | minor_or_moderate_error_any_judge,workspace_underuse_candidate,True,False,True,False,False,True,True,False,True,True,False,False,True,False,False,True,False
case_CL120_EHR_099__GPT-5.6-Sol,case_CL120_EHR_099__anon_5a75ac2ca2dfdb7e,case_CL120_EHR_099,GPT-5.6 Sol,closed_success,28,61,28,28,0,0,0,0,False,,,,28,1,4,,,closed,terminal_safe_episode_closed,infectious_disease,tb_or_hbv_stigma,home_execution_failure,moderate,cost_transport_or_work_barrier,low_adherence_or_refusal | external_system_gap,high,medium,HO1 | HO2 | HO3 | HO4,3.5,3.5,3,1.5,-0.04999999999999982,below_strong | no_workspace | sparse_workspace | high_judge_disagreement | workspace_underuse_candidate | minor_or_moderate_error_any_judge,workspace_underuse_candidate,False,False,True,False,False,True,True,False,True,True,False,False,False,False,False,True,False
case_CL120_EHR_100__GPT-5.6-Sol,case_CL120_EHR_100__anon_166b9616ad0ad03e,case_CL120_EHR_100,GPT-5.6 Sol,closed_success,19,55,19,19,3,4,4,4,True,6.333333333333333,1,16,0,20,4,,,closed,terminal_safe_episode_closed,infectious_disease,antibiotic_allergy_or_adherence,longitudinal_followup,moderate,privacy_stigma_or_sensitive_history,external_system_gap | misstated_family_or_patient_information,high,medium,HO1 | HO2 | HO3 | HO4,4,4.5,3,1.224744871391589,1.65,high_judge_disagreement | minor_or_moderate_error_any_judge,high_judge_disagreement,False,False,False,False,False,False,False,False,True,False,False,False,False,False,False,True,False
case_CL120_EHR_101__GPT-5.6-Sol,case_CL120_EHR_101__anon_8a22269037e8e735,case_CL120_EHR_101,GPT-5.6 Sol,closed_success,13,90,13,13,3,7,6,6,True,4.333333333333333,1,8,14,0,42,,,closed,terminal_safe_episode_closed,infectious_disease,culture_result_action,discharge_transition,heavy,incomplete_patient_information,misstated_family_or_patient_information | cost_transport_or_work_barrier,high,long,HO1 | HO2 | HO3 | HO4,4.5,4.5,1,0.5,1.0,,no_major_failure_flag,False,False,False,False,False,False,False,False,False,False,False,False,False,False,False,False,False
case_CL120_EHR_102__GPT-5.6-Sol,case_CL120_EHR_102__anon_90e06f540f152382,case_CL120_EHR_102,GPT-5.6 Sol,closed_success,42,91,42,42,1,1,1,1,True,42.0,18,18,0,43,3,,,closed,terminal_safe_episode_closed,infectious_disease,sepsis_warning,discharge_transition,heavy,medication_confusion_or_execution_failure,cost_transport_or_work_barrier | privacy_stigma_or_sensitive_history,high,long,HO1 | HO2 | HO3 | HO4,4.25,5.0,3,1.299038105676658,1.15,sparse_workspace | high_judge_disagreement | minor_or_moderate_error_any_judge,high_judge_disagreement,False,False,False,False,False,False,True,False,True,False,False,False,False,False,False,True,False
case_CL120_EHR_103__GPT-5.6-Sol,case_CL120_EHR_103__anon_9377166a90a1f713,case_CL120_EHR_103,GPT-5.6 Sol,closed_success,8,23,8,8,1,1,1,1,True,8.0,1,1,9,0,3,,,closed,terminal_safe_episode_closed,infectious_disease,transplant_patient_hbv_tb_stigma_and_immunosuppression_safety,pre_handoff,heavy,caregiver_conflict_or_fatigue,privacy_stigma_or_sensitive_history | incomplete_patient_information,high,long,HO1 | HO2 | HO3 | HO4,3.5,3.5,3,1.5,0.20000000000000018,below_strong | sparse_workspace | high_judge_disagreement | workspace_underuse_candidate | minor_or_moderate_error_any_judge,workspace_underuse_candidate,False,False,True,False,False,False,True,False,True,True,False,False,False,False,False,True,False
case_CL120_EHR_104__GPT-5.6-Sol,case_CL120_EHR_104__anon_2d2096d093f62cd9,case_CL120_EHR_104,GPT-5.6 Sol,closed_success,4,17,4,4,1,1,1,1,True,4.0,1,1,5,0,5,,,closed,terminal_safe_handoff_closed,infectious_disease,antibiotic_allergy_or_adherence,pre_handoff,light,document_or_image_quality_problem,incomplete_patient_information | medication_confusion_or_execution_failure,high,short,HO1 | HO2 | HO3 | HO4,5,5.0,0,0.0,1.75,sparse_workspace,no_major_failure_flag,False,False,False,False,False,False,True,False,False,False,False,False,False,False,False,False,False
case_CL120_EHR_105__GPT-5.6-Sol,case_CL120_EHR_105__anon_7bccd6dbbb29eae8,case_CL120_EHR_105,GPT-5.6 Sol,closed_success,34,83,34,34,4,4,4,4,True,8.5,1,32,35,0,2,,,closed,terminal_safe_episode_closed,musculoskeletal_geriatrics,fracture_fall_prevention,post_handoff,light,delayed_or_staged_result_return,medication_confusion_or_execution_failure | caregiver_conflict_or_fatigue,high,medium,HO1 | HO2 | HO3 | HO4,3.5,3.5,3,1.5,0.6000000000000001,below_strong | high_judge_disagreement | minor_or_moderate_error_any_judge,high_judge_disagreement,False,False,True,False,False,False,False,False,True,False,False,False,False,False,False,True,False
case_CL120_EHR_106__GPT-5.6-Sol,case_CL120_EHR_106__anon_7bb2e338a7ca215b,case_CL120_EHR_106,GPT-5.6 Sol,closed_success,15,39,15,15,2,2,2,2,True,7.5,1,15,16,0,2,,,closed,terminal_safe_episode_closed,musculoskeletal_geriatrics,osteoporosis,post_handoff,light,low_adherence_or_refusal,caregiver_conflict_or_fatigue | document_or_image_quality_problem,high,medium,HO1 | HO2 | HO3 | HO4,4.25,4.0,1,0.4330127018922193,0.3999999999999999,,no_major_failure_flag,False,False,False,False,False,False,False,False,False,False,False,False,False,False,False,False,False
case_CL120_EHR_107__GPT-5.6-Sol,case_CL120_EHR_107__anon_44233bb54a37c44c,case_CL120_EHR_107,GPT-5.6 Sol,closed_success,19,63,19,19,3,7,6,6,True,6.333333333333333,1,13,20,0,5,,,closed,terminal_safe_episode_closed,musculoskeletal_geriatrics,polypharmacy,result_return,light,external_system_gap,document_or_image_quality_problem | delayed_or_staged_result_return,high,medium,HO1 | HO2 | HO3 | HO4,3.75,4.0,3,1.0897247358851685,0.7999999999999998,high_judge_disagreement | minor_or_moderate_error_any_judge,high_judge_disagreement,False,False,False,False,False,False,False,False,True,False,False,False,False,False,False,True,False
case_CL120_EHR_108__GPT-5.6-Sol,case_CL120_EHR_108__anon_803acb84b7d7565b,case_CL120_EHR_108,GPT-5.6 Sol,closed_success,7,35,7,7,2,5,5,5,True,3.5,1,2,8,0,5,,,closed,terminal_safe_episode_closed,musculoskeletal_geriatrics,frailty_caregiver_execution,result_return,light,misstated_family_or_patient_information,delayed_or_staged_result_return | low_adherence_or_refusal,high,medium,HO1 | HO2 | HO3 | HO4,3.5,3.5,3,1.5,0.6499999999999999,below_strong | high_judge_disagreement | minor_or_moderate_error_any_judge,high_judge_disagreement,False,False,True,False,False,False,False,False,True,False,False,False,False,False,False,True,False
case_CL120_EHR_109__GPT-5.6-Sol,case_CL120_EHR_109__anon_6dca7d48bfe387e0,case_CL120_EHR_109,GPT-5.6 Sol,closed_success,7,29,7,7,4,4,4,4,True,1.75,1,5,8,0,2,,,closed,terminal_safe_episode_closed,musculoskeletal_geriatrics,fracture_fall_prevention,home_execution_failure,light,cost_transport_or_work_barrier,low_adherence_or_refusal | external_system_gap,high,medium,HO1 | HO2 | HO3 | HO4,5,5.0,0,0.0,1.75,,no_major_failure_flag,False,False,False,False,False,False,False,False,False,False,False,False,False,False,False,False,False
case_CL120_EHR_110__GPT-5.6-Sol,case_CL120_EHR_110__anon_ce923bbd98545457,case_CL120_EHR_110,GPT-5.6 Sol,closed_success,6,21,6,6,2,2,2,2,True,3.0,1,2,7,0,2,,,closed,terminal_safe_episode_closed,musculoskeletal_geriatrics,osteoporosis,home_execution_failure,moderate,privacy_stigma_or_sensitive_history,external_system_gap | misstated_family_or_patient_information,high,medium,HO1 | HO2 | HO3 | HO4,2.5,2.0,4,1.5,-0.1499999999999999,low_score | very_low_score | below_strong | high_judge_disagreement | closed_but_low_score | serious_error_any_judge | minor_or_moderate_error_any_judge,very_low_score,True,True,True,False,False,False,False,False,True,False,False,False,True,False,True,True,False
case_CL120_EHR_111__GPT-5.6-Sol,case_CL120_EHR_111__anon_b7909670f1476bda,case_CL120_EHR_111,GPT-5.6 Sol,closed_success,3,15,3,3,2,2,2,2,True,1.5,1,2,4,0,2,,,closed,terminal_safe_episode_closed,musculoskeletal_geriatrics,polypharmacy,longitudinal_followup,moderate,incomplete_patient_information,misstated_family_or_patient_information | cost_transport_or_work_barrier,high,medium,HO1 | HO2 | HO3 | HO4,2,1.5,3,1.224744871391589,-0.8500000000000001,low_score | very_low_score | below_strong | high_judge_disagreement | closed_but_low_score | serious_error_any_judge | minor_or_moderate_error_any_judge,very_low_score,True,True,True,False,False,False,False,False,True,False,False,False,True,False,True,True,False
case_CL120_EHR_112__GPT-5.6-Sol,case_CL120_EHR_112__anon_50b62ae080bc574b,case_CL120_EHR_112,GPT-5.6 Sol,closed_success,11,33,11,11,3,3,3,3,True,3.6666666666666665,1,9,11,0,2,,,closed,terminal_safe_episode_closed,musculoskeletal_geriatrics,frailty_caregiver_execution,discharge_transition,moderate,medication_confusion_or_execution_failure,cost_transport_or_work_barrier | privacy_stigma_or_sensitive_history,high,medium,HO1 | HO2 | HO3 | HO4,3.25,3.0,3,1.299038105676658,-0.6000000000000001,low_score | below_strong | high_judge_disagreement | closed_but_low_score | minor_or_moderate_error_any_judge,closed_but_low_score,True,False,True,False,False,False,False,False,True,False,False,False,True,False,False,True,False
case_CL120_EHR_113__GPT-5.6-Sol,case_CL120_EHR_113__anon_cafab24d2d853c8f,case_CL120_EHR_113,GPT-5.6 Sol,closed_success,9,31,9,9,1,3,3,3,True,9.0,1,1,10,0,3,,,closed,terminal_safe_handoff_closed,mental_health_somatic,anxiety_depression_somatic_red_flag_and_followup,longitudinal_followup,moderate,caregiver_conflict_or_fatigue,privacy_stigma_or_sensitive_history | incomplete_patient_information,high,medium,HO1 | HO2 | HO3 | HO4,3.75,4.5,4,1.6393596310755,1.2000000000000002,sparse_workspace | high_judge_disagreement | serious_error_any_judge | minor_or_moderate_error_any_judge,high_judge_disagreement,False,False,False,False,False,False,True,False,True,False,False,False,False,False,True,True,False
case_CL120_EHR_114__GPT-5.6-Sol,case_CL120_EHR_114__anon_b81e83274e958135,case_CL120_EHR_114,GPT-5.6 Sol,closed_success,6,18,6,6,1,1,1,1,True,6.0,1,1,7,0,2,,,closed,terminal_safe_handoff_closed,mental_health_somatic,depression_adherence,pre_handoff,moderate,document_or_image_quality_problem,incomplete_patient_information | medication_confusion_or_execution_failure,high,medium,HO1 | HO2 | HO3 | HO4,2.75,2.0,3,1.299038105676658,-0.5,low_score | very_low_score | below_strong | sparse_workspace | high_judge_disagreement | workspace_underuse_candidate | closed_but_low_score | minor_or_moderate_error_any_judge | important_non_chain_defect_any_judge,very_low_score,True,True,True,False,False,False,True,False,True,True,False,False,True,False,False,True,True
case_CL120_EHR_115__GPT-5.6-Sol,case_CL120_EHR_115__anon_5b883f4851415e8d,case_CL120_EHR_115,GPT-5.6 Sol,closed_success,32,88,32,32,3,7,6,6,True,10.666666666666666,1,9,33,0,4,,,closed,terminal_safe_episode_closed,mental_health_somatic,stigma_hidden_history,pre_handoff,moderate,delayed_or_staged_result_return,medication_confusion_or_execution_failure | caregiver_conflict_or_fatigue,high,medium,HO1 | HO2 | HO3 | HO4,4.5,4.5,1,0.5,0.9500000000000002,,no_major_failure_flag,False,False,False,False,False,False,False,False,False,False,False,False,False,False,False,False,False
case_CL120_EHR_116__GPT-5.6-Sol,case_CL120_EHR_116__anon_2a83997d2e64c09a,case_CL120_EHR_116,GPT-5.6 Sol,closed_success,10,31,10,10,2,2,2,2,True,5.0,2,3,11,0,4,,,closed,terminal_safe_handoff_closed,mental_health_somatic,anxiety_somatic_red_flag,post_handoff,moderate,low_adherence_or_refusal,caregiver_conflict_or_fatigue | document_or_image_quality_problem,high,medium,HO1 | HO2 | HO3 | HO4,3.5,3.5,3,1.5,1.0,below_strong | high_judge_disagreement | minor_or_moderate_error_any_judge,high_judge_disagreement,False,False,True,False,False,False,False,False,True,False,False,False,False,False,False,True,False
case_CL120_EHR_117__GPT-5.6-Sol,case_CL120_EHR_117__anon_0a988c1b428a28c3,case_CL120_EHR_117,GPT-5.6 Sol,closed_success,11,46,11,11,3,7,6,6,True,3.6666666666666665,1,3,12,0,4,,,closed,terminal_safe_episode_closed,mental_health_somatic,depression_adherence,post_handoff,moderate,external_system_gap,document_or_image_quality_problem | delayed_or_staged_result_return,high,medium,HO1 | HO2 | HO3 | HO4,3.75,4.0,3,1.0897247358851685,1.6,high_judge_disagreement | minor_or_moderate_error_any_judge | important_non_chain_defect_any_judge,high_judge_disagreement,False,False,False,False,False,False,False,False,True,False,False,False,False,False,False,True,True
case_CL120_EHR_118__GPT-5.6-Sol,case_CL120_EHR_118__anon_bfbb37029110b102,case_CL120_EHR_118,GPT-5.6 Sol,closed_success,20,60,20,20,2,6,5,5,True,10.0,1,13,21,0,3,,,closed,terminal_safe_episode_closed,dermatology_ent_ophthalmology,rash_drug_reaction,result_return,heavy,misstated_family_or_patient_information,delayed_or_staged_result_return | low_adherence_or_refusal,high,long,HO1 | HO2 | HO3 | HO4,3.5,3.5,3,1.5,0.25,below_strong | high_judge_disagreement | minor_or_moderate_error_any_judge,high_judge_disagreement,False,False,True,False,False,False,False,False,True,False,False,False,False,False,False,True,False
case_CL120_EHR_119__GPT-5.6-Sol,case_CL120_EHR_119__anon_fc927c613adf26ad,case_CL120_EHR_119,GPT-5.6 Sol,runtime_error,35,72,35,35,0,0,0,0,False,,,,6,29,2,content_filter_400,RuntimeError,open,,dermatology_ent_ophthalmology,vision_red_flag,result_return,heavy,cost_transport_or_work_barrier,low_adherence_or_refusal | external_system_gap,high,long,HO1 | HO2 | HO3 | HO4,4.5,4.5,1,0.5,1.1,no_workspace | sparse_workspace,runtime_error,False,False,False,False,False,True,True,False,False,False,False,False,False,False,False,False,False
case_CL120_EHR_120__GPT-5.6-Sol,case_CL120_EHR_120__anon_1d19caa585b68dd1,case_CL120_EHR_120,GPT-5.6 Sol,closed_success,7,24,7,7,2,2,2,2,True,3.5,1,2,0,8,3,,,closed,terminal_safe_episode_closed,dermatology_ent_ophthalmology,otitis_sinus_complication,home_execution_failure,heavy,privacy_stigma_or_sensitive_history,external_system_gap | misstated_family_or_patient_information,high,long,HO1 | HO2 | HO3 | HO4,3.5,3.5,3,1.5,0.8500000000000001,below_strong | high_judge_disagreement | minor_or_moderate_error_any_judge,high_judge_disagreement,False,False,True,False,False,False,False,False,True,False,False,False,False,False,False,True,False
case_CL120_EHR_001__Kimi-K2,case_CL120_EHR_001__anon_76335b0278ad1722,case_CL120_EHR_001,Kimi K2,closed_success,6,29,6,6,1,5,4,4,True,6.0,1,1,7,0,3,,,closed,terminal_safe_episode_closed,cardiovascular,chest_pain_acs_dissection,longitudinal_followup,light,incomplete_patient_information,misstated_family_or_patient_information | cost_transport_or_work_barrier,high,medium,HO1 | HO2 | HO3 | HO4,2.25,1.5,4,1.6393596310755,-1.35,low_score | very_low_score | below_strong | sparse_workspace | high_judge_disagreement | workspace_underuse_candidate | closed_but_low_score | model_specific_weakness | serious_error_any_judge | minor_or_moderate_error_any_judge,very_low_score,True,True,True,False,False,False,True,False,True,True,False,False,True,True,True,True,False
case_CL120_EHR_002__Kimi-K2,case_CL120_EHR_002__anon_425ebf15d3248e97,case_CL120_EHR_002,Kimi K2,closed_success,30,86,30,30,4,8,8,8,True,7.5,1,7,31,0,1,,,closed,terminal_safe_episode_closed,cardiovascular,heart_failure_decompensation,longitudinal_followup,light,medication_confusion_or_execution_failure,cost_transport_or_work_barrier | privacy_stigma_or_sensitive_history,high,medium,HO1 | HO2 | HO3 | HO4,4,5.0,4,1.7320508075688772,2.1,high_judge_disagreement | serious_error_any_judge | important_non_chain_defect_any_judge,high_judge_disagreement,False,False,False,False,False,False,False,False,True,False,False,False,False,False,True,False,True
case_CL120_EHR_003__Kimi-K2,case_CL120_EHR_003__anon_77fa961fdeeb6136,case_CL120_EHR_003,Kimi K2,closed_success,16,57,16,16,4,7,7,7,True,4.0,1,9,17,0,2,,,closed,terminal_safe_episode_closed,cardiovascular,atrial_fibrillation_anticoagulation,discharge_transition,light,caregiver_conflict_or_fatigue,privacy_stigma_or_sensitive_history | incomplete_patient_information,high,medium,HO1 | HO2 | HO3 | HO4,3,3.0,4,2.0,0.0,low_score | below_strong | high_judge_disagreement | closed_but_low_score | serious_error_any_judge | important_non_chain_defect_any_judge,closed_but_low_score,True,False,True,False,False,False,False,False,True,False,False,False,True,False,True,False,True
case_CL120_EHR_004__Kimi-K2,case_CL120_EHR_004__anon_eb62752c671ce77f,case_CL120_EHR_004,Kimi K2,closed_success,7,33,7,7,2,5,5,5,True,3.5,1,2,8,0,3,,,closed,terminal_safe_episode_closed,dermatology_ent_ophthalmology,cataract_postoperative_medication_and_followup,discharge_transition,light,document_or_image_quality_problem,incomplete_patient_information | medication_confusion_or_execution_failure,high,medium,HO1 | HO2 | HO3 | HO4,2,1.0,4,1.7320508075688772,-1.7999999999999998,low_score | very_low_score | below_strong | high_judge_disagreement | closed_but_low_score | model_specific_weakness | serious_error_any_judge | minor_or_moderate_error_any_judge,very_low_score,True,True,True,False,False,False,False,False,True,False,False,False,True,True,True,True,False
case_CL120_EHR_005__Kimi-K2,case_CL120_EHR_005__anon_43cade2b6276a1cd,case_CL120_EHR_005,Kimi K2,closed_success,4,24,4,4,1,3,3,3,True,4.0,1,1,5,0,6,,,closed,terminal_safe_handoff_closed,cardiovascular,syncope,pre_handoff,light,delayed_or_staged_result_return,medication_confusion_or_execution_failure | caregiver_conflict_or_fatigue,high,short,HO1 | HO2 | HO3 | HO4,3,3.0,4,2.0,-0.6499999999999999,low_score | below_strong | sparse_workspace | high_judge_disagreement | workspace_underuse_candidate | closed_but_low_score | serious_error_any_judge | minor_or_moderate_error_any_judge,workspace_underuse_candidate,True,False,True,False,False,False,True,False,True,True,False,False,True,False,True,True,False
case_CL120_EHR_006__Kimi-K2,case_CL120_EHR_006__anon_25fd4bc9c85f1ea3,case_CL120_EHR_006,Kimi K2,closed_success,6,23,6,6,1,3,3,3,True,6.0,1,1,7,0,1,,,closed,terminal_safe_handoff_closed,cardiovascular,chest_pain_acs_dissection,pre_handoff,light,low_adherence_or_refusal,caregiver_conflict_or_fatigue | document_or_image_quality_problem,high,short,HO1 | HO2 | HO3 | HO4,1.75,2.0,1,0.4330127018922193,-1.9,low_score | very_low_score | below_strong | sparse_workspace | workspace_underuse_candidate | closed_but_low_score | model_specific_weakness | serious_error_any_judge | minor_or_moderate_error_any_judge,very_low_score,True,True,True,False,False,False,True,False,False,True,False,False,True,True,True,True,False
case_CL120_EHR_007__Kimi-K2,case_CL120_EHR_007__anon_740fc9a3fe249165,case_CL120_EHR_007,Kimi K2,closed_success,4,28,4,4,2,5,5,5,True,2.0,1,3,5,0,3,,,closed,terminal_safe_episode_closed,cardiovascular,heart_failure_decompensation,post_handoff,moderate,external_system_gap,document_or_image_quality_problem | delayed_or_staged_result_return,high,medium,HO1 | HO2 | HO3 | HO4,2.75,2.5,4,1.7853571071357126,-0.10000000000000009,low_score | very_low_score | below_strong | high_judge_disagreement | closed_but_low_score | serious_error_any_judge | minor_or_moderate_error_any_judge | important_non_chain_defect_any_judge,very_low_score,True,True,True,False,False,False,False,False,True,False,False,False,True,False,True,True,True
case_CL120_EHR_008__Kimi-K2,case_CL120_EHR_008__anon_737227a8979c4b2f,case_CL120_EHR_008,Kimi K2,closed_success,36,100,36,36,2,8,7,7,True,18.0,1,2,37,0,5,,,closed,terminal_safe_episode_closed,cardiovascular,atrial_fibrillation_anticoagulation,post_handoff,moderate,misstated_family_or_patient_information,delayed_or_staged_result_return | low_adherence_or_refusal,high,medium,HO1 | HO2 | HO3 | HO4,2.75,2.5,4,1.7853571071357126,-1.1,low_score | very_low_score | below_strong | high_judge_disagreement | closed_but_low_score | model_specific_weakness | serious_error_any_judge | minor_or_moderate_error_any_judge | important_non_chain_defect_any_judge,very_low_score,True,True,True,False,False,False,False,False,True,False,False,False,True,True,True,True,True
case_CL120_EHR_009__Kimi-K2,case_CL120_EHR_009__anon_cb328d05e574c3b8,case_CL120_EHR_009,Kimi K2,closed_success,13,44,13,13,1,5,4,4,True,13.0,1,1,13,1,4,,,closed,terminal_safe_episode_closed,cardiovascular,hypertension_urgency,result_return,moderate,cost_transport_or_work_barrier,low_adherence_or_refusal | external_system_gap,high,medium,HO1 | HO2 | HO3 | HO4,2.75,2.0,3,1.299038105676658,-0.8999999999999999,low_score | very_low_score | below_strong | sparse_workspace | high_judge_disagreement | workspace_underuse_candidate | closed_but_low_score | minor_or_moderate_error_any_judge | important_non_chain_defect_any_judge,very_low_score,True,True,True,False,False,False,True,False,True,True,False,False,True,False,False,True,True
case_CL120_EHR_010__Kimi-K2,case_CL120_EHR_010__anon_0b9bdf5f76668fa1,case_CL120_EHR_010,Kimi K2,closed_success,9,37,9,9,2,6,5,5,True,4.5,1,3,10,0,2,,,closed,terminal_safe_episode_closed,cardiovascular,syncope,result_return,moderate,privacy_stigma_or_sensitive_history,external_system_gap | misstated_family_or_patient_information,high,medium,HO1 | HO2 | HO3 | HO4,4,4.5,3,1.224744871391589,0.5499999999999998,high_judge_disagreement | minor_or_moderate_error_any_judge | important_non_chain_defect_any_judge,high_judge_disagreement,False,False,False,False,False,False,False,False,True,False,False,False,False,False,False,True,True
case_CL120_EHR_011__Kimi-K2,case_CL120_EHR_011__anon_1c18b7010517d753,case_CL120_EHR_011,Kimi K2,closed_success,15,50,15,15,2,6,5,5,True,7.5,1,12,16,0,3,,,closed,terminal_safe_episode_closed,cardiovascular,chest_pain_acs_dissection,home_execution_failure,moderate,incomplete_patient_information,misstated_family_or_patient_information | cost_transport_or_work_barrier,high,medium,HO1 | HO2 | HO3 | HO4,4,5.0,4,1.7320508075688772,1.2999999999999998,high_judge_disagreement | serious_error_any_judge | minor_or_moderate_error_any_judge,high_judge_disagreement,False,False,False,False,False,False,False,False,True,False,False,False,False,False,True,True,False
case_CL120_EHR_012__Kimi-K2,case_CL120_EHR_012__anon_90a60885c2851492,case_CL120_EHR_012,Kimi K2,open_at_100,100,295,100,100,19,30,27,29,True,5.2631578947368425,1,99,101,0,7,,,open,open_progressing,cardiovascular,heart_failure_decompensation,longitudinal_followup,moderate,medication_confusion_or_execution_failure,cost_transport_or_work_barrier | privacy_stigma_or_sensitive_history,high,medium,HO1 | HO2 | HO3 | HO4,3,3.5,3,1.224744871391589,0.2999999999999998,below_strong | high_turn | very_high_turn | heavy_workspace | high_judge_disagreement | workspace_overuse_candidate | long_or_tool_intensive_low_score | serious_error_any_judge,open_at_100,False,False,True,True,True,False,False,True,True,False,True,True,False,False,True,False,False
case_CL120_EHR_013__Kimi-K2,case_CL120_EHR_013__anon_99bfbc531694883e,case_CL120_EHR_013,Kimi K2,closed_success,8,47,8,8,3,7,6,7,True,2.6666666666666665,1,7,9,0,7,,,closed,terminal_safe_episode_closed,cardiovascular,atrial_fibrillation_anticoagulation,longitudinal_followup,moderate,caregiver_conflict_or_fatigue,privacy_stigma_or_sensitive_history | incomplete_patient_information,high,medium,HO1 | HO2 | HO3 | HO4,3,3.0,4,1.5811388300841898,-0.6000000000000001,low_score | below_strong | high_judge_disagreement | closed_but_low_score | serious_error_any_judge | minor_or_moderate_error_any_judge,closed_but_low_score,True,False,True,False,False,False,False,False,True,False,False,False,True,False,True,True,False
case_CL120_EHR_014__Kimi-K2,case_CL120_EHR_014__anon_d0726256ce3cfedb,case_CL120_EHR_014,Kimi K2,closed_success,11,32,11,11,1,2,2,2,True,11.0,1,1,12,0,3,,,closed,terminal_safe_episode_closed,cardiovascular,hypertension_urgency,discharge_transition,moderate,document_or_image_quality_problem,incomplete_patient_information | medication_confusion_or_execution_failure,high,medium,HO1 | HO2 | HO3 | HO4,2.5,2.0,4,1.5,-1.1,low_score | very_low_score | below_strong | sparse_workspace | high_judge_disagreement | workspace_underuse_candidate | closed_but_low_score | model_specific_weakness | serious_error_any_judge | minor_or_moderate_error_any_judge,very_low_score,True,True,True,False,False,False,True,False,True,True,False,False,True,True,True,True,False
case_CL120_EHR_015__Kimi-K2,case_CL120_EHR_015__anon_a495dc7865472035,case_CL120_EHR_015,Kimi K2,closed_success,17,54,17,17,1,5,4,4,True,17.0,1,1,18,0,6,,,closed,terminal_safe_episode_closed,respiratory,suspected_pulmonary_embolism_result_and_anticoagulation_followup,result_return,heavy,delayed_or_staged_result_return,medication_confusion_or_execution_failure | caregiver_conflict_or_fatigue,high,long,HO1 | HO2 | HO3 | HO4,4,5.0,4,1.7320508075688772,1.35,sparse_workspace | high_judge_disagreement | serious_error_any_judge | minor_or_moderate_error_any_judge,high_judge_disagreement,False,False,False,False,False,False,True,False,True,False,False,False,False,False,True,True,False
case_CL120_EHR_016__Kimi-K2,case_CL120_EHR_016__anon_da3c413db49ddabe,case_CL120_EHR_016,Kimi K2,closed_success,3,15,3,3,1,2,2,2,True,3.0,1,1,4,0,2,,,closed,terminal_safe_handoff_closed,respiratory,pneumonia,pre_handoff,heavy,low_adherence_or_refusal,caregiver_conflict_or_fatigue | document_or_image_quality_problem,high,long,HO1 | HO2 | HO3 | HO4,1.5,1.5,1,0.5,-1.5,low_score | very_low_score | below_strong | sparse_workspace | workspace_underuse_candidate | closed_but_low_score | model_specific_weakness | serious_error_any_judge | minor_or_moderate_error_any_judge,very_low_score,True,True,True,False,False,False,True,False,False,True,False,False,True,True,True,True,False
case_CL120_EHR_017__Kimi-K2,case_CL120_EHR_017__anon_6dc128a6375aa1f4,case_CL120_EHR_017,Kimi K2,closed_success,45,120,45,45,5,10,8,9,True,9.0,1,45,46,0,2,,,closed,terminal_safe_episode_closed,respiratory,lung_nodule_mass,post_handoff,heavy,external_system_gap,document_or_image_quality_problem | delayed_or_staged_result_return,high,long,HO1 | HO2 | HO3 | HO4,4,5.0,4,1.7320508075688772,0.7999999999999998,high_judge_disagreement | serious_error_any_judge,high_judge_disagreement,False,False,False,False,False,False,False,False,True,False,False,False,False,False,True,False,False
case_CL120_EHR_018__Kimi-K2,case_CL120_EHR_018__anon_ffcf106f3f7fd92c,case_CL120_EHR_018,Kimi K2,closed_success,12,60,12,12,4,12,10,10,True,3.0,1,11,13,0,3,,,closed,terminal_safe_episode_closed,respiratory,pulmonary_embolism,post_handoff,extreme,misstated_family_or_patient_information,delayed_or_staged_result_return | low_adherence_or_refusal,high,extra_long,HO1 | HO2 | HO3 | HO4,4,5.0,4,1.7320508075688772,2.4,high_judge_disagreement | serious_error_any_judge | minor_or_moderate_error_any_judge,high_judge_disagreement,False,False,False,False,False,False,False,False,True,False,False,False,False,False,True,True,False
case_CL120_EHR_019__Kimi-K2,case_CL120_EHR_019__anon_2fed287fa4a97584,case_CL120_EHR_019,Kimi K2,closed_success,12,54,12,12,5,8,8,8,True,2.4,1,11,13,0,5,,,closed,terminal_safe_episode_closed,respiratory,home_oxygen_or_inhaler_execution,post_handoff,light,cost_transport_or_work_barrier,low_adherence_or_refusal | external_system_gap,high,medium,HO1 | HO2 | HO3 | HO4,2.75,2.5,4,1.7853571071357126,-1.0499999999999998,low_score | very_low_score | below_strong | high_judge_disagreement | closed_but_low_score | model_specific_weakness | serious_error_any_judge | minor_or_moderate_error_any_judge | important_non_chain_defect_any_judge,very_low_score,True,True,True,False,False,False,False,False,True,False,False,False,True,True,True,True,True
case_CL120_EHR_020__Kimi-K2,case_CL120_EHR_020__anon_0e2cc38462a9ff99,case_CL120_EHR_020,Kimi K2,closed_success,3,27,3,3,2,6,5,5,True,1.5,1,2,4,0,4,,,closed,terminal_safe_episode_closed,respiratory,asthma_copd_exacerbation,result_return,light,privacy_stigma_or_sensitive_history,external_system_gap | misstated_family_or_patient_information,high,medium,HO1 | HO2 | HO3 | HO4,2.75,2.5,4,1.479019945774904,0.6000000000000001,low_score | very_low_score | below_strong | high_judge_disagreement | closed_but_low_score | serious_error_any_judge | minor_or_moderate_error_any_judge,very_low_score,True,True,True,False,False,False,False,False,True,False,False,False,True,False,True,True,False
case_CL120_EHR_021__Kimi-K2,case_CL120_EHR_021__anon_9f66fd8dcdba41df,case_CL120_EHR_021,Kimi K2,open_at_100,100,320,100,100,14,26,21,25,True,7.142857142857143,1,98,101,0,45,,,open,open_progressing,respiratory,pneumonia,result_return,light,incomplete_patient_information,misstated_family_or_patient_information | cost_transport_or_work_barrier,high,medium,HO1 | HO2 | HO3 | HO4,2.5,2.0,4,1.6583123951777,-1.0499999999999998,low_score | very_low_score | below_strong | high_turn | very_high_turn | heavy_workspace | high_judge_disagreement | workspace_overuse_candidate | long_or_tool_intensive_low_score | model_specific_weakness | serious_error_any_judge,open_at_100,True,True,True,True,True,False,False,True,True,False,True,True,False,True,True,False,False
case_CL120_EHR_022__Kimi-K2,case_CL120_EHR_022__anon_e8b97e6279d89251,case_CL120_EHR_022,Kimi K2,closed_success,7,38,7,7,3,7,6,6,True,2.3333333333333335,1,3,0,8,4,,,closed,terminal_safe_episode_closed,respiratory,lung_nodule_mass,home_execution_failure,light,medication_confusion_or_execution_failure,cost_transport_or_work_barrier | privacy_stigma_or_sensitive_history,high,medium,HO1 | HO2 | HO3 | HO4,2,1.0,4,1.7320508075688772,-0.8500000000000001,low_score | very_low_score | below_strong | high_judge_disagreement | closed_but_low_score | serious_error_any_judge | minor_or_moderate_error_any_judge | important_non_chain_defect_any_judge,very_low_score,True,True,True,False,False,False,False,False,True,False,False,False,True,False,True,True,True
case_CL120_EHR_023__Kimi-K2,case_CL120_EHR_023__anon_3f07ee23e4e3c602,case_CL120_EHR_023,Kimi K2,closed_success,13,46,13,13,2,6,5,5,True,6.5,1,2,14,0,3,,,closed,terminal_safe_episode_closed,respiratory,pulmonary_embolism,longitudinal_followup,light,caregiver_conflict_or_fatigue,privacy_stigma_or_sensitive_history | incomplete_patient_information,high,medium,HO1 | HO2 | HO3 | HO4,2.75,2.5,4,1.7853571071357126,0.6000000000000001,low_score | very_low_score | below_strong | high_judge_disagreement | closed_but_low_score | serious_error_any_judge | minor_or_moderate_error_any_judge,very_low_score,True,True,True,False,False,False,False,False,True,False,False,False,True,False,True,True,False
case_CL120_EHR_024__Kimi-K2,case_CL120_EHR_024__anon_c78067e8d9b20f04,case_CL120_EHR_024,Kimi K2,closed_success,4,35,4,4,2,8,7,7,True,2.0,1,2,5,0,4,,,closed,terminal_safe_episode_closed,respiratory,home_oxygen_or_inhaler_execution,longitudinal_followup,moderate,document_or_image_quality_problem,incomplete_patient_information | medication_confusion_or_execution_failure,high,medium,HO1 | HO2 | HO3 | HO4,2,1.0,4,1.7320508075688772,-1.6,low_score | very_low_score | below_strong | high_judge_disagreement | closed_but_low_score | model_specific_weakness | serious_error_any_judge | minor_or_moderate_error_any_judge,very_low_score,True,True,True,False,False,False,False,False,True,False,False,False,True,True,True,True,False
case_CL120_EHR_025__Kimi-K2,case_CL120_EHR_025__anon_d772f51611e22c65,case_CL120_EHR_025,Kimi K2,closed_success,52,293,52,52,3,11,9,9,True,17.333333333333332,1,3,51,2,158,,,closed,terminal_safe_handoff_closed,respiratory,asthma_copd_exacerbation,discharge_transition,moderate,delayed_or_staged_result_return,medication_confusion_or_execution_failure | caregiver_conflict_or_fatigue,high,medium,HO1 | HO2 | HO3 | HO4,4,4.5,3,1.224744871391589,1.1,high_turn | high_judge_disagreement | minor_or_moderate_error_any_judge,high_judge_disagreement,False,False,False,True,False,False,False,False,True,False,False,False,False,False,False,True,False
case_CL120_EHR_026__Kimi-K2,case_CL120_EHR_026__anon_5c8d6c75c2fe57fb,case_CL120_EHR_026,Kimi K2,closed_success,32,80,32,32,2,4,3,4,True,16.0,1,2,33,0,3,,,closed,terminal_safe_episode_closed,respiratory,pneumonia,palliative_terminal,moderate,low_adherence_or_refusal,caregiver_conflict_or_fatigue | document_or_image_quality_problem,high,medium,HO1 | HO2 | HO3 | HO4,2.5,2.0,4,1.6583123951777,-0.7999999999999998,low_score | very_low_score | below_strong | high_judge_disagreement | closed_but_low_score | serious_error_any_judge | minor_or_moderate_error_any_judge | important_non_chain_defect_any_judge,very_low_score,True,True,True,False,False,False,False,False,True,False,False,False,True,False,True,True,True
case_CL120_EHR_027__Kimi-K2,case_CL120_EHR_027__anon_8406c49514484c8b,case_CL120_EHR_027,Kimi K2,closed_success,6,38,6,6,2,8,7,7,True,3.0,1,2,7,0,3,,,closed,terminal_safe_handoff_closed,endocrine_metabolic,diabetes_sick_day,pre_handoff,moderate,external_system_gap,document_or_image_quality_problem | delayed_or_staged_result_return,high,medium,HO1 | HO2 | HO3 | HO4,1,1.0,0,0.0,-1.4500000000000002,low_score | very_low_score | below_strong | closed_but_low_score | model_specific_weakness | serious_error_any_judge | minor_or_moderate_error_any_judge | important_non_chain_defect_any_judge,very_low_score,True,True,True,False,False,False,False,False,False,False,False,False,True,True,True,True,True
case_CL120_EHR_028__Kimi-K2,case_CL120_EHR_028__anon_f4db8f9a2bc81c2d,case_CL120_EHR_028,Kimi K2,closed_success,47,150,47,47,9,17,12,15,True,5.222222222222222,1,47,48,0,10,,,closed,terminal_safe_episode_closed,endocrine_metabolic,hypoglycemia,post_handoff,moderate,misstated_family_or_patient_information,delayed_or_staged_result_return | low_adherence_or_refusal,high,medium,HO1 | HO2 | HO3 | HO4,2.25,1.5,4,1.6393596310755,-0.3999999999999999,low_score | very_low_score | below_strong | heavy_workspace | high_judge_disagreement | workspace_overuse_candidate | long_or_tool_intensive_low_score | closed_but_low_score | serious_error_any_judge | minor_or_moderate_error_any_judge,very_low_score,True,True,True,False,False,False,False,True,True,False,True,True,True,False,True,True,False
case_CL120_EHR_029__Kimi-K2,case_CL120_EHR_029__anon_04ba3a20c24da093,case_CL120_EHR_029,Kimi K2,closed_success,10,56,10,10,4,11,10,10,True,2.5,1,6,11,0,4,,,closed,terminal_safe_episode_closed,endocrine_metabolic,thyroid_dysfunction,post_handoff,moderate,cost_transport_or_work_barrier,low_adherence_or_refusal | external_system_gap,high,medium,HO1 | HO2 | HO3 | HO4,2.75,2.5,4,1.479019945774904,-1.2999999999999998,low_score | very_low_score | below_strong | high_judge_disagreement | closed_but_low_score | model_specific_weakness | serious_error_any_judge | minor_or_moderate_error_any_judge,very_low_score,True,True,True,False,False,False,False,False,True,False,False,False,True,True,True,True,False
case_CL120_EHR_030__Kimi-K2,case_CL120_EHR_030__anon_fd353ee0c81d4f03,case_CL120_EHR_030,Kimi K2,closed_success,38,101,38,38,2,8,7,7,True,19.0,1,35,39,0,2,,,closed,terminal_safe_episode_closed,endocrine_metabolic,steroid_or_insulin_adjustment,post_handoff,moderate,privacy_stigma_or_sensitive_history,external_system_gap | misstated_family_or_patient_information,high,medium,HO1 | HO2 | HO3 | HO4,1,1.0,0,0.0,-1.2999999999999998,low_score | very_low_score | below_strong | closed_but_low_score | model_specific_weakness | serious_error_any_judge | minor_or_moderate_error_any_judge,very_low_score,True,True,True,False,False,False,False,False,False,False,False,False,True,True,True,True,False
case_CL120_EHR_031__Kimi-K2,case_CL120_EHR_031__anon_9eed0ae1b11ba7a8,case_CL120_EHR_031,Kimi K2,closed_success,6,46,6,6,3,9,8,8,True,2.0,1,4,0,7,7,,,closed,terminal_safe_episode_closed,endocrine_metabolic,obesity_sleep_apnea_metabolic_risk,result_return,moderate,incomplete_patient_information,misstated_family_or_patient_information | cost_transport_or_work_barrier,high,medium,HO1 | HO2 | HO3 | HO4,2.25,1.5,4,1.6393596310755,-1.1,low_score | very_low_score | below_strong | high_judge_disagreement | closed_but_low_score | model_specific_weakness | serious_error_any_judge | minor_or_moderate_error_any_judge,very_low_score,True,True,True,False,False,False,False,False,True,False,False,False,True,True,True,True,False
case_CL120_EHR_032__Kimi-K2,case_CL120_EHR_032__anon_dce1051cfda0a099,case_CL120_EHR_032,Kimi K2,closed_success,60,177,60,60,7,14,10,13,True,8.571428571428571,1,59,2,59,17,,,closed,terminal_safe_episode_closed,endocrine_metabolic,diabetes_sick_day,result_return,moderate,medication_confusion_or_execution_failure,cost_transport_or_work_barrier | privacy_stigma_or_sensitive_history,high,medium,HO1 | HO2 | HO3 | HO4,1,1.0,0,0.0,-1.2999999999999998,low_score | very_low_score | below_strong | high_turn | heavy_workspace | workspace_overuse_candidate | long_or_tool_intensive_low_score | closed_but_low_score | model_specific_weakness | serious_error_any_judge | minor_or_moderate_error_any_judge,very_low_score,True,True,True,True,False,False,False,True,False,False,True,True,True,True,True,True,False
case_CL120_EHR_033__Kimi-K2,case_CL120_EHR_033__anon_d40fb89af93de1bd,case_CL120_EHR_033,Kimi K2,closed_success,9,42,9,9,2,6,6,6,True,4.5,1,2,10,0,5,,,closed,terminal_safe_episode_closed,endocrine_metabolic,hypoglycemia,home_execution_failure,heavy,caregiver_conflict_or_fatigue,privacy_stigma_or_sensitive_history | incomplete_patient_information,high,long,HO1 | HO2 | HO3 | HO4,2.25,2.0,3,1.0897247358851685,-1.25,low_score | very_low_score | below_strong | high_judge_disagreement | closed_but_low_score | model_specific_weakness | serious_error_any_judge | minor_or_moderate_error_any_judge,very_low_score,True,True,True,False,False,False,False,False,True,False,False,False,True,True,True,True,False
case_CL120_EHR_034__Kimi-K2,case_CL120_EHR_034__anon_9b411009ff1b8c10,case_CL120_EHR_034,Kimi K2,closed_success,15,64,15,15,3,10,9,9,True,5.0,1,7,0,16,5,,,closed,terminal_safe_episode_closed,endocrine_metabolic,thyroid_dysfunction,longitudinal_followup,heavy,document_or_image_quality_problem,incomplete_patient_information | medication_confusion_or_execution_failure,high,long,HO1 | HO2 | HO3 | HO4,2.25,1.5,4,1.6393596310755,-0.8999999999999999,low_score | very_low_score | below_strong | high_judge_disagreement | closed_but_low_score | serious_error_any_judge | minor_or_moderate_error_any_judge | important_non_chain_defect_any_judge,very_low_score,True,True,True,False,False,False,False,False,True,False,False,False,True,False,True,True,True
case_CL120_EHR_035__Kimi-K2,case_CL120_EHR_035__anon_56292dbc8637b9a4,case_CL120_EHR_035,Kimi K2,closed_success,15,54,15,15,2,6,5,5,True,7.5,1,2,0,16,7,,,closed,terminal_safe_episode_closed,endocrine_metabolic,steroid_or_insulin_adjustment,longitudinal_followup,extreme,delayed_or_staged_result_return,medication_confusion_or_execution_failure | caregiver_conflict_or_fatigue,high,extra_long,HO1 | HO2 | HO3 | HO4,1.25,1.0,1,0.4330127018922193,-1.6,low_score | very_low_score | below_strong | closed_but_low_score | model_specific_weakness | serious_error_any_judge | minor_or_moderate_error_any_judge | important_non_chain_defect_any_judge,very_low_score,True,True,True,False,False,False,False,False,False,False,False,False,True,True,True,True,True
case_CL120_EHR_036__Kimi-K2,case_CL120_EHR_036__anon_a5139a77417c64ac,case_CL120_EHR_036,Kimi K2,closed_success,95,248,95,95,8,17,15,16,True,11.875,1,63,0,96,8,,,closed,terminal_safe_episode_closed,endocrine_metabolic,obesity_sleep_apnea_metabolic_risk,discharge_transition,light,low_adherence_or_refusal,caregiver_conflict_or_fatigue | document_or_image_quality_problem,high,medium,HO1 | HO2 | HO3 | HO4,2,1.0,4,1.7320508075688772,-1.0,low_score | very_low_score | below_strong | high_turn | very_high_turn | heavy_workspace | high_judge_disagreement | workspace_overuse_candidate | long_or_tool_intensive_low_score | closed_but_low_score | model_specific_weakness | serious_error_any_judge | minor_or_moderate_error_any_judge,very_low_score,True,True,True,True,True,False,False,True,True,False,True,True,True,True,True,True,False
case_CL120_EHR_037__Kimi-K2,case_CL120_EHR_037__anon_2a470af9be1380a2,case_CL120_EHR_037,Kimi K2,closed_success,39,143,39,39,6,16,14,14,True,6.5,1,38,40,0,19,,,closed,terminal_safe_episode_closed,endocrine_metabolic,diabetic_foot_wound_and_sick_day_medication_safety,home_execution_failure,light,external_system_gap,document_or_image_quality_problem | delayed_or_staged_result_return,high,medium,HO1 | HO2 | HO3 | HO4,3,3.0,4,2.0,-0.25,low_score | below_strong | heavy_workspace | high_judge_disagreement | workspace_overuse_candidate | long_or_tool_intensive_low_score | closed_but_low_score | serious_error_any_judge,long_or_tool_intensive_low_score,True,False,True,False,False,False,False,True,True,False,True,True,True,False,True,False,False
case_CL120_EHR_038__Kimi-K2,case_CL120_EHR_038__anon_30d984d675e8d79e,case_CL120_EHR_038,Kimi K2,closed_success,7,38,7,7,3,7,6,6,True,2.3333333333333335,1,6,8,0,4,,,closed,terminal_safe_episode_closed,endocrine_metabolic,postoperative_glucose_variability_and_medication_safety,home_execution_failure,light,misstated_family_or_patient_information,delayed_or_staged_result_return | low_adherence_or_refusal,high,short,HO1 | HO2 | HO3 | HO4,1.5,1.5,1,0.5,-1.65,low_score | very_low_score | below_strong | closed_but_low_score | model_specific_weakness | serious_error_any_judge | minor_or_moderate_error_any_judge | important_non_chain_defect_any_judge,very_low_score,True,True,True,False,False,False,False,False,False,False,False,False,True,True,True,True,True
case_CL120_EHR_039__Kimi-K2,case_CL120_EHR_039__anon_6396a1f9b55dd480,case_CL120_EHR_039,Kimi K2,closed_success,10,49,10,10,2,10,8,8,True,5.0,1,2,0,11,2,,,closed,terminal_safe_episode_closed,renal_urology,ckd_med_reconciliation,post_handoff,light,cost_transport_or_work_barrier,low_adherence_or_refusal | external_system_gap,high,medium,HO1 | HO2 | HO3 | HO4,2,1.0,4,1.7320508075688772,-1.25,low_score | very_low_score | below_strong | high_judge_disagreement | closed_but_low_score | model_specific_weakness | serious_error_any_judge | minor_or_moderate_error_any_judge | important_non_chain_defect_any_judge,very_low_score,True,True,True,False,False,False,False,False,True,False,False,False,True,True,True,True,True
case_CL120_EHR_040__Kimi-K2,case_CL120_EHR_040__anon_2388b9b1e5bea9d6,case_CL120_EHR_040,Kimi K2,closed_success,7,44,7,7,2,10,8,8,True,3.5,1,3,8,0,3,,,closed,terminal_safe_episode_closed,renal_urology,uti_culture_action,post_handoff,light,privacy_stigma_or_sensitive_history,external_system_gap | misstated_family_or_patient_information,high,medium,HO1 | HO2 | HO3 | HO4,2,1.0,4,1.7320508075688772,-1.85,low_score | very_low_score | below_strong | high_judge_disagreement | closed_but_low_score | model_specific_weakness | serious_error_any_judge | minor_or_moderate_error_any_judge,very_low_score,True,True,True,False,False,False,False,False,True,False,False,False,True,True,True,True,False
case_CL120_EHR_041__Kimi-K2,case_CL120_EHR_041__anon_0a858f5a43a2c124,case_CL120_EHR_041,Kimi K2,closed_success,9,31,9,9,2,3,3,3,True,4.5,1,6,10,0,3,,,closed,terminal_safe_episode_closed,renal_urology,renal_function_abnormality_warning_and_result_followup,result_return,moderate,incomplete_patient_information,misstated_family_or_patient_information | cost_transport_or_work_barrier,high,medium,HO1 | HO2 | HO3 | HO4,2,1.5,3,1.224744871391589,-2.05,low_score | very_low_score | below_strong | high_judge_disagreement | closed_but_low_score | model_specific_weakness | serious_error_any_judge | minor_or_moderate_error_any_judge | important_non_chain_defect_any_judge,very_low_score,True,True,True,False,False,False,False,False,True,False,False,False,True,True,True,True,True
case_CL120_EHR_042__Kimi-K2,case_CL120_EHR_042__anon_9d9379a30d7179ee,case_CL120_EHR_042,Kimi K2,closed_success,12,56,12,12,4,12,9,10,True,3.0,1,6,0,13,0,,,closed,terminal_safe_episode_closed,renal_urology,stone_colic,result_return,moderate,medication_confusion_or_execution_failure,cost_transport_or_work_barrier | privacy_stigma_or_sensitive_history,high,medium,HO1 | HO2 | HO3 | HO4,2.5,2.0,4,1.5,-0.7999999999999998,low_score | very_low_score | below_strong | high_judge_disagreement | closed_but_low_score | serious_error_any_judge | minor_or_moderate_error_any_judge | important_non_chain_defect_any_judge,very_low_score,True,True,True,False,False,False,False,False,True,False,False,False,True,False,True,True,True
case_CL120_EHR_043__Kimi-K2,case_CL120_EHR_043__anon_b9e6b07debfdc58c,case_CL120_EHR_043,Kimi K2,closed_success,34,75,34,34,1,1,1,1,True,34.0,1,1,35,0,3,,,closed,terminal_bounded_episode_closed,renal_urology,anticoagulation_and_hematuria,home_execution_failure,moderate,caregiver_conflict_or_fatigue,privacy_stigma_or_sensitive_history | incomplete_patient_information,high,medium,HO1 | HO2 | HO3 | HO4,3,3.0,4,2.0,-0.3999999999999999,low_score | below_strong | sparse_workspace | high_judge_disagreement | workspace_underuse_candidate | closed_but_low_score | serious_error_any_judge | minor_or_moderate_error_any_judge | important_non_chain_defect_any_judge,workspace_underuse_candidate,True,False,True,False,False,False,True,False,True,True,False,False,True,False,True,True,True
case_CL120_EHR_044__Kimi-K2,case_CL120_EHR_044__anon_612a7f737ffe234b,case_CL120_EHR_044,Kimi K2,closed_success,40,163,40,40,3,7,5,6,True,13.333333333333334,1,22,0,41,60,,,closed,terminal_safe_episode_closed,renal_urology,ckd_med_reconciliation,home_execution_failure,moderate,document_or_image_quality_problem,incomplete_patient_information | medication_confusion_or_execution_failure,high,medium,HO1 | HO2 | HO3 | HO4,3,3.0,4,2.0,-0.5499999999999998,low_score | below_strong | high_judge_disagreement | closed_but_low_score | serious_error_any_judge,closed_but_low_score,True,False,True,False,False,False,False,False,True,False,False,False,True,False,True,False,False
case_CL120_EHR_045__Kimi-K2,case_CL120_EHR_045__anon_42e6d580fa74f6a1,case_CL120_EHR_045,Kimi K2,closed_success,11,51,11,11,2,9,8,8,True,5.5,1,5,0,12,3,,,closed,terminal_safe_handoff_closed,renal_urology,uti_culture_action,longitudinal_followup,moderate,delayed_or_staged_result_return,medication_confusion_or_execution_failure | caregiver_conflict_or_fatigue,high,medium,HO1 | HO2 | HO3 | HO4,3,3.0,4,2.0,0.8999999999999999,low_score | below_strong | high_judge_disagreement | closed_but_low_score | serious_error_any_judge | minor_or_moderate_error_any_judge,closed_but_low_score,True,False,True,False,False,False,False,False,True,False,False,False,True,False,True,True,False
case_CL120_EHR_046__Kimi-K2,case_CL120_EHR_046__anon_7a0090721717921c,case_CL120_EHR_046,Kimi K2,closed_success,25,117,25,25,5,9,5,9,True,5.0,1,17,25,1,40,,,closed,terminal_safe_episode_closed,renal_urology,aki_warning,longitudinal_followup,moderate,low_adherence_or_refusal,caregiver_conflict_or_fatigue | document_or_image_quality_problem,high,medium,HO1 | HO2 | HO3 | HO4,4,5.0,4,1.7320508075688772,1.65,high_judge_disagreement | serious_error_any_judge | minor_or_moderate_error_any_judge | important_non_chain_defect_any_judge,high_judge_disagreement,False,False,False,False,False,False,False,False,True,False,False,False,False,False,True,True,True
case_CL120_EHR_047__Kimi-K2,case_CL120_EHR_047__anon_4e42ac088a85d2b7,case_CL120_EHR_047,Kimi K2,closed_success,18,58,18,18,2,7,4,6,True,9.0,1,15,19,0,3,,,closed,terminal_safe_episode_closed,renal_urology,stone_colic,discharge_transition,moderate,external_system_gap,document_or_image_quality_problem | delayed_or_staged_result_return,high,medium,HO1 | HO2 | HO3 | HO4,2.75,2.0,3,1.299038105676658,-0.2999999999999998,low_score | very_low_score | below_strong | high_judge_disagreement | closed_but_low_score | minor_or_moderate_error_any_judge,very_low_score,True,True,True,False,False,False,False,False,True,False,False,False,True,False,False,True,False
case_CL120_EHR_048__Kimi-K2,case_CL120_EHR_048__anon_855e59ae05cf1506,case_CL120_EHR_048,Kimi K2,closed_success,12,42,12,12,2,5,5,5,True,6.0,1,2,13,0,2,,,closed,terminal_safe_episode_closed,renal_urology,renal_function_electrolyte_and_urine_color_medication_safety,home_execution_failure,moderate,misstated_family_or_patient_information,delayed_or_staged_result_return | low_adherence_or_refusal,high,medium,HO1 | HO2 | HO3 | HO4,4,5.0,4,1.7320508075688772,2.0,high_judge_disagreement | serious_error_any_judge | minor_or_moderate_error_any_judge | important_non_chain_defect_any_judge,high_judge_disagreement,False,False,False,False,False,False,False,False,True,False,False,False,False,False,True,True,True
case_CL120_EHR_049__Kimi-K2,case_CL120_EHR_049__anon_9e773f8589d7b5c6,case_CL120_EHR_049,Kimi K2,closed_success,13,51,13,13,2,8,7,7,True,6.5,1,2,0,14,2,,,closed,terminal_safe_episode_closed,respiratory,pulmonary_sequestration_interventional_planning_and_cost_barrier,pre_handoff,moderate,cost_transport_or_work_barrier,low_adherence_or_refusal | external_system_gap,high,medium,HO1 | HO2 | HO3 | HO4,3.25,3.5,4,1.7853571071357126,0.3500000000000001,below_strong | high_judge_disagreement | serious_error_any_judge | minor_or_moderate_error_any_judge | important_non_chain_defect_any_judge,high_judge_disagreement,False,False,True,False,False,False,False,False,True,False,False,False,False,False,True,True,True
case_CL120_EHR_050__Kimi-K2,case_CL120_EHR_050__anon_6fc72126367dd07a,case_CL120_EHR_050,Kimi K2,closed_success,34,105,34,34,8,10,9,10,True,4.25,1,34,35,0,5,,,closed,terminal_safe_episode_closed,gastro_hepatology,viral_hepatitis_cirrhosis,post_handoff,heavy,privacy_stigma_or_sensitive_history,external_system_gap | misstated_family_or_patient_information,high,long,HO1 | HO2 | HO3 | HO4,1.25,1.0,1,0.4330127018922193,-1.0,low_score | very_low_score | below_strong | heavy_workspace | workspace_overuse_candidate | long_or_tool_intensive_low_score | closed_but_low_score | model_specific_weakness | serious_error_any_judge | minor_or_moderate_error_any_judge | important_non_chain_defect_any_judge,very_low_score,True,True,True,False,False,False,False,True,False,False,True,True,True,True,True,True,True
case_CL120_EHR_051__Kimi-K2,case_CL120_EHR_051__anon_e5c8e6ab7c8937e6,case_CL120_EHR_051,Kimi K2,closed_success,53,149,53,53,9,15,13,14,True,5.888888888888889,1,50,54,0,0,,,closed,terminal_safe_episode_closed,gastro_hepatology,abdominal_pain,post_handoff,heavy,incomplete_patient_information,misstated_family_or_patient_information | cost_transport_or_work_barrier,high,long,HO1 | HO2 | HO3 | HO4,3,3.0,4,2.0,0.1499999999999999,low_score | below_strong | high_turn | heavy_workspace | high_judge_disagreement | workspace_overuse_candidate | long_or_tool_intensive_low_score | closed_but_low_score | serious_error_any_judge,long_or_tool_intensive_low_score,True,False,True,True,False,False,False,True,True,False,True,True,True,False,True,False,False
case_CL120_EHR_052__Kimi-K2,case_CL120_EHR_052__anon_fbe136a5467ef7b3,case_CL120_EHR_052,Kimi K2,closed_success,17,65,17,17,4,9,8,8,True,4.25,1,9,18,0,5,,,closed,terminal_safe_handoff_closed,gastro_hepatology,pancreatitis,result_return,extreme,medication_confusion_or_execution_failure,cost_transport_or_work_barrier | privacy_stigma_or_sensitive_history,high,extra_long,HO1 | HO2 | HO3 | HO4,1.5,1.5,1,0.5,-1.35,low_score | very_low_score | below_strong | closed_but_low_score | model_specific_weakness | serious_error_any_judge | minor_or_moderate_error_any_judge | important_non_chain_defect_any_judge,very_low_score,True,True,True,False,False,False,False,False,False,False,False,False,True,True,True,True,True
case_CL120_EHR_053__Kimi-K2,case_CL120_EHR_053__anon_4ed65527bfd4b126,case_CL120_EHR_053,Kimi K2,closed_success,4,31,4,4,3,7,6,6,True,1.3333333333333333,1,3,5,0,3,,,closed,terminal_safe_episode_closed,renal_urology,lupus_nephritis_steroid_and_followup_after_negative_covid_result,result_return,light,caregiver_conflict_or_fatigue,privacy_stigma_or_sensitive_history | incomplete_patient_information,high,medium,HO1 | HO2 | HO3 | HO4,3,3.0,4,1.5811388300841898,-0.8500000000000001,low_score | below_strong | high_judge_disagreement | closed_but_low_score | serious_error_any_judge | minor_or_moderate_error_any_judge | important_non_chain_defect_any_judge,closed_but_low_score,True,False,True,False,False,False,False,False,True,False,False,False,True,False,True,True,True
case_CL120_EHR_054__Kimi-K2,case_CL120_EHR_054__anon_b5944610b2c6c9a7,case_CL120_EHR_054,Kimi K2,closed_success,8,48,8,8,3,10,9,9,True,2.6666666666666665,1,6,8,0,4,,,closed,terminal_bounded_episode_closed,gastro_hepatology,gi_bleeding,home_execution_failure,light,document_or_image_quality_problem,incomplete_patient_information | medication_confusion_or_execution_failure,high,medium,HO1 | HO2 | HO3 | HO4,3,3.0,4,2.0,0.7999999999999998,low_score | below_strong | high_judge_disagreement | closed_but_low_score | serious_error_any_judge | minor_or_moderate_error_any_judge,closed_but_low_score,True,False,True,False,False,False,False,False,True,False,False,False,True,False,True,True,False
case_CL120_EHR_055__Kimi-K2,case_CL120_EHR_055__anon_370fd0c9835a4634,case_CL120_EHR_055,Kimi K2,closed_success,17,98,17,17,6,14,12,13,True,2.8333333333333335,1,14,18,0,23,,,closed,terminal_safe_episode_closed,gastro_hepatology,viral_hepatitis_cirrhosis,home_execution_failure,light,delayed_or_staged_result_return,medication_confusion_or_execution_failure | caregiver_conflict_or_fatigue,high,medium,HO1 | HO2 | HO3 | HO4,4,5.0,4,1.7320508075688772,1.4,heavy_workspace | high_judge_disagreement | serious_error_any_judge,high_judge_disagreement,False,False,False,False,False,False,False,True,True,False,False,False,False,False,True,False,False
case_CL120_EHR_056__Kimi-K2,case_CL120_EHR_056__anon_95e0cc8a9e1beaa5,case_CL120_EHR_056,Kimi K2,closed_success,6,32,6,6,2,6,5,5,True,3.0,1,3,7,0,3,,,closed,terminal_safe_episode_closed,gastro_hepatology,abdominal_pain,longitudinal_followup,light,low_adherence_or_refusal,caregiver_conflict_or_fatigue | document_or_image_quality_problem,high,medium,HO1 | HO2 | HO3 | HO4,4,5.0,4,1.7320508075688772,1.4,high_judge_disagreement | serious_error_any_judge,high_judge_disagreement,False,False,False,False,False,False,False,False,True,False,False,False,False,False,True,False,False
case_CL120_EHR_057__Kimi-K2,case_CL120_EHR_057__anon_277fbe0fad35bc3b,case_CL120_EHR_057,Kimi K2,closed_success,6,28,6,6,1,5,4,4,True,6.0,1,1,0,6,3,,,closed,terminal_safe_episode_closed,gastro_hepatology,pancreatitis,discharge_transition,light,external_system_gap,document_or_image_quality_problem | delayed_or_staged_result_return,high,medium,HO1 | HO2 | HO3 | HO4,3.25,3.0,3,1.299038105676658,0.6499999999999999,low_score | below_strong | sparse_workspace | high_judge_disagreement | workspace_underuse_candidate | closed_but_low_score | minor_or_moderate_error_any_judge,workspace_underuse_candidate,True,False,True,False,False,False,True,False,True,True,False,False,True,False,False,True,False
case_CL120_EHR_058__Kimi-K2,case_CL120_EHR_058__anon_a7b66ee3750ac5a0,case_CL120_EHR_058,Kimi K2,closed_success,5,44,5,5,3,11,9,9,True,1.6666666666666667,1,4,6,0,4,,,closed,terminal_safe_episode_closed,gastro_hepatology,colonoscopy_or_pathology_followup,discharge_transition,moderate,misstated_family_or_patient_information,delayed_or_staged_result_return | low_adherence_or_refusal,high,medium,HO1 | HO2 | HO3 | HO4,1.25,1.0,1,0.4330127018922193,-1.4,low_score | very_low_score | below_strong | closed_but_low_score | model_specific_weakness | serious_error_any_judge | minor_or_moderate_error_any_judge,very_low_score,True,True,True,False,False,False,False,False,False,False,False,False,True,True,True,True,False
case_CL120_EHR_059__Kimi-K2,case_CL120_EHR_059__anon_e902d74b467aad7a,case_CL120_EHR_059,Kimi K2,closed_success,40,106,40,40,2,6,5,5,True,20.0,1,25,0,41,9,,,closed,terminal_safe_episode_closed,gastro_hepatology,gi_bleeding,pre_handoff,moderate,cost_transport_or_work_barrier,low_adherence_or_refusal | external_system_gap,high,medium,HO1 | HO2 | HO3 | HO4,3.75,4.5,4,1.6393596310755,1.35,high_judge_disagreement | serious_error_any_judge,high_judge_disagreement,False,False,False,False,False,False,False,False,True,False,False,False,False,False,True,False,False
case_CL120_EHR_060__Kimi-K2,case_CL120_EHR_060__anon_cbe555dc85b32e72,case_CL120_EHR_060,Kimi K2,runtime_error,1,1,0,0,0,0,0,0,False,,,,1,0,0,content_filter_400,RuntimeError,open,,gastro_hepatology,viral_hepatitis_cirrhosis,pre_handoff,moderate,privacy_stigma_or_sensitive_history,external_system_gap | misstated_family_or_patient_information,high,medium,HO1 | HO2 | HO3 | HO4,1,1.0,0,0.0,-0.30000000000000004,low_score | very_low_score | below_strong | no_workspace | sparse_workspace | workspace_underuse_candidate | serious_error_any_judge | minor_or_moderate_error_any_judge,runtime_error,True,True,True,False,False,True,True,False,False,True,False,False,False,False,True,True,False
case_CL120_EHR_061__Kimi-K2,case_CL120_EHR_061__anon_e448320c8b2215b2,case_CL120_EHR_061,Kimi K2,closed_success,7,39,7,7,2,7,6,6,True,3.5,1,2,8,0,5,,,closed,terminal_safe_episode_closed,neurology,stroke_tia,post_handoff,moderate,incomplete_patient_information,misstated_family_or_patient_information | cost_transport_or_work_barrier,high,medium,HO1 | HO2 | HO3 | HO4,1.5,1.0,2,0.8660254037844386,-1.9,low_score | very_low_score | below_strong | high_judge_disagreement | closed_but_low_score | model_specific_weakness | serious_error_any_judge | minor_or_moderate_error_any_judge,very_low_score,True,True,True,False,False,False,False,False,True,False,False,False,True,True,True,True,False
case_CL120_EHR_062__Kimi-K2,case_CL120_EHR_062__anon_170acdd499ef09c5,case_CL120_EHR_062,Kimi K2,closed_success,5,36,5,5,2,6,5,5,True,2.5,1,2,6,0,9,,,closed,terminal_safe_episode_closed,neurology,limb_numbness_weakness_preoperative_medication_and_followup,pre_handoff,moderate,medication_confusion_or_execution_failure,cost_transport_or_work_barrier | privacy_stigma_or_sensitive_history,high,medium,HO1 | HO2 | HO3 | HO4,3.5,3.5,3,1.5,0.0,below_strong | high_judge_disagreement | minor_or_moderate_error_any_judge,high_judge_disagreement,False,False,True,False,False,False,False,False,True,False,False,False,False,False,False,True,False
case_CL120_EHR_063__Kimi-K2,case_CL120_EHR_063__anon_fb5d551575165dd7,case_CL120_EHR_063,Kimi K2,closed_success,6,27,6,6,1,5,4,4,True,6.0,1,1,7,0,1,,,closed,terminal_safe_episode_closed,neurology,headache_red_flag,result_return,moderate,caregiver_conflict_or_fatigue,privacy_stigma_or_sensitive_history | incomplete_patient_information,high,medium,HO1 | HO2 | HO3 | HO4,2.5,2.0,4,1.5,-0.5,low_score | very_low_score | below_strong | sparse_workspace | high_judge_disagreement | workspace_underuse_candidate | closed_but_low_score | serious_error_any_judge | minor_or_moderate_error_any_judge | important_non_chain_defect_any_judge,very_low_score,True,True,True,False,False,False,True,False,True,True,False,False,True,False,True,True,True
case_CL120_EHR_064__Kimi-K2,case_CL120_EHR_064__anon_5feb87d0579371b3,case_CL120_EHR_064,Kimi K2,closed_success,21,74,21,21,5,9,9,8,True,4.2,1,21,22,0,5,,,closed,terminal_safe_episode_closed,neurology,dementia_delirium,result_return,moderate,document_or_image_quality_problem,incomplete_patient_information | medication_confusion_or_execution_failure,high,medium,HO1 | HO2 | HO3 | HO4,2.25,1.5,4,1.6393596310755,-0.6499999999999999,low_score | very_low_score | below_strong | high_judge_disagreement | closed_but_low_score | serious_error_any_judge | minor_or_moderate_error_any_judge,very_low_score,True,True,True,False,False,False,False,False,True,False,False,False,True,False,True,True,False
case_CL120_EHR_065__Kimi-K2,case_CL120_EHR_065__anon_1f7950edfd465bd3,case_CL120_EHR_065,Kimi K2,closed_success,7,44,7,7,3,9,9,8,True,2.3333333333333335,1,4,8,0,3,,,closed,terminal_safe_episode_closed,neurology,neuropathy_or_fall,home_execution_failure,moderate,delayed_or_staged_result_return,medication_confusion_or_execution_failure | caregiver_conflict_or_fatigue,high,medium,HO1 | HO2 | HO3 | HO4,1,1.0,0,0.0,-1.4500000000000002,low_score | very_low_score | below_strong | closed_but_low_score | model_specific_weakness | serious_error_any_judge | minor_or_moderate_error_any_judge,very_low_score,True,True,True,False,False,False,False,False,False,False,False,False,True,True,True,True,False
case_CL120_EHR_066__Kimi-K2,case_CL120_EHR_066__anon_7f50459c628ebca4,case_CL120_EHR_066,Kimi K2,closed_success,20,52,20,20,1,3,3,3,True,20.0,1,1,21,0,2,,,closed,terminal_safe_episode_closed,neurology,stroke_tia,home_execution_failure,moderate,low_adherence_or_refusal,caregiver_conflict_or_fatigue | document_or_image_quality_problem,high,medium,HO1 | HO2 | HO3 | HO4,3,3.0,4,1.5811388300841898,-0.5,low_score | below_strong | sparse_workspace | high_judge_disagreement | workspace_underuse_candidate | closed_but_low_score | serious_error_any_judge | minor_or_moderate_error_any_judge | important_non_chain_defect_any_judge,workspace_underuse_candidate,True,False,True,False,False,False,True,False,True,True,False,False,True,False,True,True,True
case_CL120_EHR_067__Kimi-K2,case_CL120_EHR_067__anon_7f88111f970ccbb4,case_CL120_EHR_067,Kimi K2,closed_success,20,59,20,20,1,5,4,4,True,20.0,1,1,21,0,5,,,closed,terminal_safe_episode_closed,neurology,seizure,longitudinal_followup,heavy,external_system_gap,document_or_image_quality_problem | delayed_or_staged_result_return,high,long,HO1 | HO2 | HO3 | HO4,2.75,2.5,4,1.7853571071357126,-0.6499999999999999,low_score | very_low_score | below_strong | sparse_workspace | high_judge_disagreement | workspace_underuse_candidate | closed_but_low_score | serious_error_any_judge | minor_or_moderate_error_any_judge,very_low_score,True,True,True,False,False,False,True,False,True,True,False,False,True,False,True,True,False
case_CL120_EHR_068__Kimi-K2,case_CL120_EHR_068__anon_b7089b6ead0e854a,case_CL120_EHR_068,Kimi K2,closed_success,16,55,16,16,2,6,5,5,True,8.0,1,2,17,0,6,,,closed,terminal_safe_episode_closed,neurology,headache_red_flag,discharge_transition,heavy,misstated_family_or_patient_information,delayed_or_staged_result_return | low_adherence_or_refusal,high,long,HO1 | HO2 | HO3 | HO4,4.25,5.0,3,1.299038105676658,0.9500000000000002,high_judge_disagreement | minor_or_moderate_error_any_judge,high_judge_disagreement,False,False,False,False,False,False,False,False,True,False,False,False,False,False,False,True,False
case_CL120_EHR_069__Kimi-K2,case_CL120_EHR_069__anon_7b3b7f0f8173ec85,case_CL120_EHR_069,Kimi K2,closed_success,22,83,22,22,5,10,10,10,True,4.4,1,22,23,0,8,,,closed,terminal_safe_episode_closed,neurology,dementia_delirium,discharge_transition,extreme,cost_transport_or_work_barrier,low_adherence_or_refusal | external_system_gap,high,extra_long,HO1 | HO2 | HO3 | HO4,3.25,3.5,4,1.7853571071357126,0.3500000000000001,below_strong | high_judge_disagreement | serious_error_any_judge | minor_or_moderate_error_any_judge | important_non_chain_defect_any_judge,high_judge_disagreement,False,False,True,False,False,False,False,False,True,False,False,False,False,False,True,True,True
case_CL120_EHR_070__Kimi-K2,case_CL120_EHR_070__anon_870811c130d16a4b,case_CL120_EHR_070,Kimi K2,closed_success,4,26,4,4,1,5,4,4,True,4.0,1,1,5,0,4,,,closed,terminal_safe_handoff_closed,neurology,neuropathy_or_fall,pre_handoff,light,privacy_stigma_or_sensitive_history,external_system_gap | misstated_family_or_patient_information,high,short,HO1 | HO2 | HO3 | HO4,3.25,3.5,4,1.7853571071357126,0.10000000000000009,below_strong | sparse_workspace | high_judge_disagreement | workspace_underuse_candidate | serious_error_any_judge | minor_or_moderate_error_any_judge | important_non_chain_defect_any_judge,workspace_underuse_candidate,False,False,True,False,False,False,True,False,True,True,False,False,False,False,True,True,True
case_CL120_EHR_071__Kimi-K2,case_CL120_EHR_071__anon_77c555652c88b35b,case_CL120_EHR_071,Kimi K2,closed_success,14,40,14,14,3,3,3,3,True,4.666666666666667,1,8,0,15,2,,,closed,terminal_safe_handoff_closed,obstetrics_gynecology,pregnancy_med_safety,pre_handoff,light,incomplete_patient_information,misstated_family_or_patient_information | cost_transport_or_work_barrier,high,short,HO1 | HO2 | HO3 | HO4,1.75,2.0,1,0.4330127018922193,-0.3999999999999999,low_score | very_low_score | below_strong | closed_but_low_score | serious_error_any_judge | minor_or_moderate_error_any_judge | important_non_chain_defect_any_judge,very_low_score,True,True,True,False,False,False,False,False,False,False,False,False,True,False,True,True,True
case_CL120_EHR_072__Kimi-K2,case_CL120_EHR_072__anon_5eb39ba2d4166a29,case_CL120_EHR_072,Kimi K2,closed_success,17,122,17,17,3,9,8,8,True,5.666666666666667,1,6,18,0,58,,,closed,terminal_safe_episode_closed,obstetrics_gynecology,ectopic_or_bleeding,post_handoff,light,medication_confusion_or_execution_failure,cost_transport_or_work_barrier | privacy_stigma_or_sensitive_history,high,medium,HO1 | HO2 | HO3 | HO4,3,3.0,4,2.0,-0.5,low_score | below_strong | high_judge_disagreement | closed_but_low_score | serious_error_any_judge | minor_or_moderate_error_any_judge | important_non_chain_defect_any_judge,closed_but_low_score,True,False,True,False,False,False,False,False,True,False,False,False,True,False,True,True,True
case_CL120_EHR_073__Kimi-K2,case_CL120_EHR_073__anon_5daf125bca091d68,case_CL120_EHR_073,Kimi K2,closed_success,24,70,24,24,4,6,5,6,True,6.0,1,23,25,0,4,,,closed,terminal_safe_episode_closed,obstetrics_gynecology,postpartum_warning,post_handoff,light,caregiver_conflict_or_fatigue,privacy_stigma_or_sensitive_history | incomplete_patient_information,high,medium,HO1 | HO2 | HO3 | HO4,2.75,2.0,3,1.299038105676658,-2.05,low_score | very_low_score | below_strong | high_judge_disagreement | closed_but_low_score | model_specific_weakness | minor_or_moderate_error_any_judge | important_non_chain_defect_any_judge,very_low_score,True,True,True,False,False,False,False,False,True,False,False,False,True,True,False,True,True
case_CL120_EHR_074__Kimi-K2,case_CL120_EHR_074__anon_8de42f148efd1e3a,case_CL120_EHR_074,Kimi K2,closed_success,12,109,12,12,3,11,7,9,True,4.0,1,12,0,13,56,,,closed,terminal_safe_episode_closed,obstetrics_gynecology,gynecologic_mass_pathway,result_return,light,document_or_image_quality_problem,incomplete_patient_information | medication_confusion_or_execution_failure,high,medium,HO1 | HO2 | HO3 | HO4,2.25,1.5,4,1.6393596310755,-2.15,low_score | very_low_score | below_strong | high_judge_disagreement | closed_but_low_score | model_specific_weakness | serious_error_any_judge | minor_or_moderate_error_any_judge,very_low_score,True,True,True,False,False,False,False,False,True,False,False,False,True,True,True,True,False
case_CL120_EHR_075__Kimi-K2,case_CL120_EHR_075__anon_2a86db0ffc9fe7b5,case_CL120_EHR_075,Kimi K2,closed_success,9,43,9,9,4,8,7,7,True,2.25,1,7,0,10,2,,,closed,terminal_safe_episode_closed,obstetrics_gynecology,pregnancy_med_safety,result_return,moderate,delayed_or_staged_result_return,medication_confusion_or_execution_failure | caregiver_conflict_or_fatigue,high,medium,HO1 | HO2 | HO3 | HO4,3.5,3.5,3,1.5,0.6499999999999999,below_strong | high_judge_disagreement | minor_or_moderate_error_any_judge,high_judge_disagreement,False,False,True,False,False,False,False,False,True,False,False,False,False,False,False,True,False
case_CL120_EHR_076__Kimi-K2,case_CL120_EHR_076__anon_7537475053161a5a,case_CL120_EHR_076,Kimi K2,open_at_100,100,656,100,100,26,48,22,47,True,3.8461538461538463,1,99,0,101,328,,,soft_closed,milestone_closed_but_not_terminal,obstetrics_gynecology,ectopic_or_bleeding,home_execution_failure,moderate,low_adherence_or_refusal,caregiver_conflict_or_fatigue | document_or_image_quality_problem,high,medium,HO1 | HO2 | HO3 | HO4,1.25,1.0,1,0.4330127018922193,-2.25,low_score | very_low_score | below_strong | high_turn | very_high_turn | heavy_workspace | workspace_overuse_candidate | long_or_tool_intensive_low_score | model_specific_weakness | serious_error_any_judge | minor_or_moderate_error_any_judge | important_non_chain_defect_any_judge,open_at_100,True,True,True,True,True,False,False,True,False,False,True,True,False,True,True,True,True
case_CL120_EHR_077__Kimi-K2,case_CL120_EHR_077__anon_87ad42acd64cf113,case_CL120_EHR_077,Kimi K2,closed_success,6,31,6,6,2,6,5,5,True,3.0,1,2,0,7,1,,,closed,terminal_safe_episode_closed,obstetrics_gynecology,postpartum_warning,home_execution_failure,moderate,external_system_gap,document_or_image_quality_problem | delayed_or_staged_result_return,high,medium,HO1 | HO2 | HO3 | HO4,3.5,3.5,3,1.5,0.5,below_strong | high_judge_disagreement | minor_or_moderate_error_any_judge,high_judge_disagreement,False,False,True,False,False,False,False,False,True,False,False,False,False,False,False,True,False
case_CL120_EHR_078__Kimi-K2,case_CL120_EHR_078__anon_51d8145f319c08c1,case_CL120_EHR_078,Kimi K2,closed_success,46,201,46,46,12,22,20,21,True,3.8333333333333335,1,37,47,0,40,,,closed,terminal_safe_episode_closed,obstetrics_gynecology,gynecologic_mass_pathway,longitudinal_followup,moderate,misstated_family_or_patient_information,delayed_or_staged_result_return | low_adherence_or_refusal,high,medium,HO1 | HO2 | HO3 | HO4,4,4.5,3,1.224744871391589,0.7000000000000002,heavy_workspace | high_judge_disagreement | minor_or_moderate_error_any_judge,high_judge_disagreement,False,False,False,False,False,False,False,True,True,False,False,False,False,False,False,True,False
case_CL120_EHR_079__Kimi-K2,case_CL120_EHR_079__anon_04ace9b5ad3e603a,case_CL120_EHR_079,Kimi K2,closed_success,11,44,11,11,1,5,4,4,True,11.0,1,1,12,0,7,,,closed,terminal_safe_episode_closed,pediatrics,fever_dehydration,discharge_transition,moderate,cost_transport_or_work_barrier,low_adherence_or_refusal | external_system_gap,high,medium,HO1 | HO2 | HO3 | HO4,2.5,2.0,4,1.5,-0.5499999999999998,low_score | very_low_score | below_strong | sparse_workspace | high_judge_disagreement | workspace_underuse_candidate | closed_but_low_score | serious_error_any_judge | minor_or_moderate_error_any_judge | important_non_chain_defect_any_judge,very_low_score,True,True,True,False,False,False,True,False,True,True,False,False,True,False,True,True,True
case_CL120_EHR_080__Kimi-K2,case_CL120_EHR_080__anon_d33912c77145ccda,case_CL120_EHR_080,Kimi K2,closed_success,15,45,15,15,2,4,4,4,True,7.5,1,14,16,0,2,,,closed,terminal_safe_episode_closed,pediatrics,type1_diabetes_vomiting,discharge_transition,moderate,privacy_stigma_or_sensitive_history,external_system_gap | misstated_family_or_patient_information,high,medium,HO1 | HO2 | HO3 | HO4,3.5,3.5,3,1.5,1.15,below_strong | high_judge_disagreement | minor_or_moderate_error_any_judge | important_non_chain_defect_any_judge,high_judge_disagreement,False,False,True,False,False,False,False,False,True,False,False,False,False,False,False,True,True
case_CL120_EHR_081__Kimi-K2,case_CL120_EHR_081__anon_d43f26c29f3b24d7,case_CL120_EHR_081,Kimi K2,closed_success,5,32,5,5,2,6,6,5,True,2.5,1,2,6,0,4,,,closed,terminal_safe_episode_closed,pediatrics,short_stature_growth_hormone_deficiency_and_scoliosis_followup,discharge_transition,moderate,incomplete_patient_information,misstated_family_or_patient_information | cost_transport_or_work_barrier,high,medium,HO1 | HO2 | HO3 | HO4,2.5,2.0,4,1.5,-1.2000000000000002,low_score | very_low_score | below_strong | high_judge_disagreement | closed_but_low_score | model_specific_weakness | serious_error_any_judge | minor_or_moderate_error_any_judge | important_non_chain_defect_any_judge,very_low_score,True,True,True,False,False,False,False,False,True,False,False,False,True,True,True,True,True
case_CL120_EHR_082__Kimi-K2,case_CL120_EHR_082__anon_8751c8119de2fa4a,case_CL120_EHR_082,Kimi K2,closed_success,7,32,7,7,1,5,4,4,True,7.0,1,1,8,0,4,,,closed,terminal_safe_episode_closed,pediatrics,caregiver_medication_error,pre_handoff,moderate,medication_confusion_or_execution_failure,cost_transport_or_work_barrier | privacy_stigma_or_sensitive_history,high,medium,HO1 | HO2 | HO3 | HO4,3.5,3.5,3,1.5,0.5499999999999998,below_strong | sparse_workspace | high_judge_disagreement | workspace_underuse_candidate | minor_or_moderate_error_any_judge | important_non_chain_defect_any_judge,workspace_underuse_candidate,False,False,True,False,False,False,True,False,True,True,False,False,False,False,False,True,True
case_CL120_EHR_083__Kimi-K2,case_CL120_EHR_083__anon_2d4593345e8a2446,case_CL120_EHR_083,Kimi K2,closed_success,5,22,5,5,1,3,3,3,True,5.0,1,1,6,0,2,,,closed,terminal_safe_episode_closed,pediatrics,fever_dehydration,post_handoff,moderate,caregiver_conflict_or_fatigue,privacy_stigma_or_sensitive_history | incomplete_patient_information,high,medium,HO1 | HO2 | HO3 | HO4,3.25,3.5,4,1.7853571071357126,0.5,below_strong | sparse_workspace | high_judge_disagreement | workspace_underuse_candidate | serious_error_any_judge | minor_or_moderate_error_any_judge,workspace_underuse_candidate,False,False,True,False,False,False,True,False,True,True,False,False,False,False,True,True,False
case_CL120_EHR_084__Kimi-K2,case_CL120_EHR_084__anon_f50eb3611c216bce,case_CL120_EHR_084,Kimi K2,closed_success,44,118,44,44,7,8,7,8,True,6.285714285714286,1,43,45,0,5,,,closed,terminal_safe_episode_closed,pediatrics,type1_diabetes_vomiting,post_handoff,heavy,document_or_image_quality_problem,incomplete_patient_information | medication_confusion_or_execution_failure,high,long,HO1 | HO2 | HO3 | HO4,2.5,2.0,4,1.5,-0.9500000000000002,low_score | very_low_score | below_strong | heavy_workspace | high_judge_disagreement | workspace_overuse_candidate | long_or_tool_intensive_low_score | closed_but_low_score | serious_error_any_judge | minor_or_moderate_error_any_judge | important_non_chain_defect_any_judge,very_low_score,True,True,True,False,False,False,False,True,True,False,True,True,True,False,True,True,True
case_CL120_EHR_085__Kimi-K2,case_CL120_EHR_085__anon_f5e6bc79d8fdf09d,case_CL120_EHR_085,Kimi K2,closed_success,8,48,8,8,2,9,8,8,True,4.0,1,2,9,0,6,,,closed,terminal_safe_episode_closed,pediatrics,asthma_child,result_return,heavy,delayed_or_staged_result_return,medication_confusion_or_execution_failure | caregiver_conflict_or_fatigue,high,long,HO1 | HO2 | HO3 | HO4,2.75,2.5,2,0.82915619758885,-0.2999999999999998,low_score | very_low_score | below_strong | high_judge_disagreement | closed_but_low_score | minor_or_moderate_error_any_judge | important_non_chain_defect_any_judge,very_low_score,True,True,True,False,False,False,False,False,True,False,False,False,True,False,False,True,True
case_CL120_EHR_086__Kimi-K2,case_CL120_EHR_086__anon_e9ae81252c9acd36,case_CL120_EHR_086,Kimi K2,closed_success,39,130,39,39,8,15,12,14,True,4.875,1,38,40,0,7,,,closed,terminal_safe_episode_closed,pediatrics,caregiver_medication_error,result_return,heavy,low_adherence_or_refusal,caregiver_conflict_or_fatigue | document_or_image_quality_problem,high,long,HO1 | HO2 | HO3 | HO4,3,3.0,4,1.5811388300841898,-0.7000000000000002,low_score | below_strong | heavy_workspace | high_judge_disagreement | workspace_overuse_candidate | long_or_tool_intensive_low_score | closed_but_low_score | serious_error_any_judge | minor_or_moderate_error_any_judge | important_non_chain_defect_any_judge,long_or_tool_intensive_low_score,True,False,True,False,False,False,False,True,True,False,True,True,True,False,True,True,True
case_CL120_EHR_087__Kimi-K2,case_CL120_EHR_087__anon_8ace808622385a42,case_CL120_EHR_087,Kimi K2,closed_success,25,73,25,25,4,5,4,5,True,6.25,1,24,19,7,7,,,closed,terminal_safe_episode_closed,oncology_hematology,new_mass_staging,home_execution_failure,light,external_system_gap,document_or_image_quality_problem | delayed_or_staged_result_return,high,medium,HO1 | HO2 | HO3 | HO4,2.75,2.0,3,1.299038105676658,-0.9500000000000002,low_score | very_low_score | below_strong | high_judge_disagreement | closed_but_low_score | minor_or_moderate_error_any_judge | important_non_chain_defect_any_judge,very_low_score,True,True,True,False,False,False,False,False,True,False,False,False,True,False,False,True,True
case_CL120_EHR_088__Kimi-K2,case_CL120_EHR_088__anon_ef75c242473762d8,case_CL120_EHR_088,Kimi K2,closed_success,4,38,4,4,4,9,8,8,True,1.0,1,4,5,0,4,,,closed,terminal_safe_episode_closed,oncology_hematology,chemotherapy_complication,home_execution_failure,light,misstated_family_or_patient_information,delayed_or_staged_result_return | low_adherence_or_refusal,high,medium,HO1 | HO2 | HO3 | HO4,2,1.0,4,1.7320508075688772,-1.5,low_score | very_low_score | below_strong | high_judge_disagreement | closed_but_low_score | model_specific_weakness | serious_error_any_judge | minor_or_moderate_error_any_judge | important_non_chain_defect_any_judge,very_low_score,True,True,True,False,False,False,False,False,True,False,False,False,True,True,True,True,True
case_CL120_EHR_089__Kimi-K2,case_CL120_EHR_089__anon_d9aaadb4e576b6d0,case_CL120_EHR_089,Kimi K2,closed_success,17,50,17,17,2,3,3,3,True,8.5,1,7,18,0,5,,,closed,terminal_safe_handoff_closed,oncology_hematology,anemia_bleeding,longitudinal_followup,light,cost_transport_or_work_barrier,low_adherence_or_refusal | external_system_gap,high,medium,HO1 | HO2 | HO3 | HO4,4,4.5,3,1.224744871391589,0.5,high_judge_disagreement | minor_or_moderate_error_any_judge | important_non_chain_defect_any_judge,high_judge_disagreement,False,False,False,False,False,False,False,False,True,False,False,False,False,False,False,True,True
case_CL120_EHR_090__Kimi-K2,case_CL120_EHR_090__anon_4faa2c6c82d64e4d,case_CL120_EHR_090,Kimi K2,closed_success,8,32,8,8,3,5,4,5,True,2.6666666666666665,1,5,9,0,1,,,closed,terminal_safe_episode_closed,oncology_hematology,palliative_transition,discharge_transition,light,privacy_stigma_or_sensitive_history,external_system_gap | misstated_family_or_patient_information,high,medium,HO1 | HO2 | HO3 | HO4,2.25,2.0,1,0.4330127018922193,-1.0499999999999998,low_score | very_low_score | below_strong | closed_but_low_score | model_specific_weakness | minor_or_moderate_error_any_judge,very_low_score,True,True,True,False,False,False,False,False,False,False,False,False,True,True,False,True,False
case_CL120_EHR_091__Kimi-K2,case_CL120_EHR_091__anon_0a31810e7b41859d,case_CL120_EHR_091,Kimi K2,closed_success,8,44,8,8,3,8,7,7,True,2.6666666666666665,1,7,9,0,3,,,closed,terminal_safe_handoff_closed,oncology_hematology,family_disclosure,discharge_transition,light,incomplete_patient_information,misstated_family_or_patient_information | cost_transport_or_work_barrier,high,medium,HO1 | HO2 | HO3 | HO4,2,1.5,3,1.224744871391589,-0.8999999999999999,low_score | very_low_score | below_strong | high_judge_disagreement | closed_but_low_score | serious_error_any_judge | minor_or_moderate_error_any_judge,very_low_score,True,True,True,False,False,False,False,False,True,False,False,False,True,False,True,True,False
case_CL120_EHR_092__Kimi-K2,case_CL120_EHR_092__anon_9049ef3d8ffc679b,case_CL120_EHR_092,Kimi K2,closed_success,5,27,5,5,1,5,4,4,True,5.0,1,1,6,0,3,,,closed,terminal_safe_handoff_closed,oncology_hematology,new_mass_staging,pre_handoff,light,medication_confusion_or_execution_failure,cost_transport_or_work_barrier | privacy_stigma_or_sensitive_history,high,short,HO1 | HO2 | HO3 | HO4,3.5,3.5,3,1.5,0.8999999999999999,below_strong | sparse_workspace | high_judge_disagreement | workspace_underuse_candidate | minor_or_moderate_error_any_judge,workspace_underuse_candidate,False,False,True,False,False,False,True,False,True,True,False,False,False,False,False,True,False
case_CL120_EHR_093__Kimi-K2,case_CL120_EHR_093__anon_97f93d2f5a26a9dd,case_CL120_EHR_093,Kimi K2,closed_success,19,65,19,19,4,9,8,8,True,4.75,1,19,20,0,1,,,closed,terminal_safe_episode_closed,oncology_hematology,chemotherapy_complication,pre_handoff,moderate,caregiver_conflict_or_fatigue,privacy_stigma_or_sensitive_history | incomplete_patient_information,high,medium,HO1 | HO2 | HO3 | HO4,2.25,1.5,4,1.6393596310755,-0.75,low_score | very_low_score | below_strong | high_judge_disagreement | closed_but_low_score | serious_error_any_judge | minor_or_moderate_error_any_judge | important_non_chain_defect_any_judge,very_low_score,True,True,True,False,False,False,False,False,True,False,False,False,True,False,True,True,True
case_CL120_EHR_094__Kimi-K2,case_CL120_EHR_094__anon_a0c2882cf875e518,case_CL120_EHR_094,Kimi K2,closed_success,23,72,23,23,3,7,5,6,True,7.666666666666667,1,23,24,0,7,,,closed,terminal_safe_episode_closed,oncology_hematology,anemia_bleeding,post_handoff,moderate,document_or_image_quality_problem,incomplete_patient_information | medication_confusion_or_execution_failure,high,medium,HO1 | HO2 | HO3 | HO4,3,2.5,3,1.224744871391589,-0.7999999999999998,low_score | very_low_score | below_strong | high_judge_disagreement | closed_but_low_score | minor_or_moderate_error_any_judge | important_non_chain_defect_any_judge,very_low_score,True,True,True,False,False,False,False,False,True,False,False,False,True,False,False,True,True
case_CL120_EHR_095__Kimi-K2,case_CL120_EHR_095__anon_e081c5f118cfd2db,case_CL120_EHR_095,Kimi K2,closed_success,8,48,8,8,2,10,8,8,True,4.0,1,2,9,0,5,,,closed,terminal_bounded_episode_closed,oncology_hematology,palliative_transition,post_handoff,moderate,delayed_or_staged_result_return,medication_confusion_or_execution_failure | caregiver_conflict_or_fatigue,high,medium,HO1 | HO2 | HO3 | HO4,2.75,2.5,4,1.479019945774904,-0.2999999999999998,low_score | very_low_score | below_strong | high_judge_disagreement | closed_but_low_score | serious_error_any_judge | minor_or_moderate_error_any_judge,very_low_score,True,True,True,False,False,False,False,False,True,False,False,False,True,False,True,True,False
case_CL120_EHR_096__Kimi-K2,case_CL120_EHR_096__anon_9b703f720263fade,case_CL120_EHR_096,Kimi K2,closed_success,40,106,40,40,4,6,5,6,True,10.0,1,37,41,0,8,,,closed,terminal_safe_episode_closed,oncology_hematology,family_disclosure,result_return,moderate,low_adherence_or_refusal,caregiver_conflict_or_fatigue | document_or_image_quality_problem,high,medium,HO1 | HO2 | HO3 | HO4,3.5,4.0,4,1.5,0.04999999999999982,high_judge_disagreement | serious_error_any_judge,high_judge_disagreement,False,False,False,False,False,False,False,False,True,False,False,False,False,False,True,False,False
case_CL120_EHR_097__Kimi-K2,case_CL120_EHR_097__anon_e003320064e8e107,case_CL120_EHR_097,Kimi K2,closed_success,3,24,3,3,1,5,4,4,True,3.0,1,1,4,0,4,,,closed,terminal_bounded_episode_closed,infectious_disease,culture_result_action,result_return,moderate,external_system_gap,document_or_image_quality_problem | delayed_or_staged_result_return,high,medium,HO1 | HO2 | HO3 | HO4,3,3.0,4,1.5811388300841898,-0.10000000000000009,low_score | below_strong | sparse_workspace | high_judge_disagreement | workspace_underuse_candidate | closed_but_low_score | serious_error_any_judge | minor_or_moderate_error_any_judge,workspace_underuse_candidate,True,False,True,False,False,False,True,False,True,True,False,False,True,False,True,True,False
case_CL120_EHR_098__Kimi-K2,case_CL120_EHR_098__anon_d24d277c38da16a7,case_CL120_EHR_098,Kimi K2,closed_success,23,54,23,23,1,2,2,2,True,23.0,1,1,24,0,1,,,closed,terminal_safe_episode_closed,infectious_disease,sepsis_warning,home_execution_failure,moderate,misstated_family_or_patient_information,delayed_or_staged_result_return | low_adherence_or_refusal,high,medium,HO1 | HO2 | HO3 | HO4,3.5,3.5,3,1.118033988749895,-0.2999999999999998,below_strong | sparse_workspace | high_judge_disagreement | workspace_underuse_candidate | minor_or_moderate_error_any_judge | important_non_chain_defect_any_judge,workspace_underuse_candidate,False,False,True,False,False,False,True,False,True,True,False,False,False,False,False,True,True
case_CL120_EHR_099__Kimi-K2,case_CL120_EHR_099__anon_a4e9a11d50d77815,case_CL120_EHR_099,Kimi K2,closed_success,9,35,9,9,1,5,4,4,True,9.0,1,1,10,0,3,,,closed,terminal_safe_handoff_closed,infectious_disease,tb_or_hbv_stigma,home_execution_failure,moderate,cost_transport_or_work_barrier,low_adherence_or_refusal | external_system_gap,high,medium,HO1 | HO2 | HO3 | HO4,4.25,5.0,3,1.299038105676658,1.4500000000000002,sparse_workspace | high_judge_disagreement | minor_or_moderate_error_any_judge | important_non_chain_defect_any_judge,high_judge_disagreement,False,False,False,False,False,False,True,False,True,False,False,False,False,False,False,True,True
case_CL120_EHR_100__Kimi-K2,case_CL120_EHR_100__anon_58e33630d23a9348,case_CL120_EHR_100,Kimi K2,closed_success,54,176,54,54,12,21,20,20,True,4.5,1,49,0,55,3,,,closed,terminal_safe_episode_closed,infectious_disease,antibiotic_allergy_or_adherence,longitudinal_followup,moderate,privacy_stigma_or_sensitive_history,external_system_gap | misstated_family_or_patient_information,high,medium,HO1 | HO2 | HO3 | HO4,3.25,3.0,3,1.299038105676658,0.1499999999999999,low_score | below_strong | high_turn | heavy_workspace | high_judge_disagreement | workspace_overuse_candidate | long_or_tool_intensive_low_score | closed_but_low_score | minor_or_moderate_error_any_judge | important_non_chain_defect_any_judge,long_or_tool_intensive_low_score,True,False,True,True,False,False,False,True,True,False,True,True,True,False,False,True,True
case_CL120_EHR_101__Kimi-K2,case_CL120_EHR_101__anon_c61b86c02bbb765b,case_CL120_EHR_101,Kimi K2,closed_success,22,169,22,22,3,12,6,10,True,7.333333333333333,1,11,23,0,93,,,closed,terminal_safe_episode_closed,infectious_disease,culture_result_action,discharge_transition,heavy,incomplete_patient_information,misstated_family_or_patient_information | cost_transport_or_work_barrier,high,long,HO1 | HO2 | HO3 | HO4,3,3.0,4,2.0,-0.5,low_score | below_strong | high_judge_disagreement | closed_but_low_score | serious_error_any_judge | minor_or_moderate_error_any_judge,closed_but_low_score,True,False,True,False,False,False,False,False,True,False,False,False,True,False,True,True,False
case_CL120_EHR_102__Kimi-K2,case_CL120_EHR_102__anon_efcd8b949b744226,case_CL120_EHR_102,Kimi K2,closed_success,92,280,92,92,21,32,29,32,True,4.380952380952381,1,90,3,90,2,,,closed,terminal_safe_episode_closed,infectious_disease,sepsis_warning,discharge_transition,heavy,medication_confusion_or_execution_failure,cost_transport_or_work_barrier | privacy_stigma_or_sensitive_history,high,long,HO1 | HO2 | HO3 | HO4,1.75,2.0,1,0.4330127018922193,-1.85,low_score | very_low_score | below_strong | high_turn | very_high_turn | heavy_workspace | workspace_overuse_candidate | long_or_tool_intensive_low_score | closed_but_low_score | model_specific_weakness | serious_error_any_judge | minor_or_moderate_error_any_judge | important_non_chain_defect_any_judge,very_low_score,True,True,True,True,True,False,False,True,False,False,True,True,True,True,True,True,True
case_CL120_EHR_103__Kimi-K2,case_CL120_EHR_103__anon_18c7709bc57c8261,case_CL120_EHR_103,Kimi K2,closed_success,10,41,10,10,3,6,6,6,True,3.3333333333333335,1,4,11,0,2,,,closed,terminal_safe_episode_closed,infectious_disease,transplant_patient_hbv_tb_stigma_and_immunosuppression_safety,pre_handoff,heavy,caregiver_conflict_or_fatigue,privacy_stigma_or_sensitive_history | incomplete_patient_information,high,long,HO1 | HO2 | HO3 | HO4,3.5,3.5,3,1.5,0.20000000000000018,below_strong | high_judge_disagreement | minor_or_moderate_error_any_judge,high_judge_disagreement,False,False,True,False,False,False,False,False,True,False,False,False,False,False,False,True,False
case_CL120_EHR_104__Kimi-K2,case_CL120_EHR_104__anon_edc90a5ffe0dec4f,case_CL120_EHR_104,Kimi K2,closed_success,3,24,3,3,1,5,4,4,True,3.0,1,1,4,0,4,,,closed,terminal_safe_handoff_closed,infectious_disease,antibiotic_allergy_or_adherence,pre_handoff,light,document_or_image_quality_problem,incomplete_patient_information | medication_confusion_or_execution_failure,high,short,HO1 | HO2 | HO3 | HO4,2.75,2.0,3,1.299038105676658,-1.25,low_score | very_low_score | below_strong | sparse_workspace | high_judge_disagreement | workspace_underuse_candidate | closed_but_low_score | model_specific_weakness | minor_or_moderate_error_any_judge,very_low_score,True,True,True,False,False,False,True,False,True,True,False,False,True,True,False,True,False
case_CL120_EHR_105__Kimi-K2,case_CL120_EHR_105__anon_e878a94b323763c1,case_CL120_EHR_105,Kimi K2,closed_success,4,15,4,4,1,2,2,2,True,4.0,1,1,5,0,0,,,closed,terminal_safe_episode_closed,musculoskeletal_geriatrics,fracture_fall_prevention,post_handoff,light,delayed_or_staged_result_return,medication_confusion_or_execution_failure | caregiver_conflict_or_fatigue,high,medium,HO1 | HO2 | HO3 | HO4,1.25,1.0,1,0.4330127018922193,-1.9,low_score | very_low_score | below_strong | sparse_workspace | workspace_underuse_candidate | closed_but_low_score | model_specific_weakness | serious_error_any_judge | minor_or_moderate_error_any_judge | important_non_chain_defect_any_judge,very_low_score,True,True,True,False,False,False,True,False,False,True,False,False,True,True,True,True,True
case_CL120_EHR_106__Kimi-K2,case_CL120_EHR_106__anon_7c9137862ac6b582,case_CL120_EHR_106,Kimi K2,closed_success,42,117,42,42,7,10,10,10,True,6.0,1,35,43,0,2,,,closed,terminal_safe_episode_closed,musculoskeletal_geriatrics,osteoporosis,post_handoff,light,low_adherence_or_refusal,caregiver_conflict_or_fatigue | document_or_image_quality_problem,high,medium,HO1 | HO2 | HO3 | HO4,4.25,5.0,3,1.299038105676658,1.4,heavy_workspace | high_judge_disagreement | minor_or_moderate_error_any_judge | important_non_chain_defect_any_judge,high_judge_disagreement,False,False,False,False,False,False,False,True,True,False,False,False,False,False,False,True,True
case_CL120_EHR_107__Kimi-K2,case_CL120_EHR_107__anon_dbc2586cde8b3302,case_CL120_EHR_107,Kimi K2,closed_success,13,57,13,13,2,10,8,8,True,6.5,1,2,14,0,4,,,closed,terminal_safe_episode_closed,musculoskeletal_geriatrics,polypharmacy,result_return,light,external_system_gap,document_or_image_quality_problem | delayed_or_staged_result_return,high,medium,HO1 | HO2 | HO3 | HO4,3.25,3.5,4,1.7853571071357126,0.2999999999999998,below_strong | high_judge_disagreement | serious_error_any_judge | minor_or_moderate_error_any_judge,high_judge_disagreement,False,False,True,False,False,False,False,False,True,False,False,False,False,False,True,True,False
case_CL120_EHR_108__Kimi-K2,case_CL120_EHR_108__anon_241eb2ded072a1f1,case_CL120_EHR_108,Kimi K2,closed_success,4,31,4,4,2,7,6,6,True,2.0,1,2,5,0,3,,,closed,terminal_safe_episode_closed,musculoskeletal_geriatrics,frailty_caregiver_execution,result_return,light,misstated_family_or_patient_information,delayed_or_staged_result_return | low_adherence_or_refusal,high,medium,HO1 | HO2 | HO3 | HO4,1.25,1.0,1,0.4330127018922193,-1.85,low_score | very_low_score | below_strong | closed_but_low_score | model_specific_weakness | serious_error_any_judge | minor_or_moderate_error_any_judge | important_non_chain_defect_any_judge,very_low_score,True,True,True,False,False,False,False,False,False,False,False,False,True,True,True,True,True
case_CL120_EHR_109__Kimi-K2,case_CL120_EHR_109__anon_c0b242232b2bca79,case_CL120_EHR_109,Kimi K2,closed_success,6,37,6,6,2,8,7,7,True,3.0,1,2,7,0,2,,,closed,terminal_safe_episode_closed,musculoskeletal_geriatrics,fracture_fall_prevention,home_execution_failure,light,cost_transport_or_work_barrier,low_adherence_or_refusal | external_system_gap,high,medium,HO1 | HO2 | HO3 | HO4,3.25,3.5,4,1.7853571071357126,0.25,below_strong | high_judge_disagreement | serious_error_any_judge | minor_or_moderate_error_any_judge,high_judge_disagreement,False,False,True,False,False,False,False,False,True,False,False,False,False,False,True,True,False
case_CL120_EHR_110__Kimi-K2,case_CL120_EHR_110__anon_3dd86192ef193d39,case_CL120_EHR_110,Kimi K2,closed_success,14,47,14,14,2,6,5,5,True,7.0,1,9,15,0,2,,,closed,terminal_safe_episode_closed,musculoskeletal_geriatrics,osteoporosis,home_execution_failure,moderate,privacy_stigma_or_sensitive_history,external_system_gap | misstated_family_or_patient_information,high,medium,HO1 | HO2 | HO3 | HO4,2.25,1.5,4,1.6393596310755,-0.6499999999999999,low_score | very_low_score | below_strong | high_judge_disagreement | closed_but_low_score | serious_error_any_judge | minor_or_moderate_error_any_judge | important_non_chain_defect_any_judge,very_low_score,True,True,True,False,False,False,False,False,True,False,False,False,True,False,True,True,True
case_CL120_EHR_111__Kimi-K2,case_CL120_EHR_111__anon_e4525afd88b6d59c,case_CL120_EHR_111,Kimi K2,closed_success,8,34,8,8,2,5,5,5,True,4.0,1,2,9,0,2,,,closed,terminal_safe_episode_closed,musculoskeletal_geriatrics,polypharmacy,longitudinal_followup,moderate,incomplete_patient_information,misstated_family_or_patient_information | cost_transport_or_work_barrier,high,medium,HO1 | HO2 | HO3 | HO4,2.75,2.5,4,1.7853571071357126,0.1499999999999999,low_score | very_low_score | below_strong | high_judge_disagreement | closed_but_low_score | serious_error_any_judge,very_low_score,True,True,True,False,False,False,False,False,True,False,False,False,True,False,True,False,False
case_CL120_EHR_112__Kimi-K2,case_CL120_EHR_112__anon_582f5247a32172a0,case_CL120_EHR_112,Kimi K2,closed_success,13,47,13,13,2,6,5,5,True,6.5,1,2,14,0,3,,,closed,terminal_safe_episode_closed,musculoskeletal_geriatrics,frailty_caregiver_execution,discharge_transition,moderate,medication_confusion_or_execution_failure,cost_transport_or_work_barrier | privacy_stigma_or_sensitive_history,high,medium,HO1 | HO2 | HO3 | HO4,3.5,3.5,3,1.5,-0.10000000000000009,below_strong | high_judge_disagreement | minor_or_moderate_error_any_judge | important_non_chain_defect_any_judge,high_judge_disagreement,False,False,True,False,False,False,False,False,True,False,False,False,False,False,False,True,True
case_CL120_EHR_113__Kimi-K2,case_CL120_EHR_113__anon_a43aaa738a0c1639,case_CL120_EHR_113,Kimi K2,closed_success,19,58,19,19,2,6,5,5,True,9.5,1,2,20,0,3,,,closed,terminal_safe_episode_closed,mental_health_somatic,anxiety_depression_somatic_red_flag_and_followup,longitudinal_followup,moderate,caregiver_conflict_or_fatigue,privacy_stigma_or_sensitive_history | incomplete_patient_information,high,medium,HO1 | HO2 | HO3 | HO4,3.25,3.5,4,1.7853571071357126,0.20000000000000018,below_strong | high_judge_disagreement | serious_error_any_judge | minor_or_moderate_error_any_judge | important_non_chain_defect_any_judge,high_judge_disagreement,False,False,True,False,False,False,False,False,True,False,False,False,False,False,True,True,True
case_CL120_EHR_114__Kimi-K2,case_CL120_EHR_114__anon_9f5b4ca11826f0ce,case_CL120_EHR_114,Kimi K2,closed_success,6,29,6,6,2,4,4,4,True,3.0,1,2,7,0,4,,,closed,terminal_safe_handoff_closed,mental_health_somatic,depression_adherence,pre_handoff,moderate,document_or_image_quality_problem,incomplete_patient_information | medication_confusion_or_execution_failure,high,medium,HO1 | HO2 | HO3 | HO4,2.25,1.5,4,1.6393596310755,-1.0,low_score | very_low_score | below_strong | high_judge_disagreement | closed_but_low_score | model_specific_weakness | serious_error_any_judge | minor_or_moderate_error_any_judge,very_low_score,True,True,True,False,False,False,False,False,True,False,False,False,True,True,True,True,False
case_CL120_EHR_115__Kimi-K2,case_CL120_EHR_115__anon_fae9c537a0dfa101,case_CL120_EHR_115,Kimi K2,closed_success,7,47,7,7,3,10,9,9,True,2.3333333333333335,1,3,8,0,3,,,closed,terminal_safe_handoff_closed,mental_health_somatic,stigma_hidden_history,pre_handoff,moderate,delayed_or_staged_result_return,medication_confusion_or_execution_failure | caregiver_conflict_or_fatigue,high,medium,HO1 | HO2 | HO3 | HO4,3,3.0,4,2.0,-0.5499999999999998,low_score | below_strong | high_judge_disagreement | closed_but_low_score | serious_error_any_judge | minor_or_moderate_error_any_judge,closed_but_low_score,True,False,True,False,False,False,False,False,True,False,False,False,True,False,True,True,False
case_CL120_EHR_116__Kimi-K2,case_CL120_EHR_116__anon_9d409861241fbe0a,case_CL120_EHR_116,Kimi K2,closed_success,11,53,11,11,4,10,9,9,True,2.75,1,7,12,0,2,,,closed,terminal_safe_handoff_closed,mental_health_somatic,anxiety_somatic_red_flag,post_handoff,moderate,low_adherence_or_refusal,caregiver_conflict_or_fatigue | document_or_image_quality_problem,high,medium,HO1 | HO2 | HO3 | HO4,1.25,1.0,1,0.4330127018922193,-1.5,low_score | very_low_score | below_strong | closed_but_low_score | model_specific_weakness | serious_error_any_judge | minor_or_moderate_error_any_judge | important_non_chain_defect_any_judge,very_low_score,True,True,True,False,False,False,False,False,False,False,False,False,True,True,True,True,True
case_CL120_EHR_117__Kimi-K2,case_CL120_EHR_117__anon_b9dd1084f01938a5,case_CL120_EHR_117,Kimi K2,closed_success,11,52,11,11,2,7,7,7,True,5.5,1,2,12,0,7,,,closed,terminal_safe_handoff_closed,mental_health_somatic,depression_adherence,post_handoff,moderate,external_system_gap,document_or_image_quality_problem | delayed_or_staged_result_return,high,medium,HO1 | HO2 | HO3 | HO4,1,1.0,0,0.0,-1.4,low_score | very_low_score | below_strong | closed_but_low_score | model_specific_weakness | serious_error_any_judge | minor_or_moderate_error_any_judge | important_non_chain_defect_any_judge,very_low_score,True,True,True,False,False,False,False,False,False,False,False,False,True,True,True,True,True
case_CL120_EHR_118__Kimi-K2,case_CL120_EHR_118__anon_e060b2d15f0c2a7c,case_CL120_EHR_118,Kimi K2,closed_success,20,58,20,20,1,5,4,4,True,20.0,1,1,21,0,4,,,closed,terminal_safe_episode_closed,dermatology_ent_ophthalmology,rash_drug_reaction,result_return,heavy,misstated_family_or_patient_information,delayed_or_staged_result_return | low_adherence_or_refusal,high,long,HO1 | HO2 | HO3 | HO4,3.25,3.5,4,1.7853571071357126,0.25,below_strong | sparse_workspace | high_judge_disagreement | workspace_underuse_candidate | serious_error_any_judge | minor_or_moderate_error_any_judge | important_non_chain_defect_any_judge,workspace_underuse_candidate,False,False,True,False,False,False,True,False,True,True,False,False,False,False,True,True,True
case_CL120_EHR_119__Kimi-K2,case_CL120_EHR_119__anon_284930b83a03e96f,case_CL120_EHR_119,Kimi K2,closed_success,13,95,13,13,2,6,4,5,True,6.5,1,3,0,14,52,,,closed,terminal_safe_episode_closed,dermatology_ent_ophthalmology,vision_red_flag,result_return,heavy,cost_transport_or_work_barrier,low_adherence_or_refusal | external_system_gap,high,long,HO1 | HO2 | HO3 | HO4,3,3.0,4,1.5811388300841898,-0.3999999999999999,low_score | below_strong | high_judge_disagreement | closed_but_low_score | serious_error_any_judge | minor_or_moderate_error_any_judge | important_non_chain_defect_any_judge,closed_but_low_score,True,False,True,False,False,False,False,False,True,False,False,False,True,False,True,True,True
case_CL120_EHR_120__Kimi-K2,case_CL120_EHR_120__anon_e623f05fa5dd9da0,case_CL120_EHR_120,Kimi K2,closed_success,9,38,9,9,2,6,5,5,True,4.5,1,2,0,10,2,,,closed,terminal_safe_episode_closed,dermatology_ent_ophthalmology,otitis_sinus_complication,home_execution_failure,heavy,privacy_stigma_or_sensitive_history,external_system_gap | misstated_family_or_patient_information,high,long,HO1 | HO2 | HO3 | HO4,3,3.0,4,1.5811388300841898,0.3500000000000001,low_score | below_strong | high_judge_disagreement | closed_but_low_score | serious_error_any_judge | minor_or_moderate_error_any_judge | important_non_chain_defect_any_judge,closed_but_low_score,True,False,True,False,False,False,False,False,True,False,False,False,True,False,True,True,True
case_CL120_EHR_001__MiniMax-M3,case_CL120_EHR_001__anon_037065201d48441b,case_CL120_EHR_001,MiniMax M3,closed_success,9,35,9,9,1,5,4,4,True,9.0,1,1,10,0,3,,,closed,terminal_safe_episode_closed,cardiovascular,chest_pain_acs_dissection,longitudinal_followup,light,incomplete_patient_information,misstated_family_or_patient_information | cost_transport_or_work_barrier,high,medium,HO1 | HO2 | HO3 | HO4,3,3.0,4,2.0,0.1499999999999999,low_score | below_strong | sparse_workspace | high_judge_disagreement | workspace_underuse_candidate | closed_but_low_score | serious_error_any_judge,workspace_underuse_candidate,True,False,True,False,False,False,True,False,True,True,False,False,True,False,True,False,False
case_CL120_EHR_002__MiniMax-M3,case_CL120_EHR_002__anon_721ea269f2d7696b,case_CL120_EHR_002,MiniMax M3,open_at_100,100,216,100,100,1,5,4,4,True,100.0,1,1,101,0,2,,,open,open_progressing,cardiovascular,heart_failure_decompensation,longitudinal_followup,light,medication_confusion_or_execution_failure,cost_transport_or_work_barrier | privacy_stigma_or_sensitive_history,high,medium,HO1 | HO2 | HO3 | HO4,1.5,1.5,1,0.5,-1.4,low_score | very_low_score | below_strong | high_turn | very_high_turn | sparse_workspace | workspace_underuse_candidate | long_or_tool_intensive_low_score | model_specific_weakness | serious_error_any_judge | minor_or_moderate_error_any_judge | important_non_chain_defect_any_judge,open_at_100,True,True,True,True,True,False,True,False,False,True,False,True,False,True,True,True,True
case_CL120_EHR_003__MiniMax-M3,case_CL120_EHR_003__anon_34d9ef3cf1c6212c,case_CL120_EHR_003,MiniMax M3,closed_success,19,58,19,19,1,5,4,4,True,19.0,1,1,20,0,6,,,closed,terminal_safe_episode_closed,cardiovascular,atrial_fibrillation_anticoagulation,discharge_transition,light,caregiver_conflict_or_fatigue,privacy_stigma_or_sensitive_history | incomplete_patient_information,high,medium,HO1 | HO2 | HO3 | HO4,3.5,3.5,3,1.5,0.5,below_strong | sparse_workspace | high_judge_disagreement | workspace_underuse_candidate | minor_or_moderate_error_any_judge | important_non_chain_defect_any_judge,workspace_underuse_candidate,False,False,True,False,False,False,True,False,True,True,False,False,False,False,False,True,True
case_CL120_EHR_004__MiniMax-M3,case_CL120_EHR_004__anon_7338787e52c555d1,case_CL120_EHR_004,MiniMax M3,closed_success,18,53,18,18,4,4,3,4,True,4.5,1,13,19,0,4,,,closed,terminal_safe_episode_closed,dermatology_ent_ophthalmology,cataract_postoperative_medication_and_followup,discharge_transition,light,document_or_image_quality_problem,incomplete_patient_information | medication_confusion_or_execution_failure,high,medium,HO1 | HO2 | HO3 | HO4,2.75,2.5,4,1.7853571071357126,-0.2999999999999998,low_score | very_low_score | below_strong | high_judge_disagreement | closed_but_low_score | serious_error_any_judge | minor_or_moderate_error_any_judge,very_low_score,True,True,True,False,False,False,False,False,True,False,False,False,True,False,True,True,False
case_CL120_EHR_005__MiniMax-M3,case_CL120_EHR_005__anon_3036616fe9f38caf,case_CL120_EHR_005,MiniMax M3,closed_success,2,11,2,2,0,0,0,0,False,,,,3,0,6,,,closed,terminal_safe_handoff_closed,cardiovascular,syncope,pre_handoff,light,delayed_or_staged_result_return,medication_confusion_or_execution_failure | caregiver_conflict_or_fatigue,high,short,HO1 | HO2 | HO3 | HO4,4.25,5.0,3,1.299038105676658,1.35,no_workspace | sparse_workspace | high_judge_disagreement | minor_or_moderate_error_any_judge,high_judge_disagreement,False,False,False,False,False,True,True,False,True,False,False,False,False,False,False,True,False
case_CL120_EHR_006__MiniMax-M3,case_CL120_EHR_006__anon_04e554fd78b2b2e9,case_CL120_EHR_006,MiniMax M3,closed_success,3,8,3,3,0,0,0,0,False,,,,4,0,1,,,closed,terminal_safe_handoff_closed,cardiovascular,chest_pain_acs_dissection,pre_handoff,light,low_adherence_or_refusal,caregiver_conflict_or_fatigue | document_or_image_quality_problem,high,short,HO1 | HO2 | HO3 | HO4,3.25,3.5,4,1.7853571071357126,-0.3999999999999999,below_strong | no_workspace | sparse_workspace | high_judge_disagreement | workspace_underuse_candidate | serious_error_any_judge | minor_or_moderate_error_any_judge | important_non_chain_defect_any_judge,workspace_underuse_candidate,False,False,True,False,False,True,True,False,True,True,False,False,False,False,True,True,True
case_CL120_EHR_007__MiniMax-M3,case_CL120_EHR_007__anon_ad0ec10d4d10e36d,case_CL120_EHR_007,MiniMax M3,closed_success,9,53,9,9,4,11,10,10,True,2.25,1,4,10,0,2,,,closed,terminal_safe_episode_closed,cardiovascular,heart_failure_decompensation,post_handoff,moderate,external_system_gap,document_or_image_quality_problem | delayed_or_staged_result_return,high,medium,HO1 | HO2 | HO3 | HO4,3.25,3.5,4,1.7853571071357126,0.8999999999999999,below_strong | high_judge_disagreement | serious_error_any_judge | minor_or_moderate_error_any_judge | important_non_chain_defect_any_judge,high_judge_disagreement,False,False,True,False,False,False,False,False,True,False,False,False,False,False,True,True,True
case_CL120_EHR_008__MiniMax-M3,case_CL120_EHR_008__anon_d28ff7abdf332fd4,case_CL120_EHR_008,MiniMax M3,closed_success,10,36,10,10,1,4,4,4,True,10.0,1,1,11,0,3,,,closed,terminal_safe_episode_closed,cardiovascular,atrial_fibrillation_anticoagulation,post_handoff,moderate,misstated_family_or_patient_information,delayed_or_staged_result_return | low_adherence_or_refusal,high,medium,HO1 | HO2 | HO3 | HO4,3,3.0,4,2.0,-0.6000000000000001,low_score | below_strong | sparse_workspace | high_judge_disagreement | workspace_underuse_candidate | closed_but_low_score | serious_error_any_judge | minor_or_moderate_error_any_judge | important_non_chain_defect_any_judge,workspace_underuse_candidate,True,False,True,False,False,False,True,False,True,True,False,False,True,False,True,True,True
case_CL120_EHR_009__MiniMax-M3,case_CL120_EHR_009__anon_db01ae667c325e9d,case_CL120_EHR_009,MiniMax M3,closed_success,25,61,25,25,1,1,1,1,True,25.0,20,20,25,1,7,,,closed,terminal_safe_episode_closed,cardiovascular,hypertension_urgency,result_return,moderate,cost_transport_or_work_barrier,low_adherence_or_refusal | external_system_gap,high,medium,HO1 | HO2 | HO3 | HO4,3,3.0,4,1.5811388300841898,0.10000000000000009,low_score | below_strong | sparse_workspace | high_judge_disagreement | workspace_underuse_candidate | closed_but_low_score | serious_error_any_judge | minor_or_moderate_error_any_judge | important_non_chain_defect_any_judge,workspace_underuse_candidate,True,False,True,False,False,False,True,False,True,True,False,False,True,False,True,True,True
case_CL120_EHR_010__MiniMax-M3,case_CL120_EHR_010__anon_fcf9daf9219c3d41,case_CL120_EHR_010,MiniMax M3,closed_success,20,55,20,20,4,4,4,4,True,5.0,1,15,21,0,2,,,closed,terminal_safe_episode_closed,cardiovascular,syncope,result_return,moderate,privacy_stigma_or_sensitive_history,external_system_gap | misstated_family_or_patient_information,high,medium,HO1 | HO2 | HO3 | HO4,3.25,3.5,4,1.7853571071357126,-0.4500000000000002,below_strong | high_judge_disagreement | serious_error_any_judge | minor_or_moderate_error_any_judge | important_non_chain_defect_any_judge,high_judge_disagreement,False,False,True,False,False,False,False,False,True,False,False,False,False,False,True,True,True
case_CL120_EHR_011__MiniMax-M3,case_CL120_EHR_011__anon_df3b9feededcc129,case_CL120_EHR_011,MiniMax M3,closed_success,25,59,25,25,2,2,1,2,True,12.5,1,21,26,0,3,,,closed,terminal_safe_episode_closed,cardiovascular,chest_pain_acs_dissection,home_execution_failure,moderate,incomplete_patient_information,misstated_family_or_patient_information | cost_transport_or_work_barrier,high,medium,HO1 | HO2 | HO3 | HO4,3.75,4.5,4,1.6393596310755,0.7999999999999998,high_judge_disagreement | serious_error_any_judge | minor_or_moderate_error_any_judge | important_non_chain_defect_any_judge,high_judge_disagreement,False,False,False,False,False,False,False,False,True,False,False,False,False,False,True,True,True
case_CL120_EHR_012__MiniMax-M3,case_CL120_EHR_012__anon_ad1eed86bc3b59eb,case_CL120_EHR_012,MiniMax M3,closed_success,51,121,51,51,2,3,3,3,True,25.5,1,3,52,0,9,,,closed,terminal_safe_episode_closed,cardiovascular,heart_failure_decompensation,longitudinal_followup,moderate,medication_confusion_or_execution_failure,cost_transport_or_work_barrier | privacy_stigma_or_sensitive_history,high,medium,HO1 | HO2 | HO3 | HO4,2.75,2.5,4,1.7853571071357126,-0.7000000000000002,low_score | very_low_score | below_strong | high_turn | high_judge_disagreement | long_or_tool_intensive_low_score | closed_but_low_score | serious_error_any_judge,very_low_score,True,True,True,True,False,False,False,False,True,False,False,True,True,False,True,False,False
case_CL120_EHR_013__MiniMax-M3,case_CL120_EHR_013__anon_bccf6676987c2f85,case_CL120_EHR_013,MiniMax M3,closed_success,26,68,26,26,5,5,3,5,True,5.2,1,15,27,0,2,,,closed,terminal_safe_episode_closed,cardiovascular,atrial_fibrillation_anticoagulation,longitudinal_followup,moderate,caregiver_conflict_or_fatigue,privacy_stigma_or_sensitive_history | incomplete_patient_information,high,medium,HO1 | HO2 | HO3 | HO4,4,5.0,4,1.7320508075688772,1.4,high_judge_disagreement | serious_error_any_judge,high_judge_disagreement,False,False,False,False,False,False,False,False,True,False,False,False,False,False,True,False,False
case_CL120_EHR_014__MiniMax-M3,case_CL120_EHR_014__anon_00e2449a9fd4d50a,case_CL120_EHR_014,MiniMax M3,closed_success,9,31,9,9,2,3,3,3,True,4.5,1,2,10,0,3,,,closed,terminal_safe_episode_closed,cardiovascular,hypertension_urgency,discharge_transition,moderate,document_or_image_quality_problem,incomplete_patient_information | medication_confusion_or_execution_failure,high,medium,HO1 | HO2 | HO3 | HO4,3,3.0,4,1.5811388300841898,-0.10000000000000009,low_score | below_strong | high_judge_disagreement | closed_but_low_score | serious_error_any_judge | minor_or_moderate_error_any_judge | important_non_chain_defect_any_judge,closed_but_low_score,True,False,True,False,False,False,False,False,True,False,False,False,True,False,True,True,True
case_CL120_EHR_015__MiniMax-M3,case_CL120_EHR_015__anon_c750b02d848c03ab,case_CL120_EHR_015,MiniMax M3,closed_success,21,51,21,21,1,1,1,1,True,21.0,1,1,22,0,5,,,closed,terminal_safe_episode_closed,respiratory,suspected_pulmonary_embolism_result_and_anticoagulation_followup,result_return,heavy,delayed_or_staged_result_return,medication_confusion_or_execution_failure | caregiver_conflict_or_fatigue,high,long,HO1 | HO2 | HO3 | HO4,2,1.0,4,1.7320508075688772,-2.65,low_score | very_low_score | below_strong | sparse_workspace | high_judge_disagreement | workspace_underuse_candidate | closed_but_low_score | model_specific_weakness | serious_error_any_judge,very_low_score,True,True,True,False,False,False,True,False,True,True,False,False,True,True,True,False,False
case_CL120_EHR_016__MiniMax-M3,case_CL120_EHR_016__anon_89b2d745f36e475a,case_CL120_EHR_016,MiniMax M3,closed_success,6,21,6,6,1,1,1,1,True,6.0,2,2,7,0,5,,,closed,terminal_safe_handoff_closed,respiratory,pneumonia,pre_handoff,heavy,low_adherence_or_refusal,caregiver_conflict_or_fatigue | document_or_image_quality_problem,high,long,HO1 | HO2 | HO3 | HO4,2.25,1.5,4,1.6393596310755,-1.5,low_score | very_low_score | below_strong | sparse_workspace | high_judge_disagreement | workspace_underuse_candidate | closed_but_low_score | model_specific_weakness | serious_error_any_judge | minor_or_moderate_error_any_judge | important_non_chain_defect_any_judge,very_low_score,True,True,True,False,False,False,True,False,True,True,False,False,True,True,True,True,True
case_CL120_EHR_017__MiniMax-M3,case_CL120_EHR_017__anon_d1ce0c9e76f304d3,case_CL120_EHR_017,MiniMax M3,closed_success,66,156,66,66,4,5,5,5,True,16.5,2,34,67,0,8,,,closed,terminal_safe_episode_closed,respiratory,lung_nodule_mass,post_handoff,heavy,external_system_gap,document_or_image_quality_problem | delayed_or_staged_result_return,high,long,HO1 | HO2 | HO3 | HO4,3,3.0,4,1.5811388300841898,-1.2000000000000002,low_score | below_strong | high_turn | high_judge_disagreement | long_or_tool_intensive_low_score | closed_but_low_score | model_specific_weakness | serious_error_any_judge | minor_or_moderate_error_any_judge | important_non_chain_defect_any_judge,long_or_tool_intensive_low_score,True,False,True,True,False,False,False,False,True,False,False,True,True,True,True,True,True
case_CL120_EHR_018__MiniMax-M3,case_CL120_EHR_018__anon_3cfd8bc03f3ff71f,case_CL120_EHR_018,MiniMax M3,closed_success,10,30,10,10,2,2,2,2,True,5.0,1,2,11,0,3,,,closed,terminal_safe_episode_closed,respiratory,pulmonary_embolism,post_handoff,extreme,misstated_family_or_patient_information,delayed_or_staged_result_return | low_adherence_or_refusal,high,extra_long,HO1 | HO2 | HO3 | HO4,3.5,3.5,3,1.5,0.8999999999999999,below_strong | high_judge_disagreement | minor_or_moderate_error_any_judge,high_judge_disagreement,False,False,True,False,False,False,False,False,True,False,False,False,False,False,False,True,False
case_CL120_EHR_019__MiniMax-M3,case_CL120_EHR_019__anon_154358a3be925397,case_CL120_EHR_019,MiniMax M3,closed_success,4,32,4,4,3,7,6,6,True,1.3333333333333333,1,3,5,0,4,,,closed,terminal_safe_episode_closed,respiratory,home_oxygen_or_inhaler_execution,post_handoff,light,cost_transport_or_work_barrier,low_adherence_or_refusal | external_system_gap,high,medium,HO1 | HO2 | HO3 | HO4,2.5,2.0,2,0.8660254037844386,-1.5499999999999998,low_score | very_low_score | below_strong | high_judge_disagreement | closed_but_low_score | model_specific_weakness | minor_or_moderate_error_any_judge,very_low_score,True,True,True,False,False,False,False,False,True,False,False,False,True,True,False,True,False
case_CL120_EHR_020__MiniMax-M3,case_CL120_EHR_020__anon_8504b10915f02746,case_CL120_EHR_020,MiniMax M3,closed_success,3,20,3,3,1,3,3,3,True,3.0,1,1,4,0,4,,,closed,terminal_safe_episode_closed,respiratory,asthma_copd_exacerbation,result_return,light,privacy_stigma_or_sensitive_history,external_system_gap | misstated_family_or_patient_information,high,medium,HO1 | HO2 | HO3 | HO4,2,2.0,2,0.7071067811865476,0.10000000000000009,low_score | very_low_score | below_strong | sparse_workspace | high_judge_disagreement | workspace_underuse_candidate | closed_but_low_score | serious_error_any_judge | minor_or_moderate_error_any_judge,very_low_score,True,True,True,False,False,False,True,False,True,True,False,False,True,False,True,True,False
case_CL120_EHR_021__MiniMax-M3,case_CL120_EHR_021__anon_fbeed10c51a60c24,case_CL120_EHR_021,MiniMax M3,open_at_100,100,228,100,100,7,8,8,8,True,14.285714285714286,1,94,101,0,3,,,soft_closed,milestone_closed_but_not_terminal,respiratory,pneumonia,result_return,light,incomplete_patient_information,misstated_family_or_patient_information | cost_transport_or_work_barrier,high,medium,HO1 | HO2 | HO3 | HO4,2.5,2.5,3,1.5,-0.5499999999999998,low_score | very_low_score | below_strong | high_turn | very_high_turn | heavy_workspace | high_judge_disagreement | workspace_overuse_candidate | long_or_tool_intensive_low_score | serious_error_any_judge | minor_or_moderate_error_any_judge | important_non_chain_defect_any_judge,open_at_100,True,True,True,True,True,False,False,True,True,False,True,True,False,False,True,True,True
case_CL120_EHR_022__MiniMax-M3,case_CL120_EHR_022__anon_34ad9f0f27de7d69,case_CL120_EHR_022,MiniMax M3,closed_success,4,21,4,4,3,3,3,3,True,1.3333333333333333,1,3,0,5,3,,,closed,terminal_safe_episode_closed,respiratory,lung_nodule_mass,home_execution_failure,light,medication_confusion_or_execution_failure,cost_transport_or_work_barrier | privacy_stigma_or_sensitive_history,high,medium,HO1 | HO2 | HO3 | HO4,2.5,2.0,4,1.5,0.1499999999999999,low_score | very_low_score | below_strong | high_judge_disagreement | closed_but_low_score | serious_error_any_judge | minor_or_moderate_error_any_judge | important_non_chain_defect_any_judge,very_low_score,True,True,True,False,False,False,False,False,True,False,False,False,True,False,True,True,True
case_CL120_EHR_023__MiniMax-M3,case_CL120_EHR_023__anon_c880c14f2aa82fd7,case_CL120_EHR_023,MiniMax M3,closed_success,8,26,8,8,2,2,2,2,True,4.0,2,4,9,0,3,,,closed,terminal_safe_episode_closed,respiratory,pulmonary_embolism,longitudinal_followup,light,caregiver_conflict_or_fatigue,privacy_stigma_or_sensitive_history | incomplete_patient_information,high,medium,HO1 | HO2 | HO3 | HO4,2.75,2.5,4,1.7853571071357126,0.6000000000000001,low_score | very_low_score | below_strong | high_judge_disagreement | closed_but_low_score | serious_error_any_judge | minor_or_moderate_error_any_judge,very_low_score,True,True,True,False,False,False,False,False,True,False,False,False,True,False,True,True,False
case_CL120_EHR_024__MiniMax-M3,case_CL120_EHR_024__anon_8f261146e35e9446,case_CL120_EHR_024,MiniMax M3,closed_success,5,30,5,5,3,5,5,5,True,1.6666666666666667,1,3,6,0,4,,,closed,terminal_safe_episode_closed,respiratory,home_oxygen_or_inhaler_execution,longitudinal_followup,moderate,document_or_image_quality_problem,incomplete_patient_information | medication_confusion_or_execution_failure,high,medium,HO1 | HO2 | HO3 | HO4,1.25,1.0,1,0.4330127018922193,-1.6,low_score | very_low_score | below_strong | closed_but_low_score | model_specific_weakness | serious_error_any_judge | minor_or_moderate_error_any_judge | important_non_chain_defect_any_judge,very_low_score,True,True,True,False,False,False,False,False,False,False,False,False,True,True,True,True,True
case_CL120_EHR_025__MiniMax-M3,case_CL120_EHR_025__anon_1ad70c07d27afa5b,case_CL120_EHR_025,MiniMax M3,runtime_error,30,70,29,29,2,2,2,2,True,15.0,1,2,30,0,5,content_filter_400,RuntimeError,open,,respiratory,asthma_copd_exacerbation,discharge_transition,moderate,delayed_or_staged_result_return,medication_confusion_or_execution_failure | caregiver_conflict_or_fatigue,high,medium,HO1 | HO2 | HO3 | HO4,1.25,1.0,1,0.4330127018922193,-2.4,low_score | very_low_score | below_strong | model_specific_weakness | serious_error_any_judge | minor_or_moderate_error_any_judge | important_non_chain_defect_any_judge,runtime_error,True,True,True,False,False,False,False,False,False,False,False,False,False,True,True,True,True
case_CL120_EHR_026__MiniMax-M3,case_CL120_EHR_026__anon_658015288f0ac5b8,case_CL120_EHR_026,MiniMax M3,open_at_100,100,207,100,100,1,1,0,1,True,100.0,5,5,101,0,4,,,soft_closed,milestone_closed_but_not_terminal,respiratory,pneumonia,palliative_terminal,moderate,low_adherence_or_refusal,caregiver_conflict_or_fatigue | document_or_image_quality_problem,high,medium,HO1 | HO2 | HO3 | HO4,2.25,1.5,4,1.6393596310755,-1.2999999999999998,low_score | very_low_score | below_strong | high_turn | very_high_turn | sparse_workspace | high_judge_disagreement | workspace_underuse_candidate | long_or_tool_intensive_low_score | model_specific_weakness | serious_error_any_judge | minor_or_moderate_error_any_judge | important_non_chain_defect_any_judge,open_at_100,True,True,True,True,True,False,True,False,True,True,False,True,False,True,True,True,True
case_CL120_EHR_027__MiniMax-M3,case_CL120_EHR_027__anon_8acccf11a35ae044,case_CL120_EHR_027,MiniMax M3,closed_success,3,22,3,3,1,4,4,4,True,3.0,1,1,4,0,3,,,closed,terminal_safe_handoff_closed,endocrine_metabolic,diabetes_sick_day,pre_handoff,moderate,external_system_gap,document_or_image_quality_problem | delayed_or_staged_result_return,high,medium,HO1 | HO2 | HO3 | HO4,2.5,2.5,3,1.5,0.04999999999999982,low_score | very_low_score | below_strong | sparse_workspace | high_judge_disagreement | workspace_underuse_candidate | closed_but_low_score | serious_error_any_judge | minor_or_moderate_error_any_judge,very_low_score,True,True,True,False,False,False,True,False,True,True,False,False,True,False,True,True,False
case_CL120_EHR_028__MiniMax-M3,case_CL120_EHR_028__anon_1b0c6cdb0bf3b654,case_CL120_EHR_028,MiniMax M3,closed_success,19,49,19,19,2,2,2,2,True,9.5,1,11,20,0,4,,,closed,terminal_safe_episode_closed,endocrine_metabolic,hypoglycemia,post_handoff,moderate,misstated_family_or_patient_information,delayed_or_staged_result_return | low_adherence_or_refusal,high,medium,HO1 | HO2 | HO3 | HO4,2.75,2.5,4,1.7853571071357126,0.6000000000000001,low_score | very_low_score | below_strong | high_judge_disagreement | closed_but_low_score | serious_error_any_judge | minor_or_moderate_error_any_judge,very_low_score,True,True,True,False,False,False,False,False,True,False,False,False,True,False,True,True,False
case_CL120_EHR_029__MiniMax-M3,case_CL120_EHR_029__anon_26e1591fa083b850,case_CL120_EHR_029,MiniMax M3,closed_success,23,76,23,23,4,8,7,7,True,5.75,1,7,24,0,7,,,closed,terminal_safe_episode_closed,endocrine_metabolic,thyroid_dysfunction,post_handoff,moderate,cost_transport_or_work_barrier,low_adherence_or_refusal | external_system_gap,high,medium,HO1 | HO2 | HO3 | HO4,2.75,2.5,4,1.7853571071357126,-1.2999999999999998,low_score | very_low_score | below_strong | high_judge_disagreement | closed_but_low_score | model_specific_weakness | serious_error_any_judge | minor_or_moderate_error_any_judge,very_low_score,True,True,True,False,False,False,False,False,True,False,False,False,True,True,True,True,False
case_CL120_EHR_030__MiniMax-M3,case_CL120_EHR_030__anon_bb2bf3be1454348a,case_CL120_EHR_030,MiniMax M3,open_at_100,100,215,100,100,4,4,3,4,True,25.0,1,84,101,0,3,,,open,open_progressing,endocrine_metabolic,steroid_or_insulin_adjustment,post_handoff,moderate,privacy_stigma_or_sensitive_history,external_system_gap | misstated_family_or_patient_information,high,medium,HO1 | HO2 | HO3 | HO4,2.25,2.0,3,1.299038105676658,-0.2999999999999998,low_score | very_low_score | below_strong | high_turn | very_high_turn | high_judge_disagreement | long_or_tool_intensive_low_score | serious_error_any_judge | minor_or_moderate_error_any_judge,open_at_100,True,True,True,True,True,False,False,False,True,False,False,True,False,False,True,True,False
case_CL120_EHR_031__MiniMax-M3,case_CL120_EHR_031__anon_0601e326e9c02e9a,case_CL120_EHR_031,MiniMax M3,closed_success,10,47,10,10,3,8,7,7,True,3.3333333333333335,1,3,0,11,4,,,closed,terminal_safe_episode_closed,endocrine_metabolic,obesity_sleep_apnea_metabolic_risk,result_return,moderate,incomplete_patient_information,misstated_family_or_patient_information | cost_transport_or_work_barrier,high,medium,HO1 | HO2 | HO3 | HO4,3,3.0,4,2.0,0.3999999999999999,low_score | below_strong | high_judge_disagreement | closed_but_low_score | serious_error_any_judge | minor_or_moderate_error_any_judge | important_non_chain_defect_any_judge,closed_but_low_score,True,False,True,False,False,False,False,False,True,False,False,False,True,False,True,True,True
case_CL120_EHR_032__MiniMax-M3,case_CL120_EHR_032__anon_3d3ba3003bef6f2e,case_CL120_EHR_032,MiniMax M3,open_at_100,100,221,100,100,2,6,5,5,True,50.0,1,13,66,35,3,,,open,open_progressing,endocrine_metabolic,diabetes_sick_day,result_return,moderate,medication_confusion_or_execution_failure,cost_transport_or_work_barrier | privacy_stigma_or_sensitive_history,high,medium,HO1 | HO2 | HO3 | HO4,2.75,2.5,4,1.7853571071357126,0.20000000000000018,low_score | very_low_score | below_strong | high_turn | very_high_turn | high_judge_disagreement | long_or_tool_intensive_low_score | serious_error_any_judge | minor_or_moderate_error_any_judge | important_non_chain_defect_any_judge,open_at_100,True,True,True,True,True,False,False,False,True,False,False,True,False,False,True,True,True
case_CL120_EHR_033__MiniMax-M3,case_CL120_EHR_033__anon_7f3bb961f0f02053,case_CL120_EHR_033,MiniMax M3,closed_success,23,56,23,23,1,1,1,1,True,23.0,2,2,24,0,6,,,closed,terminal_safe_episode_closed,endocrine_metabolic,hypoglycemia,home_execution_failure,heavy,caregiver_conflict_or_fatigue,privacy_stigma_or_sensitive_history | incomplete_patient_information,high,long,HO1 | HO2 | HO3 | HO4,3.5,4.0,4,1.6583123951777,0.75,sparse_workspace | high_judge_disagreement | serious_error_any_judge | important_non_chain_defect_any_judge,high_judge_disagreement,False,False,False,False,False,False,True,False,True,False,False,False,False,False,True,False,True
case_CL120_EHR_034__MiniMax-M3,case_CL120_EHR_034__anon_e2b522a03c271d8f,case_CL120_EHR_034,MiniMax M3,closed_success,32,79,32,32,3,4,4,4,True,10.666666666666666,1,19,0,33,2,,,closed,terminal_safe_episode_closed,endocrine_metabolic,thyroid_dysfunction,longitudinal_followup,heavy,document_or_image_quality_problem,incomplete_patient_information | medication_confusion_or_execution_failure,high,long,HO1 | HO2 | HO3 | HO4,2.5,2.0,4,1.5,-0.3999999999999999,low_score | very_low_score | below_strong | high_judge_disagreement | closed_but_low_score | serious_error_any_judge | minor_or_moderate_error_any_judge | important_non_chain_defect_any_judge,very_low_score,True,True,True,False,False,False,False,False,True,False,False,False,True,False,True,True,True
case_CL120_EHR_035__MiniMax-M3,case_CL120_EHR_035__anon_36267f83158dfb80,case_CL120_EHR_035,MiniMax M3,runtime_error,51,177,50,50,12,23,22,21,True,4.25,1,50,0,51,9,content_filter_400,RuntimeError,open,,endocrine_metabolic,steroid_or_insulin_adjustment,longitudinal_followup,extreme,delayed_or_staged_result_return,medication_confusion_or_execution_failure | caregiver_conflict_or_fatigue,high,extra_long,HO1 | HO2 | HO3 | HO4,3.75,4.5,4,1.6393596310755,1.9,high_turn | heavy_workspace | high_judge_disagreement | serious_error_any_judge | minor_or_moderate_error_any_judge | important_non_chain_defect_any_judge,runtime_error,False,False,False,True,False,False,False,True,True,False,False,False,False,False,True,True,True
case_CL120_EHR_036__MiniMax-M3,case_CL120_EHR_036__anon_26feddf454c638cc,case_CL120_EHR_036,MiniMax M3,runtime_error,60,147,59,59,5,9,8,8,True,12.0,1,49,0,60,3,content_filter_400,RuntimeError,open,,endocrine_metabolic,obesity_sleep_apnea_metabolic_risk,discharge_transition,light,low_adherence_or_refusal,caregiver_conflict_or_fatigue | document_or_image_quality_problem,high,medium,HO1 | HO2 | HO3 | HO4,3,3.5,3,1.224744871391589,1.5,below_strong | high_turn | high_judge_disagreement | long_or_tool_intensive_low_score | serious_error_any_judge | important_non_chain_defect_any_judge,runtime_error,False,False,True,True,False,False,False,False,True,False,False,True,False,False,True,False,True
case_CL120_EHR_037__MiniMax-M3,case_CL120_EHR_037__anon_b8129acb10ae698b,case_CL120_EHR_037,MiniMax M3,runtime_error,42,102,42,42,1,5,4,4,True,42.0,1,1,41,1,5,content_filter_400,RuntimeError,open,,endocrine_metabolic,diabetic_foot_wound_and_sick_day_medication_safety,home_execution_failure,light,external_system_gap,document_or_image_quality_problem | delayed_or_staged_result_return,high,medium,HO1 | HO2 | HO3 | HO4,2.5,2.5,3,1.5,-0.75,low_score | very_low_score | below_strong | sparse_workspace | high_judge_disagreement | workspace_underuse_candidate | serious_error_any_judge | minor_or_moderate_error_any_judge | important_non_chain_defect_any_judge,runtime_error,True,True,True,False,False,False,True,False,True,True,False,False,False,False,True,True,True
case_CL120_EHR_038__MiniMax-M3,case_CL120_EHR_038__anon_ded8bdfca4bdbfac,case_CL120_EHR_038,MiniMax M3,closed_success,27,62,27,27,2,2,2,2,True,13.5,1,3,28,0,1,,,closed,terminal_safe_handoff_closed,endocrine_metabolic,postoperative_glucose_variability_and_medication_safety,home_execution_failure,light,misstated_family_or_patient_information,delayed_or_staged_result_return | low_adherence_or_refusal,high,short,HO1 | HO2 | HO3 | HO4,2.75,2.5,4,1.7853571071357126,-0.6499999999999999,low_score | very_low_score | below_strong | high_judge_disagreement | closed_but_low_score | serious_error_any_judge | important_non_chain_defect_any_judge,very_low_score,True,True,True,False,False,False,False,False,True,False,False,False,True,False,True,False,True
case_CL120_EHR_039__MiniMax-M3,case_CL120_EHR_039__anon_725764ecbc65c758,case_CL120_EHR_039,MiniMax M3,closed_success,27,64,27,27,2,2,2,2,True,13.5,1,2,0,28,3,,,closed,terminal_safe_episode_closed,renal_urology,ckd_med_reconciliation,post_handoff,light,cost_transport_or_work_barrier,low_adherence_or_refusal | external_system_gap,high,medium,HO1 | HO2 | HO3 | HO4,2.25,1.5,4,1.6393596310755,-0.75,low_score | very_low_score | below_strong | high_judge_disagreement | closed_but_low_score | serious_error_any_judge | minor_or_moderate_error_any_judge | important_non_chain_defect_any_judge,very_low_score,True,True,True,False,False,False,False,False,True,False,False,False,True,False,True,True,True
case_CL120_EHR_040__MiniMax-M3,case_CL120_EHR_040__anon_d7fdc68fc644e6c7,case_CL120_EHR_040,MiniMax M3,closed_success,16,52,16,16,2,6,5,5,True,8.0,1,2,17,0,3,,,closed,terminal_safe_episode_closed,renal_urology,uti_culture_action,post_handoff,light,privacy_stigma_or_sensitive_history,external_system_gap | misstated_family_or_patient_information,high,medium,HO1 | HO2 | HO3 | HO4,3.75,4.0,3,1.0897247358851685,1.15,high_judge_disagreement | minor_or_moderate_error_any_judge | important_non_chain_defect_any_judge,high_judge_disagreement,False,False,False,False,False,False,False,False,True,False,False,False,False,False,False,True,True
case_CL120_EHR_041__MiniMax-M3,case_CL120_EHR_041__anon_79963b77d25894fb,case_CL120_EHR_041,MiniMax M3,runtime_error,8,34,7,7,2,5,5,5,True,4.0,1,2,8,0,4,content_filter_400,RuntimeError,open,,renal_urology,renal_function_abnormality_warning_and_result_followup,result_return,moderate,incomplete_patient_information,misstated_family_or_patient_information | cost_transport_or_work_barrier,high,medium,HO1 | HO2 | HO3 | HO4,3.5,4.0,4,1.5,0.4500000000000002,high_judge_disagreement | serious_error_any_judge | minor_or_moderate_error_any_judge | important_non_chain_defect_any_judge,runtime_error,False,False,False,False,False,False,False,False,True,False,False,False,False,False,True,True,True
case_CL120_EHR_042__MiniMax-M3,case_CL120_EHR_042__anon_2b88e4dbcbc086c3,case_CL120_EHR_042,MiniMax M3,closed_success,9,40,9,9,2,6,6,6,True,4.5,1,2,0,10,3,,,closed,terminal_safe_episode_closed,renal_urology,stone_colic,result_return,moderate,medication_confusion_or_execution_failure,cost_transport_or_work_barrier | privacy_stigma_or_sensitive_history,high,medium,HO1 | HO2 | HO3 | HO4,4,5.0,4,1.7320508075688772,2.2,high_judge_disagreement | serious_error_any_judge | minor_or_moderate_error_any_judge | important_non_chain_defect_any_judge,high_judge_disagreement,False,False,False,False,False,False,False,False,True,False,False,False,False,False,True,True,True
case_CL120_EHR_043__MiniMax-M3,case_CL120_EHR_043__anon_cb84bb4f1e8060f8,case_CL120_EHR_043,MiniMax M3,runtime_error,3,14,2,2,1,2,2,2,True,3.0,1,1,3,0,3,content_filter_400,RuntimeError,open,,renal_urology,anticoagulation_and_hematuria,home_execution_failure,moderate,caregiver_conflict_or_fatigue,privacy_stigma_or_sensitive_history | incomplete_patient_information,high,medium,HO1 | HO2 | HO3 | HO4,1.75,1.0,3,1.299038105676658,-2.4,low_score | very_low_score | below_strong | sparse_workspace | high_judge_disagreement | workspace_underuse_candidate | model_specific_weakness | serious_error_any_judge | minor_or_moderate_error_any_judge,runtime_error,True,True,True,False,False,False,True,False,True,True,False,False,False,True,True,True,False
case_CL120_EHR_044__MiniMax-M3,case_CL120_EHR_044__anon_498321c67fbefd11,case_CL120_EHR_044,MiniMax M3,closed_success,18,41,18,18,1,1,1,1,True,18.0,1,1,13,6,1,,,closed,terminal_safe_episode_closed,renal_urology,ckd_med_reconciliation,home_execution_failure,moderate,document_or_image_quality_problem,incomplete_patient_information | medication_confusion_or_execution_failure,high,medium,HO1 | HO2 | HO3 | HO4,3,3.0,4,1.5811388300841898,-0.5499999999999998,low_score | below_strong | sparse_workspace | high_judge_disagreement | workspace_underuse_candidate | closed_but_low_score | serious_error_any_judge | minor_or_moderate_error_any_judge | important_non_chain_defect_any_judge,workspace_underuse_candidate,True,False,True,False,False,False,True,False,True,True,False,False,True,False,True,True,True
case_CL120_EHR_045__MiniMax-M3,case_CL120_EHR_045__anon_89b5b06caa3c79a7,case_CL120_EHR_045,MiniMax M3,closed_success,35,109,35,35,5,13,11,11,True,7.0,1,15,15,21,3,,,closed,terminal_safe_episode_closed,renal_urology,uti_culture_action,longitudinal_followup,moderate,delayed_or_staged_result_return,medication_confusion_or_execution_failure | caregiver_conflict_or_fatigue,high,medium,HO1 | HO2 | HO3 | HO4,2,1.0,4,1.7320508075688772,-1.1,low_score | very_low_score | below_strong | high_judge_disagreement | closed_but_low_score | model_specific_weakness | serious_error_any_judge | minor_or_moderate_error_any_judge | important_non_chain_defect_any_judge,very_low_score,True,True,True,False,False,False,False,False,True,False,False,False,True,True,True,True,True
case_CL120_EHR_046__MiniMax-M3,case_CL120_EHR_046__anon_b7bd3781e30061f8,case_CL120_EHR_046,MiniMax M3,open_at_100,100,218,100,100,3,4,4,4,True,33.333333333333336,1,72,101,0,5,,,open,open_progressing,renal_urology,aki_warning,longitudinal_followup,moderate,low_adherence_or_refusal,caregiver_conflict_or_fatigue | document_or_image_quality_problem,high,medium,HO1 | HO2 | HO3 | HO4,2.5,2.5,3,1.5,-0.8500000000000001,low_score | very_low_score | below_strong | high_turn | very_high_turn | high_judge_disagreement | long_or_tool_intensive_low_score | serious_error_any_judge | minor_or_moderate_error_any_judge | important_non_chain_defect_any_judge,open_at_100,True,True,True,True,True,False,False,False,True,False,False,True,False,False,True,True,True
case_CL120_EHR_047__MiniMax-M3,case_CL120_EHR_047__anon_2e3db0afb5f0e32f,case_CL120_EHR_047,MiniMax M3,closed_success,10,29,10,10,1,2,2,2,True,10.0,1,1,11,0,2,,,closed,terminal_safe_episode_closed,renal_urology,stone_colic,discharge_transition,moderate,external_system_gap,document_or_image_quality_problem | delayed_or_staged_result_return,high,medium,HO1 | HO2 | HO3 | HO4,3.25,3.0,3,1.299038105676658,0.7000000000000002,low_score | below_strong | sparse_workspace | high_judge_disagreement | workspace_underuse_candidate | closed_but_low_score | minor_or_moderate_error_any_judge,workspace_underuse_candidate,True,False,True,False,False,False,True,False,True,True,False,False,True,False,False,True,False
case_CL120_EHR_048__MiniMax-M3,case_CL120_EHR_048__anon_54ba6deba376961f,case_CL120_EHR_048,MiniMax M3,runtime_error,2,18,1,1,1,4,4,4,True,2.0,1,1,2,0,3,content_filter_400,RuntimeError,open,,renal_urology,renal_function_electrolyte_and_urine_color_medication_safety,home_execution_failure,moderate,misstated_family_or_patient_information,delayed_or_staged_result_return | low_adherence_or_refusal,high,medium,HO1 | HO2 | HO3 | HO4,1,1.0,0,0.0,-2.0,low_score | very_low_score | below_strong | sparse_workspace | workspace_underuse_candidate | model_specific_weakness | serious_error_any_judge | minor_or_moderate_error_any_judge | important_non_chain_defect_any_judge,runtime_error,True,True,True,False,False,False,True,False,False,True,False,False,False,True,True,True,True
case_CL120_EHR_049__MiniMax-M3,case_CL120_EHR_049__anon_6375822f0887a68b,case_CL120_EHR_049,MiniMax M3,closed_success,14,53,14,14,3,7,7,7,True,4.666666666666667,1,3,0,15,3,,,closed,terminal_safe_episode_closed,respiratory,pulmonary_sequestration_interventional_planning_and_cost_barrier,pre_handoff,moderate,cost_transport_or_work_barrier,low_adherence_or_refusal | external_system_gap,high,medium,HO1 | HO2 | HO3 | HO4,3.5,3.5,3,1.5,0.3500000000000001,below_strong | high_judge_disagreement | minor_or_moderate_error_any_judge | important_non_chain_defect_any_judge,high_judge_disagreement,False,False,True,False,False,False,False,False,True,False,False,False,False,False,False,True,True
case_CL120_EHR_050__MiniMax-M3,case_CL120_EHR_050__anon_a8f9f70e59f6df21,case_CL120_EHR_050,MiniMax M3,runtime_error,9,35,8,8,1,5,4,4,True,9.0,1,1,9,0,5,content_filter_400,RuntimeError,open,,gastro_hepatology,viral_hepatitis_cirrhosis,post_handoff,heavy,privacy_stigma_or_sensitive_history,external_system_gap | misstated_family_or_patient_information,high,long,HO1 | HO2 | HO3 | HO4,2.25,2.0,3,1.0897247358851685,0.0,low_score | very_low_score | below_strong | sparse_workspace | high_judge_disagreement | workspace_underuse_candidate | serious_error_any_judge | minor_or_moderate_error_any_judge | important_non_chain_defect_any_judge,runtime_error,True,True,True,False,False,False,True,False,True,True,False,False,False,False,True,True,True
case_CL120_EHR_051__MiniMax-M3,case_CL120_EHR_051__anon_3d24538bff81f6da,case_CL120_EHR_051,MiniMax M3,runtime_error,3,25,2,2,2,6,5,5,True,1.5,1,2,3,0,4,content_filter_400,RuntimeError,open,,gastro_hepatology,abdominal_pain,post_handoff,heavy,incomplete_patient_information,misstated_family_or_patient_information | cost_transport_or_work_barrier,high,long,HO1 | HO2 | HO3 | HO4,1.25,1.0,1,0.4330127018922193,-1.85,low_score | very_low_score | below_strong | model_specific_weakness | serious_error_any_judge | minor_or_moderate_error_any_judge,runtime_error,True,True,True,False,False,False,False,False,False,False,False,False,False,True,True,True,False
case_CL120_EHR_052__MiniMax-M3,case_CL120_EHR_052__anon_c4bd786cec32dd1e,case_CL120_EHR_052,MiniMax M3,runtime_error,10,48,9,9,5,8,7,8,True,2.0,1,10,10,0,6,content_filter_400,RuntimeError,open,,gastro_hepatology,pancreatitis,result_return,extreme,medication_confusion_or_execution_failure,cost_transport_or_work_barrier | privacy_stigma_or_sensitive_history,high,extra_long,HO1 | HO2 | HO3 | HO4,1.25,1.0,1,0.4330127018922193,-1.85,low_score | very_low_score | below_strong | model_specific_weakness | serious_error_any_judge | minor_or_moderate_error_any_judge,runtime_error,True,True,True,False,False,False,False,False,False,False,False,False,False,True,True,True,False
case_CL120_EHR_053__MiniMax-M3,case_CL120_EHR_053__anon_c09b05b6c9f7c312,case_CL120_EHR_053,MiniMax M3,closed_success,15,44,15,15,3,4,4,4,True,5.0,1,3,16,0,1,,,closed,terminal_safe_episode_closed,renal_urology,lupus_nephritis_steroid_and_followup_after_negative_covid_result,result_return,light,caregiver_conflict_or_fatigue,privacy_stigma_or_sensitive_history | incomplete_patient_information,high,medium,HO1 | HO2 | HO3 | HO4,4.25,5.0,3,1.299038105676658,1.15,high_judge_disagreement | minor_or_moderate_error_any_judge | important_non_chain_defect_any_judge,high_judge_disagreement,False,False,False,False,False,False,False,False,True,False,False,False,False,False,False,True,True
case_CL120_EHR_054__MiniMax-M3,case_CL120_EHR_054__anon_f596bd95d688e47e,case_CL120_EHR_054,MiniMax M3,closed_success,5,29,5,5,4,5,4,5,True,1.25,1,5,6,0,4,,,closed,terminal_safe_episode_closed,gastro_hepatology,gi_bleeding,home_execution_failure,light,document_or_image_quality_problem,incomplete_patient_information | medication_confusion_or_execution_failure,high,medium,HO1 | HO2 | HO3 | HO4,3,3.0,4,2.0,0.7999999999999998,low_score | below_strong | high_judge_disagreement | closed_but_low_score | serious_error_any_judge | minor_or_moderate_error_any_judge | important_non_chain_defect_any_judge,closed_but_low_score,True,False,True,False,False,False,False,False,True,False,False,False,True,False,True,True,True
case_CL120_EHR_055__MiniMax-M3,case_CL120_EHR_055__anon_229fe60ff41974f5,case_CL120_EHR_055,MiniMax M3,closed_success,7,25,7,7,1,2,2,2,True,7.0,1,1,8,0,4,,,closed,terminal_safe_handoff_closed,gastro_hepatology,viral_hepatitis_cirrhosis,home_execution_failure,light,delayed_or_staged_result_return,medication_confusion_or_execution_failure | caregiver_conflict_or_fatigue,high,medium,HO1 | HO2 | HO3 | HO4,3.25,3.5,4,1.7853571071357126,-0.10000000000000009,below_strong | sparse_workspace | high_judge_disagreement | workspace_underuse_candidate | serious_error_any_judge | minor_or_moderate_error_any_judge | important_non_chain_defect_any_judge,workspace_underuse_candidate,False,False,True,False,False,False,True,False,True,True,False,False,False,False,True,True,True
case_CL120_EHR_056__MiniMax-M3,case_CL120_EHR_056__anon_b7ae899f7a300d52,case_CL120_EHR_056,MiniMax M3,runtime_error,2,15,1,1,2,3,3,3,True,1.0,1,2,2,0,3,content_filter_400,RuntimeError,open,,gastro_hepatology,abdominal_pain,longitudinal_followup,light,low_adherence_or_refusal,caregiver_conflict_or_fatigue | document_or_image_quality_problem,high,medium,HO1 | HO2 | HO3 | HO4,1.25,1.0,1,0.4330127018922193,-2.6,low_score | very_low_score | below_strong | model_specific_weakness | serious_error_any_judge | minor_or_moderate_error_any_judge | important_non_chain_defect_any_judge,runtime_error,True,True,True,False,False,False,False,False,False,False,False,False,False,True,True,True,True
case_CL120_EHR_057__MiniMax-M3,case_CL120_EHR_057__anon_2990036609a7d65c,case_CL120_EHR_057,MiniMax M3,closed_success,16,45,16,16,3,3,3,3,True,5.333333333333333,1,6,0,17,3,,,closed,terminal_safe_episode_closed,gastro_hepatology,pancreatitis,discharge_transition,light,external_system_gap,document_or_image_quality_problem | delayed_or_staged_result_return,high,medium,HO1 | HO2 | HO3 | HO4,2.75,2.0,3,1.299038105676658,-0.3500000000000001,low_score | very_low_score | below_strong | high_judge_disagreement | closed_but_low_score | minor_or_moderate_error_any_judge | important_non_chain_defect_any_judge,very_low_score,True,True,True,False,False,False,False,False,True,False,False,False,True,False,False,True,True
case_CL120_EHR_058__MiniMax-M3,case_CL120_EHR_058__anon_40cd240bf0b74abc,case_CL120_EHR_058,MiniMax M3,closed_success,8,31,8,8,3,3,3,3,True,2.6666666666666665,1,3,9,0,5,,,closed,terminal_safe_episode_closed,gastro_hepatology,colonoscopy_or_pathology_followup,discharge_transition,moderate,misstated_family_or_patient_information,delayed_or_staged_result_return | low_adherence_or_refusal,high,medium,HO1 | HO2 | HO3 | HO4,4.25,5.0,3,1.299038105676658,2.6,high_judge_disagreement | minor_or_moderate_error_any_judge,high_judge_disagreement,False,False,False,False,False,False,False,False,True,False,False,False,False,False,False,True,False
case_CL120_EHR_059__MiniMax-M3,case_CL120_EHR_059__anon_25c3bb4d408d2aec,case_CL120_EHR_059,MiniMax M3,closed_success,13,37,13,13,1,1,1,1,True,13.0,1,1,0,14,7,,,closed,terminal_safe_episode_closed,gastro_hepatology,gi_bleeding,pre_handoff,moderate,cost_transport_or_work_barrier,low_adherence_or_refusal | external_system_gap,high,medium,HO1 | HO2 | HO3 | HO4,3.75,4.5,4,1.6393596310755,1.35,sparse_workspace | high_judge_disagreement | serious_error_any_judge,high_judge_disagreement,False,False,False,False,False,False,True,False,True,False,False,False,False,False,True,False,False
case_CL120_EHR_060__MiniMax-M3,case_CL120_EHR_060__anon_3a38f2c4992e96bb,case_CL120_EHR_060,MiniMax M3,runtime_error,1,2,1,1,0,0,0,0,False,,,,1,0,0,content_filter_400,RuntimeError,open,,gastro_hepatology,viral_hepatitis_cirrhosis,pre_handoff,moderate,privacy_stigma_or_sensitive_history,external_system_gap | misstated_family_or_patient_information,high,medium,HO1 | HO2 | HO3 | HO4,1.75,1.5,2,0.82915619758885,0.19999999999999996,low_score | very_low_score | below_strong | no_workspace | sparse_workspace | high_judge_disagreement | workspace_underuse_candidate | serious_error_any_judge | minor_or_moderate_error_any_judge,runtime_error,True,True,True,False,False,True,True,False,True,True,False,False,False,False,True,True,False
case_CL120_EHR_061__MiniMax-M3,case_CL120_EHR_061__anon_dc623cb6eac72e61,case_CL120_EHR_061,MiniMax M3,closed_success,24,69,24,24,2,6,5,5,True,12.0,1,10,25,0,4,,,closed,terminal_safe_episode_closed,neurology,stroke_tia,post_handoff,moderate,incomplete_patient_information,misstated_family_or_patient_information | cost_transport_or_work_barrier,high,medium,HO1 | HO2 | HO3 | HO4,3.75,4.5,4,1.6393596310755,1.6,high_judge_disagreement | serious_error_any_judge,high_judge_disagreement,False,False,False,False,False,False,False,False,True,False,False,False,False,False,True,False,False
case_CL120_EHR_062__MiniMax-M3,case_CL120_EHR_062__anon_e0fe8d6a2af30aad,case_CL120_EHR_062,MiniMax M3,closed_success,3,13,3,3,1,1,1,1,True,3.0,1,1,4,0,3,,,closed,terminal_safe_episode_closed,neurology,limb_numbness_weakness_preoperative_medication_and_followup,pre_handoff,moderate,medication_confusion_or_execution_failure,cost_transport_or_work_barrier | privacy_stigma_or_sensitive_history,high,medium,HO1 | HO2 | HO3 | HO4,3.25,3.0,3,1.299038105676658,-0.5,low_score | below_strong | sparse_workspace | high_judge_disagreement | workspace_underuse_candidate | closed_but_low_score | minor_or_moderate_error_any_judge,workspace_underuse_candidate,True,False,True,False,False,False,True,False,True,True,False,False,True,False,False,True,False
case_CL120_EHR_063__MiniMax-M3,case_CL120_EHR_063__anon_976976de2275a052,case_CL120_EHR_063,MiniMax M3,closed_success,8,22,8,8,1,1,1,1,True,8.0,1,1,9,0,2,,,closed,terminal_safe_episode_closed,neurology,headache_red_flag,result_return,moderate,caregiver_conflict_or_fatigue,privacy_stigma_or_sensitive_history | incomplete_patient_information,high,medium,HO1 | HO2 | HO3 | HO4,2.5,2.0,4,1.5,-0.5,low_score | very_low_score | below_strong | sparse_workspace | high_judge_disagreement | workspace_underuse_candidate | closed_but_low_score | serious_error_any_judge | minor_or_moderate_error_any_judge | important_non_chain_defect_any_judge,very_low_score,True,True,True,False,False,False,True,False,True,True,False,False,True,False,True,True,True
case_CL120_EHR_064__MiniMax-M3,case_CL120_EHR_064__anon_e357790d995d65a2,case_CL120_EHR_064,MiniMax M3,closed_success,12,31,12,12,1,1,1,1,True,12.0,1,1,13,0,3,,,closed,terminal_safe_episode_closed,neurology,dementia_delirium,result_return,moderate,document_or_image_quality_problem,incomplete_patient_information | medication_confusion_or_execution_failure,high,medium,HO1 | HO2 | HO3 | HO4,2.25,1.5,4,1.6393596310755,-0.6499999999999999,low_score | very_low_score | below_strong | sparse_workspace | high_judge_disagreement | workspace_underuse_candidate | closed_but_low_score | serious_error_any_judge | minor_or_moderate_error_any_judge | important_non_chain_defect_any_judge,very_low_score,True,True,True,False,False,False,True,False,True,True,False,False,True,False,True,True,True
case_CL120_EHR_065__MiniMax-M3,case_CL120_EHR_065__anon_aaf165279e3a3e47,case_CL120_EHR_065,MiniMax M3,closed_success,8,27,8,8,2,2,2,2,True,4.0,1,2,9,0,4,,,closed,terminal_safe_episode_closed,neurology,neuropathy_or_fall,home_execution_failure,moderate,delayed_or_staged_result_return,medication_confusion_or_execution_failure | caregiver_conflict_or_fatigue,high,medium,HO1 | HO2 | HO3 | HO4,4,5.0,4,1.7320508075688772,2.55,high_judge_disagreement | serious_error_any_judge | minor_or_moderate_error_any_judge,high_judge_disagreement,False,False,False,False,False,False,False,False,True,False,False,False,False,False,True,True,False
case_CL120_EHR_066__MiniMax-M3,case_CL120_EHR_066__anon_73921253230128b7,case_CL120_EHR_066,MiniMax M3,closed_success,15,38,15,15,2,2,2,2,True,7.5,1,2,16,0,1,,,closed,terminal_safe_episode_closed,neurology,stroke_tia,home_execution_failure,moderate,low_adherence_or_refusal,caregiver_conflict_or_fatigue | document_or_image_quality_problem,high,medium,HO1 | HO2 | HO3 | HO4,4.25,5.0,3,1.299038105676658,1.5,high_judge_disagreement | minor_or_moderate_error_any_judge | important_non_chain_defect_any_judge,high_judge_disagreement,False,False,False,False,False,False,False,False,True,False,False,False,False,False,False,True,True
case_CL120_EHR_067__MiniMax-M3,case_CL120_EHR_067__anon_68279efc522281b5,case_CL120_EHR_067,MiniMax M3,closed_success,17,40,17,17,0,0,0,0,False,,,,18,0,5,,,closed,terminal_safe_episode_closed,neurology,seizure,longitudinal_followup,heavy,external_system_gap,document_or_image_quality_problem | delayed_or_staged_result_return,high,long,HO1 | HO2 | HO3 | HO4,4.25,5.0,3,1.299038105676658,1.85,no_workspace | sparse_workspace | high_judge_disagreement | minor_or_moderate_error_any_judge | important_non_chain_defect_any_judge,high_judge_disagreement,False,False,False,False,False,True,True,False,True,False,False,False,False,False,False,True,True
case_CL120_EHR_068__MiniMax-M3,case_CL120_EHR_068__anon_4e1de9ffa02d105d,case_CL120_EHR_068,MiniMax M3,runtime_error,6,24,5,5,2,3,3,3,True,3.0,1,2,6,0,4,content_filter_400,RuntimeError,open,,neurology,headache_red_flag,discharge_transition,heavy,misstated_family_or_patient_information,delayed_or_staged_result_return | low_adherence_or_refusal,high,long,HO1 | HO2 | HO3 | HO4,3,3.5,3,1.224744871391589,-0.5499999999999998,below_strong | high_judge_disagreement | serious_error_any_judge | minor_or_moderate_error_any_judge,runtime_error,False,False,True,False,False,False,False,False,True,False,False,False,False,False,True,True,False
case_CL120_EHR_069__MiniMax-M3,case_CL120_EHR_069__anon_2867b08980f9e325,case_CL120_EHR_069,MiniMax M3,open_at_100,100,212,100,100,1,1,1,1,True,100.0,37,37,101,0,8,,,soft_closed,milestone_closed_but_not_terminal,neurology,dementia_delirium,discharge_transition,extreme,cost_transport_or_work_barrier,low_adherence_or_refusal | external_system_gap,high,extra_long,HO1 | HO2 | HO3 | HO4,2.25,2.0,3,1.0897247358851685,-1.15,low_score | very_low_score | below_strong | high_turn | very_high_turn | sparse_workspace | high_judge_disagreement | workspace_underuse_candidate | long_or_tool_intensive_low_score | model_specific_weakness | serious_error_any_judge | minor_or_moderate_error_any_judge | important_non_chain_defect_any_judge,open_at_100,True,True,True,True,True,False,True,False,True,True,False,True,False,True,True,True,True
case_CL120_EHR_070__MiniMax-M3,case_CL120_EHR_070__anon_054a4edb42c0c792,case_CL120_EHR_070,MiniMax M3,closed_success,21,47,21,21,1,1,1,1,True,21.0,2,2,22,0,1,,,closed,terminal_safe_handoff_closed,neurology,neuropathy_or_fall,pre_handoff,light,privacy_stigma_or_sensitive_history,external_system_gap | misstated_family_or_patient_information,high,short,HO1 | HO2 | HO3 | HO4,3.5,3.5,3,1.5,0.10000000000000009,below_strong | sparse_workspace | high_judge_disagreement | workspace_underuse_candidate | minor_or_moderate_error_any_judge | important_non_chain_defect_any_judge,workspace_underuse_candidate,False,False,True,False,False,False,True,False,True,True,False,False,False,False,False,True,True
case_CL120_EHR_071__MiniMax-M3,case_CL120_EHR_071__anon_75196bb9e28e530f,case_CL120_EHR_071,MiniMax M3,closed_success,5,15,5,5,0,0,0,0,False,,,,0,6,4,,,closed,terminal_safe_handoff_closed,obstetrics_gynecology,pregnancy_med_safety,pre_handoff,light,incomplete_patient_information,misstated_family_or_patient_information | cost_transport_or_work_barrier,high,short,HO1 | HO2 | HO3 | HO4,3.25,3.0,3,1.299038105676658,0.6000000000000001,low_score | below_strong | no_workspace | sparse_workspace | high_judge_disagreement | workspace_underuse_candidate | closed_but_low_score | minor_or_moderate_error_any_judge | important_non_chain_defect_any_judge,workspace_underuse_candidate,True,False,True,False,False,True,True,False,True,True,False,False,True,False,False,True,True
case_CL120_EHR_072__MiniMax-M3,case_CL120_EHR_072__anon_d550cb98108f1349,case_CL120_EHR_072,MiniMax M3,runtime_error,9,28,8,8,2,2,2,2,True,4.5,1,2,9,0,5,content_filter_400,RuntimeError,open,,obstetrics_gynecology,ectopic_or_bleeding,post_handoff,light,medication_confusion_or_execution_failure,cost_transport_or_work_barrier | privacy_stigma_or_sensitive_history,high,medium,HO1 | HO2 | HO3 | HO4,2.25,2.0,3,1.0897247358851685,-1.5,low_score | very_low_score | below_strong | high_judge_disagreement | model_specific_weakness | serious_error_any_judge | minor_or_moderate_error_any_judge | important_non_chain_defect_any_judge,runtime_error,True,True,True,False,False,False,False,False,True,False,False,False,False,True,True,True,True
case_CL120_EHR_073__MiniMax-M3,case_CL120_EHR_073__anon_3a95a3c57bc234c8,case_CL120_EHR_073,MiniMax M3,runtime_error,52,110,51,51,1,1,1,1,True,52.0,45,45,52,0,4,content_filter_400,RuntimeError,open,,obstetrics_gynecology,postpartum_warning,post_handoff,light,caregiver_conflict_or_fatigue,privacy_stigma_or_sensitive_history | incomplete_patient_information,high,medium,HO1 | HO2 | HO3 | HO4,2.75,3.0,3,1.299038105676658,-1.0499999999999998,low_score | below_strong | high_turn | sparse_workspace | high_judge_disagreement | workspace_underuse_candidate | long_or_tool_intensive_low_score | model_specific_weakness | serious_error_any_judge | minor_or_moderate_error_any_judge | important_non_chain_defect_any_judge,runtime_error,True,False,True,True,False,False,True,False,True,True,False,True,False,True,True,True,True
case_CL120_EHR_074__MiniMax-M3,case_CL120_EHR_074__anon_78a3c2ab0ed339aa,case_CL120_EHR_074,MiniMax M3,closed_success,7,24,7,7,2,2,2,2,True,3.5,1,2,0,8,3,,,closed,terminal_safe_episode_closed,obstetrics_gynecology,gynecologic_mass_pathway,result_return,light,document_or_image_quality_problem,incomplete_patient_information | medication_confusion_or_execution_failure,high,medium,HO1 | HO2 | HO3 | HO4,3.75,4.5,4,1.6393596310755,0.8500000000000001,high_judge_disagreement | serious_error_any_judge | minor_or_moderate_error_any_judge | important_non_chain_defect_any_judge,high_judge_disagreement,False,False,False,False,False,False,False,False,True,False,False,False,False,False,True,True,True
case_CL120_EHR_075__MiniMax-M3,case_CL120_EHR_075__anon_2d8ea69bf5009a17,case_CL120_EHR_075,MiniMax M3,closed_success,9,36,9,9,1,5,4,4,True,9.0,1,1,0,9,5,,,closed,terminal_safe_episode_closed,obstetrics_gynecology,pregnancy_med_safety,result_return,moderate,delayed_or_staged_result_return,medication_confusion_or_execution_failure | caregiver_conflict_or_fatigue,high,medium,HO1 | HO2 | HO3 | HO4,2.75,2.5,4,1.7853571071357126,-0.3500000000000001,low_score | very_low_score | below_strong | sparse_workspace | high_judge_disagreement | workspace_underuse_candidate | closed_but_low_score | serious_error_any_judge | minor_or_moderate_error_any_judge,very_low_score,True,True,True,False,False,False,True,False,True,True,False,False,True,False,True,True,False
case_CL120_EHR_076__MiniMax-M3,case_CL120_EHR_076__anon_74080449244aab2e,case_CL120_EHR_076,MiniMax M3,closed_success,17,43,17,17,1,2,2,2,True,17.0,1,1,0,18,2,,,closed,terminal_safe_handoff_closed,obstetrics_gynecology,ectopic_or_bleeding,home_execution_failure,moderate,low_adherence_or_refusal,caregiver_conflict_or_fatigue | document_or_image_quality_problem,high,medium,HO1 | HO2 | HO3 | HO4,3.5,3.5,3,1.5,0.25,below_strong | sparse_workspace | high_judge_disagreement | workspace_underuse_candidate | minor_or_moderate_error_any_judge | important_non_chain_defect_any_judge,workspace_underuse_candidate,False,False,True,False,False,False,True,False,True,True,False,False,False,False,False,True,True
case_CL120_EHR_077__MiniMax-M3,case_CL120_EHR_077__anon_b904aa92efb90794,case_CL120_EHR_077,MiniMax M3,closed_success,9,41,9,9,3,6,6,6,True,3.0,1,3,0,10,4,,,closed,terminal_safe_episode_closed,obstetrics_gynecology,postpartum_warning,home_execution_failure,moderate,external_system_gap,document_or_image_quality_problem | delayed_or_staged_result_return,high,medium,HO1 | HO2 | HO3 | HO4,3.5,3.5,3,1.5,0.5,below_strong | high_judge_disagreement | minor_or_moderate_error_any_judge | important_non_chain_defect_any_judge,high_judge_disagreement,False,False,True,False,False,False,False,False,True,False,False,False,False,False,False,True,True
case_CL120_EHR_078__MiniMax-M3,case_CL120_EHR_078__anon_9ca5b062fbccb053,case_CL120_EHR_078,MiniMax M3,open_at_100,100,224,100,100,3,4,4,4,True,33.333333333333336,1,13,101,0,11,,,open,open_progressing,obstetrics_gynecology,gynecologic_mass_pathway,longitudinal_followup,moderate,misstated_family_or_patient_information,delayed_or_staged_result_return | low_adherence_or_refusal,high,medium,HO1 | HO2 | HO3 | HO4,2.75,3.0,3,1.299038105676658,-0.7999999999999998,low_score | below_strong | high_turn | very_high_turn | high_judge_disagreement | long_or_tool_intensive_low_score | serious_error_any_judge | minor_or_moderate_error_any_judge | important_non_chain_defect_any_judge,open_at_100,True,False,True,True,True,False,False,False,True,False,False,True,False,False,True,True,True
case_CL120_EHR_079__MiniMax-M3,case_CL120_EHR_079__anon_ac9ea82d30352fd0,case_CL120_EHR_079,MiniMax M3,closed_success,18,46,18,18,1,2,2,2,True,18.0,1,1,19,0,3,,,closed,terminal_safe_episode_closed,pediatrics,fever_dehydration,discharge_transition,moderate,cost_transport_or_work_barrier,low_adherence_or_refusal | external_system_gap,high,medium,HO1 | HO2 | HO3 | HO4,2.5,2.0,4,1.5,-0.5499999999999998,low_score | very_low_score | below_strong | sparse_workspace | high_judge_disagreement | workspace_underuse_candidate | closed_but_low_score | serious_error_any_judge | minor_or_moderate_error_any_judge | important_non_chain_defect_any_judge,very_low_score,True,True,True,False,False,False,True,False,True,True,False,False,True,False,True,True,True
case_CL120_EHR_080__MiniMax-M3,case_CL120_EHR_080__anon_1060633f7108942a,case_CL120_EHR_080,MiniMax M3,closed_success,5,25,5,5,3,4,4,4,True,1.6666666666666667,1,5,6,0,2,,,closed,terminal_safe_episode_closed,pediatrics,type1_diabetes_vomiting,discharge_transition,moderate,privacy_stigma_or_sensitive_history,external_system_gap | misstated_family_or_patient_information,high,medium,HO1 | HO2 | HO3 | HO4,2.75,2.5,4,1.7853571071357126,0.1499999999999999,low_score | very_low_score | below_strong | high_judge_disagreement | closed_but_low_score | serious_error_any_judge | minor_or_moderate_error_any_judge | important_non_chain_defect_any_judge,very_low_score,True,True,True,False,False,False,False,False,True,False,False,False,True,False,True,True,True
case_CL120_EHR_081__MiniMax-M3,case_CL120_EHR_081__anon_9d94048e9dad6fcd,case_CL120_EHR_081,MiniMax M3,closed_success,5,17,5,5,1,1,1,1,True,5.0,1,1,6,0,3,,,closed,terminal_safe_episode_closed,pediatrics,short_stature_growth_hormone_deficiency_and_scoliosis_followup,discharge_transition,moderate,incomplete_patient_information,misstated_family_or_patient_information | cost_transport_or_work_barrier,high,medium,HO1 | HO2 | HO3 | HO4,4.25,5.0,3,1.299038105676658,1.7999999999999998,sparse_workspace | high_judge_disagreement | minor_or_moderate_error_any_judge | important_non_chain_defect_any_judge,high_judge_disagreement,False,False,False,False,False,False,True,False,True,False,False,False,False,False,False,True,True
case_CL120_EHR_082__MiniMax-M3,case_CL120_EHR_082__anon_8a119b58356c1895,case_CL120_EHR_082,MiniMax M3,closed_success,12,31,12,12,1,1,1,1,True,12.0,1,1,13,0,3,,,closed,terminal_safe_episode_closed,pediatrics,caregiver_medication_error,pre_handoff,moderate,medication_confusion_or_execution_failure,cost_transport_or_work_barrier | privacy_stigma_or_sensitive_history,high,medium,HO1 | HO2 | HO3 | HO4,3.5,3.5,3,1.5,0.5499999999999998,below_strong | sparse_workspace | high_judge_disagreement | workspace_underuse_candidate | minor_or_moderate_error_any_judge | important_non_chain_defect_any_judge,workspace_underuse_candidate,False,False,True,False,False,False,True,False,True,True,False,False,False,False,False,True,True
case_CL120_EHR_083__MiniMax-M3,case_CL120_EHR_083__anon_197545623578b7e0,case_CL120_EHR_083,MiniMax M3,closed_success,11,36,11,11,2,3,3,3,True,5.5,1,9,12,0,3,,,closed,terminal_safe_handoff_closed,pediatrics,fever_dehydration,post_handoff,moderate,caregiver_conflict_or_fatigue,privacy_stigma_or_sensitive_history | incomplete_patient_information,high,medium,HO1 | HO2 | HO3 | HO4,3,3.0,4,1.5811388300841898,0.0,low_score | below_strong | high_judge_disagreement | closed_but_low_score | serious_error_any_judge | minor_or_moderate_error_any_judge | important_non_chain_defect_any_judge,closed_but_low_score,True,False,True,False,False,False,False,False,True,False,False,False,True,False,True,True,True
case_CL120_EHR_084__MiniMax-M3,case_CL120_EHR_084__anon_750ed59fc0d770cc,case_CL120_EHR_084,MiniMax M3,runtime_error,21,48,20,20,1,1,1,1,True,21.0,1,1,21,0,4,content_filter_400,RuntimeError,open,,pediatrics,type1_diabetes_vomiting,post_handoff,heavy,document_or_image_quality_problem,incomplete_patient_information | medication_confusion_or_execution_failure,high,long,HO1 | HO2 | HO3 | HO4,2.25,2.0,3,1.0897247358851685,-0.9500000000000002,low_score | very_low_score | below_strong | sparse_workspace | high_judge_disagreement | workspace_underuse_candidate | serious_error_any_judge | minor_or_moderate_error_any_judge | important_non_chain_defect_any_judge,runtime_error,True,True,True,False,False,False,True,False,True,True,False,False,False,False,True,True,True
case_CL120_EHR_085__MiniMax-M3,case_CL120_EHR_085__anon_c5369410c00c3ef9,case_CL120_EHR_085,MiniMax M3,closed_success,11,46,11,11,2,7,6,6,True,5.5,1,2,12,0,4,,,closed,terminal_safe_episode_closed,pediatrics,asthma_child,result_return,heavy,delayed_or_staged_result_return,medication_confusion_or_execution_failure | caregiver_conflict_or_fatigue,high,long,HO1 | HO2 | HO3 | HO4,2.5,2.0,4,1.5,-0.7999999999999998,low_score | very_low_score | below_strong | high_judge_disagreement | closed_but_low_score | serious_error_any_judge | minor_or_moderate_error_any_judge | important_non_chain_defect_any_judge,very_low_score,True,True,True,False,False,False,False,False,True,False,False,False,True,False,True,True,True
case_CL120_EHR_086__MiniMax-M3,case_CL120_EHR_086__anon_2d6e61fe740a9cf1,case_CL120_EHR_086,MiniMax M3,closed_success,14,40,14,14,2,2,2,2,True,7.0,1,12,15,0,5,,,closed,terminal_safe_episode_closed,pediatrics,caregiver_medication_error,result_return,heavy,low_adherence_or_refusal,caregiver_conflict_or_fatigue | document_or_image_quality_problem,high,long,HO1 | HO2 | HO3 | HO4,3.5,3.5,3,1.5,-0.20000000000000018,below_strong | high_judge_disagreement | minor_or_moderate_error_any_judge | important_non_chain_defect_any_judge,high_judge_disagreement,False,False,True,False,False,False,False,False,True,False,False,False,False,False,False,True,True
case_CL120_EHR_087__MiniMax-M3,case_CL120_EHR_087__anon_ae8190ab7eeb6bb9,case_CL120_EHR_087,MiniMax M3,runtime_error,22,50,21,21,1,1,1,1,True,22.0,1,1,0,22,4,content_filter_400,RuntimeError,open,,oncology_hematology,new_mass_staging,home_execution_failure,light,external_system_gap,document_or_image_quality_problem | delayed_or_staged_result_return,high,medium,HO1 | HO2 | HO3 | HO4,2,2.0,0,0.0,-0.9500000000000002,low_score | very_low_score | below_strong | sparse_workspace | workspace_underuse_candidate | minor_or_moderate_error_any_judge | important_non_chain_defect_any_judge,runtime_error,True,True,True,False,False,False,True,False,False,True,False,False,False,False,False,True,True
case_CL120_EHR_088__MiniMax-M3,case_CL120_EHR_088__anon_cc817f42056b279a,case_CL120_EHR_088,MiniMax M3,closed_success,12,42,12,12,1,5,4,4,True,12.0,1,1,13,0,4,,,closed,terminal_safe_episode_closed,oncology_hematology,chemotherapy_complication,home_execution_failure,light,misstated_family_or_patient_information,delayed_or_staged_result_return | low_adherence_or_refusal,high,medium,HO1 | HO2 | HO3 | HO4,1.25,1.0,1,0.4330127018922193,-1.5,low_score | very_low_score | below_strong | sparse_workspace | workspace_underuse_candidate | closed_but_low_score | model_specific_weakness | serious_error_any_judge | minor_or_moderate_error_any_judge | important_non_chain_defect_any_judge,very_low_score,True,True,True,False,False,False,True,False,False,True,False,False,True,True,True,True,True
case_CL120_EHR_089__MiniMax-M3,case_CL120_EHR_089__anon_f9e7214e56fe6845,case_CL120_EHR_089,MiniMax M3,runtime_error,7,17,6,6,1,1,1,1,True,7.0,1,1,7,0,1,content_filter_400,RuntimeError,open,,oncology_hematology,anemia_bleeding,longitudinal_followup,light,cost_transport_or_work_barrier,low_adherence_or_refusal | external_system_gap,high,medium,HO1 | HO2 | HO3 | HO4,3,2.5,3,1.224744871391589,-1.5,low_score | very_low_score | below_strong | sparse_workspace | high_judge_disagreement | workspace_underuse_candidate | model_specific_weakness | minor_or_moderate_error_any_judge | important_non_chain_defect_any_judge,runtime_error,True,True,True,False,False,False,True,False,True,True,False,False,False,True,False,True,True
case_CL120_EHR_090__MiniMax-M3,case_CL120_EHR_090__anon_64b49a48e1d8840d,case_CL120_EHR_090,MiniMax M3,closed_success,7,32,7,7,1,5,4,4,True,7.0,1,1,8,0,4,,,closed,terminal_safe_episode_closed,oncology_hematology,palliative_transition,discharge_transition,light,privacy_stigma_or_sensitive_history,external_system_gap | misstated_family_or_patient_information,high,medium,HO1 | HO2 | HO3 | HO4,3.25,3.0,3,1.299038105676658,-0.04999999999999982,low_score | below_strong | sparse_workspace | high_judge_disagreement | workspace_underuse_candidate | closed_but_low_score | minor_or_moderate_error_any_judge,workspace_underuse_candidate,True,False,True,False,False,False,True,False,True,True,False,False,True,False,False,True,False
case_CL120_EHR_091__MiniMax-M3,case_CL120_EHR_091__anon_8d01a6ca212339ac,case_CL120_EHR_091,MiniMax M3,closed_success,12,40,12,12,2,4,4,4,True,6.0,1,3,13,0,3,,,closed,terminal_bounded_episode_closed,oncology_hematology,family_disclosure,discharge_transition,light,incomplete_patient_information,misstated_family_or_patient_information | cost_transport_or_work_barrier,high,medium,HO1 | HO2 | HO3 | HO4,3.75,4.5,4,1.6393596310755,2.1,high_judge_disagreement | serious_error_any_judge | minor_or_moderate_error_any_judge | important_non_chain_defect_any_judge,high_judge_disagreement,False,False,False,False,False,False,False,False,True,False,False,False,False,False,True,True,True
case_CL120_EHR_092__MiniMax-M3,case_CL120_EHR_092__anon_a7bc62c6f048e634,case_CL120_EHR_092,MiniMax M3,closed_success,4,16,4,4,1,1,1,1,True,4.0,1,1,5,0,4,,,closed,terminal_safe_handoff_closed,oncology_hematology,new_mass_staging,pre_handoff,light,medication_confusion_or_execution_failure,cost_transport_or_work_barrier | privacy_stigma_or_sensitive_history,high,short,HO1 | HO2 | HO3 | HO4,2.75,2.0,3,1.299038105676658,-0.6000000000000001,low_score | very_low_score | below_strong | sparse_workspace | high_judge_disagreement | workspace_underuse_candidate | closed_but_low_score | minor_or_moderate_error_any_judge | important_non_chain_defect_any_judge,very_low_score,True,True,True,False,False,False,True,False,True,True,False,False,True,False,False,True,True
case_CL120_EHR_093__MiniMax-M3,case_CL120_EHR_093__anon_c13c4c4ece3d56a1,case_CL120_EHR_093,MiniMax M3,closed_success,29,68,29,29,1,3,3,3,True,29.0,1,1,30,0,0,,,closed,terminal_safe_episode_closed,oncology_hematology,chemotherapy_complication,pre_handoff,moderate,caregiver_conflict_or_fatigue,privacy_stigma_or_sensitive_history | incomplete_patient_information,high,medium,HO1 | HO2 | HO3 | HO4,3.25,3.5,4,1.7853571071357126,1.25,below_strong | sparse_workspace | high_judge_disagreement | workspace_underuse_candidate | serious_error_any_judge | minor_or_moderate_error_any_judge | important_non_chain_defect_any_judge,workspace_underuse_candidate,False,False,True,False,False,False,True,False,True,True,False,False,False,False,True,True,True
case_CL120_EHR_094__MiniMax-M3,case_CL120_EHR_094__anon_0091be42db4f8582,case_CL120_EHR_094,MiniMax M3,closed_success,51,117,51,51,3,4,3,4,True,17.0,1,35,52,0,3,,,closed,terminal_safe_episode_closed,oncology_hematology,anemia_bleeding,post_handoff,moderate,document_or_image_quality_problem,incomplete_patient_information | medication_confusion_or_execution_failure,high,medium,HO1 | HO2 | HO3 | HO4,2.5,2.5,3,1.118033988749895,-0.7999999999999998,low_score | very_low_score | below_strong | high_turn | high_judge_disagreement | long_or_tool_intensive_low_score | closed_but_low_score | serious_error_any_judge | minor_or_moderate_error_any_judge,very_low_score,True,True,True,True,False,False,False,False,True,False,False,True,True,False,True,True,False
case_CL120_EHR_095__MiniMax-M3,case_CL120_EHR_095__anon_4fb9e77a99a53793,case_CL120_EHR_095,MiniMax M3,closed_success,27,70,27,27,2,3,3,3,True,13.5,1,4,28,0,6,,,closed,terminal_bounded_episode_closed,oncology_hematology,palliative_transition,post_handoff,moderate,delayed_or_staged_result_return,medication_confusion_or_execution_failure | caregiver_conflict_or_fatigue,high,medium,HO1 | HO2 | HO3 | HO4,2.5,2.0,4,1.5,-0.7999999999999998,low_score | very_low_score | below_strong | high_judge_disagreement | closed_but_low_score | serious_error_any_judge | minor_or_moderate_error_any_judge | important_non_chain_defect_any_judge,very_low_score,True,True,True,False,False,False,False,False,True,False,False,False,True,False,True,True,True
case_CL120_EHR_096__MiniMax-M3,case_CL120_EHR_096__anon_c33e821dc59bebfe,case_CL120_EHR_096,MiniMax M3,closed_success,37,80,37,37,1,1,1,1,True,37.0,1,1,38,0,2,,,closed,terminal_safe_episode_closed,oncology_hematology,family_disclosure,result_return,moderate,low_adherence_or_refusal,caregiver_conflict_or_fatigue | document_or_image_quality_problem,high,medium,HO1 | HO2 | HO3 | HO4,3.5,3.5,3,1.5,-0.4500000000000002,below_strong | sparse_workspace | high_judge_disagreement | workspace_underuse_candidate | minor_or_moderate_error_any_judge | important_non_chain_defect_any_judge,workspace_underuse_candidate,False,False,True,False,False,False,True,False,True,True,False,False,False,False,False,True,True
case_CL120_EHR_097__MiniMax-M3,case_CL120_EHR_097__anon_36c42f28b7951722,case_CL120_EHR_097,MiniMax M3,closed_success,8,32,8,8,3,4,4,4,True,2.6666666666666665,1,3,9,0,3,,,closed,terminal_safe_episode_closed,infectious_disease,culture_result_action,result_return,moderate,external_system_gap,document_or_image_quality_problem | delayed_or_staged_result_return,high,medium,HO1 | HO2 | HO3 | HO4,3.5,3.5,3,1.5,0.3999999999999999,below_strong | high_judge_disagreement | minor_or_moderate_error_any_judge | important_non_chain_defect_any_judge,high_judge_disagreement,False,False,True,False,False,False,False,False,True,False,False,False,False,False,False,True,True
case_CL120_EHR_098__MiniMax-M3,case_CL120_EHR_098__anon_87cb43a661966a3f,case_CL120_EHR_098,MiniMax M3,closed_success,32,81,32,32,1,1,1,1,True,32.0,10,10,33,0,13,,,closed,terminal_safe_episode_closed,infectious_disease,sepsis_warning,home_execution_failure,moderate,misstated_family_or_patient_information,delayed_or_staged_result_return | low_adherence_or_refusal,high,medium,HO1 | HO2 | HO3 | HO4,4,4.5,3,1.224744871391589,0.7000000000000002,sparse_workspace | high_judge_disagreement | minor_or_moderate_error_any_judge | important_non_chain_defect_any_judge,high_judge_disagreement,False,False,False,False,False,False,True,False,True,False,False,False,False,False,False,True,True
case_CL120_EHR_099__MiniMax-M3,case_CL120_EHR_099__anon_2b18fecc5543e6ec,case_CL120_EHR_099,MiniMax M3,runtime_error,6,15,5,5,0,0,0,0,False,,,,6,0,4,content_filter_400,RuntimeError,open,,infectious_disease,tb_or_hbv_stigma,home_execution_failure,moderate,cost_transport_or_work_barrier,low_adherence_or_refusal | external_system_gap,high,medium,HO1 | HO2 | HO3 | HO4,3.75,4.0,3,1.0897247358851685,0.4500000000000002,no_workspace | sparse_workspace | high_judge_disagreement | minor_or_moderate_error_any_judge,runtime_error,False,False,False,False,False,True,True,False,True,False,False,False,False,False,False,True,False
case_CL120_EHR_100__MiniMax-M3,case_CL120_EHR_100__anon_7dd689059c601957,case_CL120_EHR_100,MiniMax M3,closed_success,59,135,59,59,1,5,4,4,True,59.0,1,1,0,60,3,,,closed,terminal_safe_episode_closed,infectious_disease,antibiotic_allergy_or_adherence,longitudinal_followup,moderate,privacy_stigma_or_sensitive_history,external_system_gap | misstated_family_or_patient_information,high,medium,HO1 | HO2 | HO3 | HO4,3.25,3.0,3,1.299038105676658,0.1499999999999999,low_score | below_strong | high_turn | sparse_workspace | high_judge_disagreement | workspace_underuse_candidate | long_or_tool_intensive_low_score | closed_but_low_score | minor_or_moderate_error_any_judge | important_non_chain_defect_any_judge,long_or_tool_intensive_low_score,True,False,True,True,False,False,True,False,True,True,False,True,True,False,False,True,True
case_CL120_EHR_101__MiniMax-M3,case_CL120_EHR_101__anon_b19c283f749dd405,case_CL120_EHR_101,MiniMax M3,closed_success,19,52,19,19,1,5,4,4,True,19.0,1,1,20,0,0,,,closed,terminal_safe_episode_closed,infectious_disease,culture_result_action,discharge_transition,heavy,incomplete_patient_information,misstated_family_or_patient_information | cost_transport_or_work_barrier,high,long,HO1 | HO2 | HO3 | HO4,4,5.0,4,1.7320508075688772,1.5,sparse_workspace | high_judge_disagreement | serious_error_any_judge | minor_or_moderate_error_any_judge | important_non_chain_defect_any_judge,high_judge_disagreement,False,False,False,False,False,False,True,False,True,False,False,False,False,False,True,True,True
case_CL120_EHR_102__MiniMax-M3,case_CL120_EHR_102__anon_c37e2ef4cd8e61b3,case_CL120_EHR_102,MiniMax M3,closed_success,44,104,44,44,2,4,4,4,True,22.0,1,18,0,45,3,,,closed,terminal_safe_episode_closed,infectious_disease,sepsis_warning,discharge_transition,heavy,medication_confusion_or_execution_failure,cost_transport_or_work_barrier | privacy_stigma_or_sensitive_history,high,long,HO1 | HO2 | HO3 | HO4,3.5,3.5,3,1.5,-0.3500000000000001,below_strong | high_judge_disagreement | minor_or_moderate_error_any_judge | important_non_chain_defect_any_judge,high_judge_disagreement,False,False,True,False,False,False,False,False,True,False,False,False,False,False,False,True,True
case_CL120_EHR_103__MiniMax-M3,case_CL120_EHR_103__anon_1d8b32657e7129a1,case_CL120_EHR_103,MiniMax M3,closed_success,34,90,34,34,3,7,5,6,True,11.333333333333334,1,30,35,0,3,,,closed,terminal_safe_episode_closed,infectious_disease,transplant_patient_hbv_tb_stigma_and_immunosuppression_safety,pre_handoff,heavy,caregiver_conflict_or_fatigue,privacy_stigma_or_sensitive_history | incomplete_patient_information,high,long,HO1 | HO2 | HO3 | HO4,3.25,3.0,3,1.299038105676658,-0.2999999999999998,low_score | below_strong | high_judge_disagreement | closed_but_low_score | minor_or_moderate_error_any_judge | important_non_chain_defect_any_judge,closed_but_low_score,True,False,True,False,False,False,False,False,True,False,False,False,True,False,False,True,True
case_CL120_EHR_104__MiniMax-M3,case_CL120_EHR_104__anon_dafc7c398be6810e,case_CL120_EHR_104,MiniMax M3,closed_success,4,23,4,4,1,4,4,4,True,4.0,1,1,5,0,2,,,closed,terminal_safe_handoff_closed,infectious_disease,antibiotic_allergy_or_adherence,pre_handoff,light,document_or_image_quality_problem,incomplete_patient_information | medication_confusion_or_execution_failure,high,short,HO1 | HO2 | HO3 | HO4,3.75,4.0,3,1.0897247358851685,0.75,sparse_workspace | high_judge_disagreement | minor_or_moderate_error_any_judge,high_judge_disagreement,False,False,False,False,False,False,True,False,True,False,False,False,False,False,False,True,False
case_CL120_EHR_105__MiniMax-M3,case_CL120_EHR_105__anon_db28228055de676f,case_CL120_EHR_105,MiniMax M3,closed_success,12,36,12,12,1,3,3,3,True,12.0,1,1,13,0,2,,,closed,terminal_safe_episode_closed,musculoskeletal_geriatrics,fracture_fall_prevention,post_handoff,light,delayed_or_staged_result_return,medication_confusion_or_execution_failure | caregiver_conflict_or_fatigue,high,medium,HO1 | HO2 | HO3 | HO4,4,5.0,4,1.7320508075688772,2.1,sparse_workspace | high_judge_disagreement | serious_error_any_judge | minor_or_moderate_error_any_judge,high_judge_disagreement,False,False,False,False,False,False,True,False,True,False,False,False,False,False,True,True,False
case_CL120_EHR_106__MiniMax-M3,case_CL120_EHR_106__anon_3b2cd509945757bc,case_CL120_EHR_106,MiniMax M3,closed_success,26,62,26,26,1,2,2,2,True,26.0,1,1,27,0,3,,,closed,terminal_safe_episode_closed,musculoskeletal_geriatrics,osteoporosis,post_handoff,light,low_adherence_or_refusal,caregiver_conflict_or_fatigue | document_or_image_quality_problem,high,medium,HO1 | HO2 | HO3 | HO4,3,3.0,4,1.4142135623730951,-0.6000000000000001,low_score | below_strong | sparse_workspace | high_judge_disagreement | workspace_underuse_candidate | closed_but_low_score | serious_error_any_judge | important_non_chain_defect_any_judge,workspace_underuse_candidate,True,False,True,False,False,False,True,False,True,True,False,False,True,False,True,False,True
case_CL120_EHR_107__MiniMax-M3,case_CL120_EHR_107__anon_eecfc460ab80b456,case_CL120_EHR_107,MiniMax M3,runtime_error,6,19,5,5,2,2,2,2,True,3.0,1,6,6,0,1,content_filter_400,RuntimeError,open,,musculoskeletal_geriatrics,polypharmacy,result_return,light,external_system_gap,document_or_image_quality_problem | delayed_or_staged_result_return,high,medium,HO1 | HO2 | HO3 | HO4,1.75,1.5,2,0.82915619758885,-1.7000000000000002,low_score | very_low_score | below_strong | high_judge_disagreement | model_specific_weakness | serious_error_any_judge | minor_or_moderate_error_any_judge | important_non_chain_defect_any_judge,runtime_error,True,True,True,False,False,False,False,False,True,False,False,False,False,True,True,True,True
case_CL120_EHR_108__MiniMax-M3,case_CL120_EHR_108__anon_cebf9efe4ba7da66,case_CL120_EHR_108,MiniMax M3,closed_success,5,21,5,5,2,3,3,3,True,2.5,1,2,6,0,1,,,closed,terminal_safe_episode_closed,musculoskeletal_geriatrics,frailty_caregiver_execution,result_return,light,misstated_family_or_patient_information,delayed_or_staged_result_return | low_adherence_or_refusal,high,medium,HO1 | HO2 | HO3 | HO4,3,3.0,4,2.0,0.1499999999999999,low_score | below_strong | high_judge_disagreement | closed_but_low_score | serious_error_any_judge | minor_or_moderate_error_any_judge | important_non_chain_defect_any_judge,closed_but_low_score,True,False,True,False,False,False,False,False,True,False,False,False,True,False,True,True,True
case_CL120_EHR_109__MiniMax-M3,case_CL120_EHR_109__anon_486f68029cb2d769,case_CL120_EHR_109,MiniMax M3,runtime_error,17,45,17,17,2,2,2,2,True,8.5,1,2,17,0,5,content_filter_400,RuntimeError,open,,musculoskeletal_geriatrics,fracture_fall_prevention,home_execution_failure,light,cost_transport_or_work_barrier,low_adherence_or_refusal | external_system_gap,high,medium,HO1 | HO2 | HO3 | HO4,3.25,3.5,2,0.82915619758885,0.25,below_strong | high_judge_disagreement | minor_or_moderate_error_any_judge,runtime_error,False,False,True,False,False,False,False,False,True,False,False,False,False,False,False,True,False
case_CL120_EHR_110__MiniMax-M3,case_CL120_EHR_110__anon_43b7f81fcd12aafa,case_CL120_EHR_110,MiniMax M3,closed_success,4,19,4,4,2,2,2,2,True,2.0,1,2,5,0,4,,,closed,terminal_safe_episode_closed,musculoskeletal_geriatrics,osteoporosis,home_execution_failure,moderate,privacy_stigma_or_sensitive_history,external_system_gap | misstated_family_or_patient_information,high,medium,HO1 | HO2 | HO3 | HO4,2.25,1.5,4,1.6393596310755,-0.6499999999999999,low_score | very_low_score | below_strong | high_judge_disagreement | closed_but_low_score | serious_error_any_judge | minor_or_moderate_error_any_judge,very_low_score,True,True,True,False,False,False,False,False,True,False,False,False,True,False,True,True,False
case_CL120_EHR_111__MiniMax-M3,case_CL120_EHR_111__anon_a8baad83d0ac7f69,case_CL120_EHR_111,MiniMax M3,closed_success,17,46,17,17,3,3,3,3,True,5.666666666666667,1,5,18,0,2,,,closed,terminal_safe_episode_closed,musculoskeletal_geriatrics,polypharmacy,longitudinal_followup,moderate,incomplete_patient_information,misstated_family_or_patient_information | cost_transport_or_work_barrier,high,medium,HO1 | HO2 | HO3 | HO4,2.75,2.5,4,1.479019945774904,0.1499999999999999,low_score | very_low_score | below_strong | high_judge_disagreement | closed_but_low_score | serious_error_any_judge | minor_or_moderate_error_any_judge | important_non_chain_defect_any_judge,very_low_score,True,True,True,False,False,False,False,False,True,False,False,False,True,False,True,True,True
case_CL120_EHR_112__MiniMax-M3,case_CL120_EHR_112__anon_f794919468122770,case_CL120_EHR_112,MiniMax M3,closed_success,10,40,10,10,1,5,4,4,True,10.0,1,1,11,0,6,,,closed,terminal_safe_episode_closed,musculoskeletal_geriatrics,frailty_caregiver_execution,discharge_transition,moderate,medication_confusion_or_execution_failure,cost_transport_or_work_barrier | privacy_stigma_or_sensitive_history,high,medium,HO1 | HO2 | HO3 | HO4,3.5,3.5,3,1.5,-0.10000000000000009,below_strong | sparse_workspace | high_judge_disagreement | workspace_underuse_candidate | minor_or_moderate_error_any_judge | important_non_chain_defect_any_judge,workspace_underuse_candidate,False,False,True,False,False,False,True,False,True,True,False,False,False,False,False,True,True
case_CL120_EHR_113__MiniMax-M3,case_CL120_EHR_113__anon_fd25be353011f8ec,case_CL120_EHR_113,MiniMax M3,closed_success,21,52,21,21,2,2,2,2,True,10.5,1,2,22,0,3,,,closed,terminal_safe_episode_closed,mental_health_somatic,anxiety_depression_somatic_red_flag_and_followup,longitudinal_followup,moderate,caregiver_conflict_or_fatigue,privacy_stigma_or_sensitive_history | incomplete_patient_information,high,medium,HO1 | HO2 | HO3 | HO4,3.25,3.5,4,1.7853571071357126,0.20000000000000018,below_strong | high_judge_disagreement | serious_error_any_judge | minor_or_moderate_error_any_judge | important_non_chain_defect_any_judge,high_judge_disagreement,False,False,True,False,False,False,False,False,True,False,False,False,False,False,True,True,True
case_CL120_EHR_114__MiniMax-M3,case_CL120_EHR_114__anon_b02ea507b355fb91,case_CL120_EHR_114,MiniMax M3,closed_success,19,47,19,19,1,1,1,1,True,19.0,1,1,20,0,5,,,closed,terminal_safe_handoff_closed,mental_health_somatic,depression_adherence,pre_handoff,moderate,document_or_image_quality_problem,incomplete_patient_information | medication_confusion_or_execution_failure,high,medium,HO1 | HO2 | HO3 | HO4,3.5,4.0,2,0.8660254037844386,1.5,sparse_workspace | high_judge_disagreement | minor_or_moderate_error_any_judge | important_non_chain_defect_any_judge,high_judge_disagreement,False,False,False,False,False,False,True,False,True,False,False,False,False,False,False,True,True
case_CL120_EHR_115__MiniMax-M3,case_CL120_EHR_115__anon_62d139dfe178dab5,case_CL120_EHR_115,MiniMax M3,closed_success,31,81,31,31,2,6,5,5,True,15.5,1,29,31,0,3,,,closed,terminal_bounded_episode_closed,mental_health_somatic,stigma_hidden_history,pre_handoff,moderate,delayed_or_staged_result_return,medication_confusion_or_execution_failure | caregiver_conflict_or_fatigue,high,medium,HO1 | HO2 | HO3 | HO4,3.25,3.5,4,1.7853571071357126,-0.04999999999999982,below_strong | high_judge_disagreement | serious_error_any_judge | minor_or_moderate_error_any_judge | important_non_chain_defect_any_judge,high_judge_disagreement,False,False,True,False,False,False,False,False,True,False,False,False,False,False,True,True,True
case_CL120_EHR_116__MiniMax-M3,case_CL120_EHR_116__anon_a1d37443accccf8d,case_CL120_EHR_116,MiniMax M3,closed_success,32,69,32,32,1,1,1,1,True,32.0,1,1,32,0,2,,,closed,terminal_safe_handoff_closed,mental_health_somatic,anxiety_somatic_red_flag,post_handoff,moderate,low_adherence_or_refusal,caregiver_conflict_or_fatigue | document_or_image_quality_problem,high,medium,HO1 | HO2 | HO3 | HO4,3,3.0,4,1.5811388300841898,0.5,low_score | below_strong | sparse_workspace | high_judge_disagreement | workspace_underuse_candidate | closed_but_low_score | serious_error_any_judge | minor_or_moderate_error_any_judge,workspace_underuse_candidate,True,False,True,False,False,False,True,False,True,True,False,False,True,False,True,True,False
case_CL120_EHR_117__MiniMax-M3,case_CL120_EHR_117__anon_508af50cb8f3fba1,case_CL120_EHR_117,MiniMax M3,closed_success,33,91,33,33,4,8,7,7,True,8.25,1,5,33,0,3,,,closed,terminal_safe_episode_closed,mental_health_somatic,depression_adherence,post_handoff,moderate,external_system_gap,document_or_image_quality_problem | delayed_or_staged_result_return,high,medium,HO1 | HO2 | HO3 | HO4,3,3.0,4,2.0,0.6000000000000001,low_score | below_strong | high_judge_disagreement | closed_but_low_score | serious_error_any_judge | important_non_chain_defect_any_judge,closed_but_low_score,True,False,True,False,False,False,False,False,True,False,False,False,True,False,True,False,True
case_CL120_EHR_118__MiniMax-M3,case_CL120_EHR_118__anon_b8ebb739abdde41d,case_CL120_EHR_118,MiniMax M3,closed_success,9,36,9,9,1,3,3,3,True,9.0,1,1,10,0,8,,,closed,terminal_safe_episode_closed,dermatology_ent_ophthalmology,rash_drug_reaction,result_return,heavy,misstated_family_or_patient_information,delayed_or_staged_result_return | low_adherence_or_refusal,high,long,HO1 | HO2 | HO3 | HO4,2.75,2.5,4,1.479019945774904,-0.75,low_score | very_low_score | below_strong | sparse_workspace | high_judge_disagreement | workspace_underuse_candidate | closed_but_low_score | serious_error_any_judge | minor_or_moderate_error_any_judge | important_non_chain_defect_any_judge,very_low_score,True,True,True,False,False,False,True,False,True,True,False,False,True,False,True,True,True
case_CL120_EHR_119__MiniMax-M3,case_CL120_EHR_119__anon_7551c5fb35385184,case_CL120_EHR_119,MiniMax M3,closed_success,27,66,27,27,2,2,1,2,True,13.5,1,9,0,27,7,,,closed,terminal_safe_episode_closed,dermatology_ent_ophthalmology,vision_red_flag,result_return,heavy,cost_transport_or_work_barrier,low_adherence_or_refusal | external_system_gap,high,long,HO1 | HO2 | HO3 | HO4,3.75,4.0,3,1.299038105676658,0.6000000000000001,high_judge_disagreement | minor_or_moderate_error_any_judge | important_non_chain_defect_any_judge,high_judge_disagreement,False,False,False,False,False,False,False,False,True,False,False,False,False,False,False,True,True
case_CL120_EHR_120__MiniMax-M3,case_CL120_EHR_120__anon_61d87000e3fab8c5,case_CL120_EHR_120,MiniMax M3,runtime_error,3,15,2,2,3,3,3,3,True,1.0,1,3,0,2,2,content_filter_400,RuntimeError,open,,dermatology_ent_ophthalmology,otitis_sinus_complication,home_execution_failure,heavy,privacy_stigma_or_sensitive_history,external_system_gap | misstated_family_or_patient_information,high,long,HO1 | HO2 | HO3 | HO4,1.5,1.5,1,0.5,-1.15,low_score | very_low_score | below_strong | model_specific_weakness | serious_error_any_judge | minor_or_moderate_error_any_judge | important_non_chain_defect_any_judge,runtime_error,True,True,True,False,False,False,False,False,False,False,False,False,False,True,True,True,True
case_CL120_EHR_001__Qwen3-30B-A3B-Instruct-2507,case_CL120_EHR_001__anon_eb0367eb696c3ff4,case_CL120_EHR_001,Qwen3-30B-A3B-Instruct-2507,closed_success,25,280,25,25,14,47,40,41,True,1.7857142857142858,1,22,25,1,98,,,closed,terminal_safe_episode_closed,cardiovascular,chest_pain_acs_dissection,longitudinal_followup,light,incomplete_patient_information,misstated_family_or_patient_information | cost_transport_or_work_barrier,high,medium,HO1 | HO2 | HO3 | HO4,2.5,2.0,4,1.6583123951777,-0.8500000000000001,low_score | very_low_score | below_strong | heavy_workspace | high_judge_disagreement | workspace_overuse_candidate | long_or_tool_intensive_low_score | closed_but_low_score | serious_error_any_judge | minor_or_moderate_error_any_judge,very_low_score,True,True,True,False,False,False,False,True,True,False,True,True,True,False,True,True,False
case_CL120_EHR_002__Qwen3-30B-A3B-Instruct-2507,case_CL120_EHR_002__anon_90068fc2af88369f,case_CL120_EHR_002,Qwen3-30B-A3B-Instruct-2507,closed_success,24,157,24,24,11,40,34,34,True,2.1818181818181817,1,20,25,0,0,,,closed,terminal_safe_episode_closed,cardiovascular,heart_failure_decompensation,longitudinal_followup,light,medication_confusion_or_execution_failure,cost_transport_or_work_barrier | privacy_stigma_or_sensitive_history,high,medium,HO1 | HO2 | HO3 | HO4,2,1.0,4,1.7320508075688772,-1.9,low_score | very_low_score | below_strong | heavy_workspace | high_judge_disagreement | workspace_overuse_candidate | long_or_tool_intensive_low_score | closed_but_low_score | model_specific_weakness | serious_error_any_judge | minor_or_moderate_error_any_judge | important_non_chain_defect_any_judge,very_low_score,True,True,True,False,False,False,False,True,True,False,True,True,True,True,True,True,True
case_CL120_EHR_003__Qwen3-30B-A3B-Instruct-2507,case_CL120_EHR_003__anon_64013c45a7f498cd,case_CL120_EHR_003,Qwen3-30B-A3B-Instruct-2507,closed_success,5,57,5,5,3,15,12,12,True,1.6666666666666667,1,5,6,0,7,,,closed,terminal_safe_episode_closed,cardiovascular,atrial_fibrillation_anticoagulation,discharge_transition,light,caregiver_conflict_or_fatigue,privacy_stigma_or_sensitive_history | incomplete_patient_information,high,medium,HO1 | HO2 | HO3 | HO4,2.25,1.5,4,1.6393596310755,-1.5,low_score | very_low_score | below_strong | high_judge_disagreement | closed_but_low_score | model_specific_weakness | serious_error_any_judge | minor_or_moderate_error_any_judge,very_low_score,True,True,True,False,False,False,False,False,True,False,False,False,True,True,True,True,False
case_CL120_EHR_004__Qwen3-30B-A3B-Instruct-2507,case_CL120_EHR_004__anon_ed14eb672cd56512,case_CL120_EHR_004,Qwen3-30B-A3B-Instruct-2507,closed_success,6,44,6,6,2,10,8,8,True,3.0,1,2,7,0,4,,,closed,terminal_safe_episode_closed,dermatology_ent_ophthalmology,cataract_postoperative_medication_and_followup,discharge_transition,light,document_or_image_quality_problem,incomplete_patient_information | medication_confusion_or_execution_failure,high,medium,HO1 | HO2 | HO3 | HO4,3.25,3.5,4,1.7853571071357126,0.7000000000000002,below_strong | high_judge_disagreement | serious_error_any_judge | minor_or_moderate_error_any_judge,high_judge_disagreement,False,False,True,False,False,False,False,False,True,False,False,False,False,False,True,True,False
case_CL120_EHR_005__Qwen3-30B-A3B-Instruct-2507,case_CL120_EHR_005__anon_19d84eff84508f89,case_CL120_EHR_005,Qwen3-30B-A3B-Instruct-2507,closed_success,3,22,3,3,1,5,4,4,True,3.0,1,1,4,0,2,,,closed,terminal_safe_handoff_closed,cardiovascular,syncope,pre_handoff,light,delayed_or_staged_result_return,medication_confusion_or_execution_failure | caregiver_conflict_or_fatigue,high,short,HO1 | HO2 | HO3 | HO4,2.5,2.0,4,1.5,-1.65,low_score | very_low_score | below_strong | sparse_workspace | high_judge_disagreement | workspace_underuse_candidate | closed_but_low_score | model_specific_weakness | serious_error_any_judge | minor_or_moderate_error_any_judge,very_low_score,True,True,True,False,False,False,True,False,True,True,False,False,True,True,True,True,False
case_CL120_EHR_006__Qwen3-30B-A3B-Instruct-2507,case_CL120_EHR_006__anon_74afdb202a30d2a1,case_CL120_EHR_006,Qwen3-30B-A3B-Instruct-2507,closed_success,9,42,9,9,2,8,7,7,True,4.5,1,2,10,0,1,,,closed,terminal_safe_handoff_closed,cardiovascular,chest_pain_acs_dissection,pre_handoff,light,low_adherence_or_refusal,caregiver_conflict_or_fatigue | document_or_image_quality_problem,high,short,HO1 | HO2 | HO3 | HO4,3.75,4.5,4,1.6393596310755,0.6000000000000001,high_judge_disagreement | serious_error_any_judge | minor_or_moderate_error_any_judge,high_judge_disagreement,False,False,False,False,False,False,False,False,True,False,False,False,False,False,True,True,False
case_CL120_EHR_007__Qwen3-30B-A3B-Instruct-2507,case_CL120_EHR_007__anon_cc6f5ed3b51ca109,case_CL120_EHR_007,Qwen3-30B-A3B-Instruct-2507,closed_success,14,115,14,14,7,32,24,26,True,2.0,1,14,15,0,3,,,closed,terminal_safe_episode_closed,cardiovascular,heart_failure_decompensation,post_handoff,moderate,external_system_gap,document_or_image_quality_problem | delayed_or_staged_result_return,high,medium,HO1 | HO2 | HO3 | HO4,2.5,2.0,4,1.6583123951777,-0.6000000000000001,low_score | very_low_score | below_strong | heavy_workspace | high_judge_disagreement | workspace_overuse_candidate | long_or_tool_intensive_low_score | closed_but_low_score | serious_error_any_judge | minor_or_moderate_error_any_judge | important_non_chain_defect_any_judge,very_low_score,True,True,True,False,False,False,False,True,True,False,True,True,True,False,True,True,True
case_CL120_EHR_008__Qwen3-30B-A3B-Instruct-2507,case_CL120_EHR_008__anon_a93e8e50731bcfd7,case_CL120_EHR_008,Qwen3-30B-A3B-Instruct-2507,closed_success,43,245,43,43,14,42,26,36,True,3.0714285714285716,1,41,44,0,53,,,closed,terminal_safe_episode_closed,cardiovascular,atrial_fibrillation_anticoagulation,post_handoff,moderate,misstated_family_or_patient_information,delayed_or_staged_result_return | low_adherence_or_refusal,high,medium,HO1 | HO2 | HO3 | HO4,3.75,4.5,4,1.6393596310755,0.8999999999999999,heavy_workspace | high_judge_disagreement | serious_error_any_judge,high_judge_disagreement,False,False,False,False,False,False,False,True,True,False,False,False,False,False,True,False,False
case_CL120_EHR_009__Qwen3-30B-A3B-Instruct-2507,case_CL120_EHR_009__anon_2c279c5c015eb402,case_CL120_EHR_009,Qwen3-30B-A3B-Instruct-2507,closed_success,14,121,14,14,8,34,27,28,True,1.75,1,14,15,0,2,,,closed,terminal_safe_episode_closed,cardiovascular,hypertension_urgency,result_return,moderate,cost_transport_or_work_barrier,low_adherence_or_refusal | external_system_gap,high,medium,HO1 | HO2 | HO3 | HO4,2.75,2.0,3,1.299038105676658,-0.8999999999999999,low_score | very_low_score | below_strong | heavy_workspace | high_judge_disagreement | workspace_overuse_candidate | long_or_tool_intensive_low_score | closed_but_low_score | minor_or_moderate_error_any_judge | important_non_chain_defect_any_judge,very_low_score,True,True,True,False,False,False,False,True,True,False,True,True,True,False,False,True,True
case_CL120_EHR_010__Qwen3-30B-A3B-Instruct-2507,case_CL120_EHR_010__anon_084ab7e6f54addbe,case_CL120_EHR_010,Qwen3-30B-A3B-Instruct-2507,runtime_error,11,66,11,11,4,15,12,13,True,2.75,1,4,11,0,4,content_filter_400,RuntimeError,open,,cardiovascular,syncope,result_return,moderate,privacy_stigma_or_sensitive_history,external_system_gap | misstated_family_or_patient_information,high,medium,HO1 | HO2 | HO3 | HO4,2.75,3.0,3,1.299038105676658,-0.9500000000000002,low_score | below_strong | high_judge_disagreement | serious_error_any_judge | minor_or_moderate_error_any_judge | important_non_chain_defect_any_judge,runtime_error,True,False,True,False,False,False,False,False,True,False,False,False,False,False,True,True,True
case_CL120_EHR_011__Qwen3-30B-A3B-Instruct-2507,case_CL120_EHR_011__anon_31ed2bebfeb8eeae,case_CL120_EHR_011,Qwen3-30B-A3B-Instruct-2507,closed_success,12,56,12,12,3,10,9,9,True,4.0,1,12,13,0,3,,,closed,terminal_safe_episode_closed,cardiovascular,chest_pain_acs_dissection,home_execution_failure,moderate,incomplete_patient_information,misstated_family_or_patient_information | cost_transport_or_work_barrier,high,medium,HO1 | HO2 | HO3 | HO4,3,3.0,4,2.0,-0.7000000000000002,low_score | below_strong | high_judge_disagreement | closed_but_low_score | serious_error_any_judge | minor_or_moderate_error_any_judge,closed_but_low_score,True,False,True,False,False,False,False,False,True,False,False,False,True,False,True,True,False
case_CL120_EHR_012__Qwen3-30B-A3B-Instruct-2507,case_CL120_EHR_012__anon_6146d116f9284d8d,case_CL120_EHR_012,Qwen3-30B-A3B-Instruct-2507,closed_success,85,669,85,85,38,106,89,98,True,2.236842105263158,1,83,86,0,202,,,closed,terminal_safe_episode_closed,cardiovascular,heart_failure_decompensation,longitudinal_followup,moderate,medication_confusion_or_execution_failure,cost_transport_or_work_barrier | privacy_stigma_or_sensitive_history,high,medium,HO1 | HO2 | HO3 | HO4,2.75,2.5,4,1.7853571071357126,-0.7000000000000002,low_score | very_low_score | below_strong | high_turn | heavy_workspace | high_judge_disagreement | workspace_overuse_candidate | long_or_tool_intensive_low_score | closed_but_low_score | serious_error_any_judge,very_low_score,True,True,True,True,False,False,False,True,True,False,True,True,True,False,True,False,False
case_CL120_EHR_013__Qwen3-30B-A3B-Instruct-2507,case_CL120_EHR_013__anon_7f8e2b589e3c5f1f,case_CL120_EHR_013,Qwen3-30B-A3B-Instruct-2507,closed_success,6,47,6,6,3,12,10,10,True,2.0,1,5,7,0,2,,,closed,terminal_safe_episode_closed,cardiovascular,atrial_fibrillation_anticoagulation,longitudinal_followup,moderate,caregiver_conflict_or_fatigue,privacy_stigma_or_sensitive_history | incomplete_patient_information,high,medium,HO1 | HO2 | HO3 | HO4,2.75,2.5,4,1.7853571071357126,-1.1,low_score | very_low_score | below_strong | high_judge_disagreement | closed_but_low_score | model_specific_weakness | serious_error_any_judge | minor_or_moderate_error_any_judge | important_non_chain_defect_any_judge,very_low_score,True,True,True,False,False,False,False,False,True,False,False,False,True,True,True,True,True
case_CL120_EHR_014__Qwen3-30B-A3B-Instruct-2507,case_CL120_EHR_014__anon_a0e2ebed8713e034,case_CL120_EHR_014,Qwen3-30B-A3B-Instruct-2507,closed_success,10,98,10,10,6,27,23,23,True,1.6666666666666667,1,9,11,0,4,,,closed,terminal_safe_episode_closed,cardiovascular,hypertension_urgency,discharge_transition,moderate,document_or_image_quality_problem,incomplete_patient_information | medication_confusion_or_execution_failure,high,medium,HO1 | HO2 | HO3 | HO4,2.5,2.0,4,1.5,-1.1,low_score | very_low_score | below_strong | heavy_workspace | high_judge_disagreement | workspace_overuse_candidate | long_or_tool_intensive_low_score | closed_but_low_score | model_specific_weakness | serious_error_any_judge | minor_or_moderate_error_any_judge | important_non_chain_defect_any_judge,very_low_score,True,True,True,False,False,False,False,True,True,False,True,True,True,True,True,True,True
case_CL120_EHR_015__Qwen3-30B-A3B-Instruct-2507,case_CL120_EHR_015__anon_3a280f54a5110b06,case_CL120_EHR_015,Qwen3-30B-A3B-Instruct-2507,closed_success,16,127,16,16,8,32,27,27,True,2.0,1,15,17,0,8,,,closed,terminal_safe_episode_closed,respiratory,suspected_pulmonary_embolism_result_and_anticoagulation_followup,result_return,heavy,delayed_or_staged_result_return,medication_confusion_or_execution_failure | caregiver_conflict_or_fatigue,high,long,HO1 | HO2 | HO3 | HO4,4.25,5.0,3,1.299038105676658,1.35,heavy_workspace | high_judge_disagreement | minor_or_moderate_error_any_judge,high_judge_disagreement,False,False,False,False,False,False,False,True,True,False,False,False,False,False,False,True,False
case_CL120_EHR_016__Qwen3-30B-A3B-Instruct-2507,case_CL120_EHR_016__anon_d896f131a36b9b0a,case_CL120_EHR_016,Qwen3-30B-A3B-Instruct-2507,closed_success,6,31,6,6,2,6,5,5,True,3.0,1,2,7,0,2,,,closed,terminal_safe_handoff_closed,respiratory,pneumonia,pre_handoff,heavy,low_adherence_or_refusal,caregiver_conflict_or_fatigue | document_or_image_quality_problem,high,long,HO1 | HO2 | HO3 | HO4,2.75,3.0,3,1.299038105676658,0.0,low_score | below_strong | high_judge_disagreement | closed_but_low_score | serious_error_any_judge | minor_or_moderate_error_any_judge,closed_but_low_score,True,False,True,False,False,False,False,False,True,False,False,False,True,False,True,True,False
case_CL120_EHR_017__Qwen3-30B-A3B-Instruct-2507,case_CL120_EHR_017__anon_b065c5777dc0f418,case_CL120_EHR_017,Qwen3-30B-A3B-Instruct-2507,closed_success,51,227,51,51,15,45,38,39,True,3.4,1,50,52,0,2,,,closed,terminal_bounded_episode_closed,respiratory,lung_nodule_mass,post_handoff,heavy,external_system_gap,document_or_image_quality_problem | delayed_or_staged_result_return,high,long,HO1 | HO2 | HO3 | HO4,4.25,5.0,3,1.299038105676658,0.7999999999999998,high_turn | heavy_workspace | high_judge_disagreement | minor_or_moderate_error_any_judge | important_non_chain_defect_any_judge,high_judge_disagreement,False,False,False,True,False,False,False,True,True,False,False,False,False,False,False,True,True
case_CL120_EHR_018__Qwen3-30B-A3B-Instruct-2507,case_CL120_EHR_018__anon_29f123d6da487da6,case_CL120_EHR_018,Qwen3-30B-A3B-Instruct-2507,closed_success,29,197,29,29,14,52,41,43,True,2.0714285714285716,1,29,30,0,2,,,closed,terminal_safe_episode_closed,respiratory,pulmonary_embolism,post_handoff,extreme,misstated_family_or_patient_information,delayed_or_staged_result_return | low_adherence_or_refusal,high,extra_long,HO1 | HO2 | HO3 | HO4,1.75,1.0,3,1.299038105676658,-1.6,low_score | very_low_score | below_strong | heavy_workspace | high_judge_disagreement | workspace_overuse_candidate | long_or_tool_intensive_low_score | closed_but_low_score | model_specific_weakness | serious_error_any_judge | minor_or_moderate_error_any_judge | important_non_chain_defect_any_judge,very_low_score,True,True,True,False,False,False,False,True,True,False,True,True,True,True,True,True,True
case_CL120_EHR_019__Qwen3-30B-A3B-Instruct-2507,case_CL120_EHR_019__anon_be0cf1cc43e42e00,case_CL120_EHR_019,Qwen3-30B-A3B-Instruct-2507,closed_success,26,227,26,26,17,59,51,53,True,1.5294117647058822,1,26,27,0,8,,,closed,terminal_safe_episode_closed,respiratory,home_oxygen_or_inhaler_execution,post_handoff,light,cost_transport_or_work_barrier,low_adherence_or_refusal | external_system_gap,high,medium,HO1 | HO2 | HO3 | HO4,3,3.0,4,2.0,-0.5499999999999998,low_score | below_strong | heavy_workspace | high_judge_disagreement | workspace_overuse_candidate | long_or_tool_intensive_low_score | closed_but_low_score | serious_error_any_judge | minor_or_moderate_error_any_judge,long_or_tool_intensive_low_score,True,False,True,False,False,False,False,True,True,False,True,True,True,False,True,True,False
case_CL120_EHR_020__Qwen3-30B-A3B-Instruct-2507,case_CL120_EHR_020__anon_e395ba3b71eac240,case_CL120_EHR_020,Qwen3-30B-A3B-Instruct-2507,closed_success,5,28,5,5,1,5,4,4,True,5.0,1,1,6,0,4,,,closed,terminal_safe_episode_closed,respiratory,asthma_copd_exacerbation,result_return,light,privacy_stigma_or_sensitive_history,external_system_gap | misstated_family_or_patient_information,high,medium,HO1 | HO2 | HO3 | HO4,2.5,2.0,4,1.5,0.10000000000000009,low_score | very_low_score | below_strong | sparse_workspace | high_judge_disagreement | workspace_underuse_candidate | closed_but_low_score | serious_error_any_judge | minor_or_moderate_error_any_judge,very_low_score,True,True,True,False,False,False,True,False,True,True,False,False,True,False,True,True,False
case_CL120_EHR_021__Qwen3-30B-A3B-Instruct-2507,case_CL120_EHR_021__anon_4b530b43a9f4f04a,case_CL120_EHR_021,Qwen3-30B-A3B-Instruct-2507,closed_success,57,358,57,57,23,71,58,63,True,2.4782608695652173,1,56,58,0,50,,,closed,terminal_safe_handoff_closed,respiratory,pneumonia,result_return,light,incomplete_patient_information,misstated_family_or_patient_information | cost_transport_or_work_barrier,high,medium,HO1 | HO2 | HO3 | HO4,2.5,2.0,4,1.5,-1.0499999999999998,low_score | very_low_score | below_strong | high_turn | heavy_workspace | high_judge_disagreement | workspace_overuse_candidate | long_or_tool_intensive_low_score | closed_but_low_score | model_specific_weakness | serious_error_any_judge | minor_or_moderate_error_any_judge | important_non_chain_defect_any_judge,very_low_score,True,True,True,True,False,False,False,True,True,False,True,True,True,True,True,True,True
case_CL120_EHR_022__Qwen3-30B-A3B-Instruct-2507,case_CL120_EHR_022__anon_81908361d280df81,case_CL120_EHR_022,Qwen3-30B-A3B-Instruct-2507,closed_success,7,95,7,7,5,18,16,15,True,1.4,1,6,0,8,28,,,closed,terminal_safe_episode_closed,respiratory,lung_nodule_mass,home_execution_failure,light,medication_confusion_or_execution_failure,cost_transport_or_work_barrier | privacy_stigma_or_sensitive_history,high,medium,HO1 | HO2 | HO3 | HO4,2,1.5,3,1.224744871391589,-0.3500000000000001,low_score | very_low_score | below_strong | high_judge_disagreement | closed_but_low_score | serious_error_any_judge | minor_or_moderate_error_any_judge,very_low_score,True,True,True,False,False,False,False,False,True,False,False,False,True,False,True,True,False
case_CL120_EHR_023__Qwen3-30B-A3B-Instruct-2507,case_CL120_EHR_023__anon_470afaf628fe11a2,case_CL120_EHR_023,Qwen3-30B-A3B-Instruct-2507,closed_success,21,99,21,21,6,20,17,17,True,3.5,1,18,22,0,2,,,closed,terminal_safe_episode_closed,respiratory,pulmonary_embolism,longitudinal_followup,light,caregiver_conflict_or_fatigue,privacy_stigma_or_sensitive_history | incomplete_patient_information,high,medium,HO1 | HO2 | HO3 | HO4,1.75,1.0,3,1.299038105676658,-0.8999999999999999,low_score | very_low_score | below_strong | heavy_workspace | high_judge_disagreement | workspace_overuse_candidate | long_or_tool_intensive_low_score | closed_but_low_score | serious_error_any_judge | minor_or_moderate_error_any_judge | important_non_chain_defect_any_judge,very_low_score,True,True,True,False,False,False,False,True,True,False,True,True,True,False,True,True,True
case_CL120_EHR_024__Qwen3-30B-A3B-Instruct-2507,case_CL120_EHR_024__anon_a8e422cd0bafe130,case_CL120_EHR_024,Qwen3-30B-A3B-Instruct-2507,closed_success,5,39,5,5,2,10,8,8,True,2.5,1,2,6,0,2,,,closed,terminal_safe_episode_closed,respiratory,home_oxygen_or_inhaler_execution,longitudinal_followup,moderate,document_or_image_quality_problem,incomplete_patient_information | medication_confusion_or_execution_failure,high,medium,HO1 | HO2 | HO3 | HO4,3.5,4.0,4,1.5,1.4,high_judge_disagreement | serious_error_any_judge | minor_or_moderate_error_any_judge | important_non_chain_defect_any_judge,high_judge_disagreement,False,False,False,False,False,False,False,False,True,False,False,False,False,False,True,True,True
case_CL120_EHR_025__Qwen3-30B-A3B-Instruct-2507,case_CL120_EHR_025__anon_5f79dcd9bfdde5bb,case_CL120_EHR_025,Qwen3-30B-A3B-Instruct-2507,closed_success,65,431,65,65,18,71,57,61,True,3.611111111111111,1,55,66,0,108,,,closed,terminal_safe_episode_closed,respiratory,asthma_copd_exacerbation,discharge_transition,moderate,delayed_or_staged_result_return,medication_confusion_or_execution_failure | caregiver_conflict_or_fatigue,high,medium,HO1 | HO2 | HO3 | HO4,2.75,2.5,4,1.479019945774904,-0.8999999999999999,low_score | very_low_score | below_strong | high_turn | heavy_workspace | high_judge_disagreement | workspace_overuse_candidate | long_or_tool_intensive_low_score | closed_but_low_score | serious_error_any_judge | minor_or_moderate_error_any_judge | important_non_chain_defect_any_judge,very_low_score,True,True,True,True,False,False,False,True,True,False,True,True,True,False,True,True,True
case_CL120_EHR_026__Qwen3-30B-A3B-Instruct-2507,case_CL120_EHR_026__anon_4ef34a3ece4d1ec7,case_CL120_EHR_026,Qwen3-30B-A3B-Instruct-2507,open_at_100,100,347,100,100,15,36,27,32,True,6.666666666666667,1,96,101,0,49,,,soft_closed,milestone_closed_but_not_terminal,respiratory,pneumonia,palliative_terminal,moderate,low_adherence_or_refusal,caregiver_conflict_or_fatigue | document_or_image_quality_problem,high,medium,HO1 | HO2 | HO3 | HO4,1.75,1.5,2,0.82915619758885,-1.2999999999999998,low_score | very_low_score | below_strong | high_turn | very_high_turn | heavy_workspace | high_judge_disagreement | workspace_overuse_candidate | long_or_tool_intensive_low_score | model_specific_weakness | serious_error_any_judge | minor_or_moderate_error_any_judge | important_non_chain_defect_any_judge,open_at_100,True,True,True,True,True,False,False,True,True,False,True,True,False,True,True,True,True
case_CL120_EHR_027__Qwen3-30B-A3B-Instruct-2507,case_CL120_EHR_027__anon_5bcf0ac51b290e32,case_CL120_EHR_027,Qwen3-30B-A3B-Instruct-2507,closed_success,5,41,5,5,3,11,9,9,True,1.6666666666666667,1,3,6,0,0,,,closed,terminal_safe_handoff_closed,endocrine_metabolic,diabetes_sick_day,pre_handoff,moderate,external_system_gap,document_or_image_quality_problem | delayed_or_staged_result_return,high,medium,HO1 | HO2 | HO3 | HO4,1.75,1.0,3,1.299038105676658,-1.4500000000000002,low_score | very_low_score | below_strong | high_judge_disagreement | closed_but_low_score | model_specific_weakness | serious_error_any_judge | minor_or_moderate_error_any_judge | important_non_chain_defect_any_judge,very_low_score,True,True,True,False,False,False,False,False,True,False,False,False,True,True,True,True,True
case_CL120_EHR_028__Qwen3-30B-A3B-Instruct-2507,case_CL120_EHR_028__anon_21a29381e739182e,case_CL120_EHR_028,Qwen3-30B-A3B-Instruct-2507,closed_success,25,174,25,25,14,46,35,40,True,1.7857142857142858,1,22,26,0,2,,,closed,terminal_safe_handoff_closed,endocrine_metabolic,hypoglycemia,post_handoff,moderate,misstated_family_or_patient_information,delayed_or_staged_result_return | low_adherence_or_refusal,high,medium,HO1 | HO2 | HO3 | HO4,1.5,1.0,2,0.8660254037844386,-0.8999999999999999,low_score | very_low_score | below_strong | heavy_workspace | high_judge_disagreement | workspace_overuse_candidate | long_or_tool_intensive_low_score | closed_but_low_score | serious_error_any_judge | minor_or_moderate_error_any_judge | important_non_chain_defect_any_judge,very_low_score,True,True,True,False,False,False,False,True,True,False,True,True,True,False,True,True,True
case_CL120_EHR_029__Qwen3-30B-A3B-Instruct-2507,case_CL120_EHR_029__anon_b53ae7509b783c71,case_CL120_EHR_029,Qwen3-30B-A3B-Instruct-2507,closed_success,8,79,8,8,5,21,18,18,True,1.6,1,8,9,0,5,,,closed,terminal_safe_episode_closed,endocrine_metabolic,thyroid_dysfunction,post_handoff,moderate,cost_transport_or_work_barrier,low_adherence_or_refusal | external_system_gap,high,medium,HO1 | HO2 | HO3 | HO4,3,3.0,4,2.0,-0.7999999999999998,low_score | below_strong | high_judge_disagreement | closed_but_low_score | serious_error_any_judge,closed_but_low_score,True,False,True,False,False,False,False,False,True,False,False,False,True,False,True,False,False
case_CL120_EHR_030__Qwen3-30B-A3B-Instruct-2507,case_CL120_EHR_030__anon_432bd12a59fc45ad,case_CL120_EHR_030,Qwen3-30B-A3B-Instruct-2507,closed_success,25,158,25,25,11,36,30,31,True,2.272727272727273,1,25,26,0,7,,,closed,terminal_safe_episode_closed,endocrine_metabolic,steroid_or_insulin_adjustment,post_handoff,moderate,privacy_stigma_or_sensitive_history,external_system_gap | misstated_family_or_patient_information,high,medium,HO1 | HO2 | HO3 | HO4,2.5,2.0,4,1.5,-0.2999999999999998,low_score | very_low_score | below_strong | heavy_workspace | high_judge_disagreement | workspace_overuse_candidate | long_or_tool_intensive_low_score | closed_but_low_score | serious_error_any_judge | minor_or_moderate_error_any_judge | important_non_chain_defect_any_judge,very_low_score,True,True,True,False,False,False,False,True,True,False,True,True,True,False,True,True,True
case_CL120_EHR_031__Qwen3-30B-A3B-Instruct-2507,case_CL120_EHR_031__anon_e05bd048790a95a6,case_CL120_EHR_031,Qwen3-30B-A3B-Instruct-2507,closed_success,9,86,9,9,5,24,20,20,True,1.8,1,7,0,10,3,,,closed,terminal_safe_episode_closed,endocrine_metabolic,obesity_sleep_apnea_metabolic_risk,result_return,moderate,incomplete_patient_information,misstated_family_or_patient_information | cost_transport_or_work_barrier,high,medium,HO1 | HO2 | HO3 | HO4,2.75,2.0,3,1.299038105676658,-0.6000000000000001,low_score | very_low_score | below_strong | high_judge_disagreement | closed_but_low_score | minor_or_moderate_error_any_judge,very_low_score,True,True,True,False,False,False,False,False,True,False,False,False,True,False,False,True,False
case_CL120_EHR_032__Qwen3-30B-A3B-Instruct-2507,case_CL120_EHR_032__anon_0d08dd32f959d335,case_CL120_EHR_032,Qwen3-30B-A3B-Instruct-2507,closed_success,17,165,17,17,13,44,37,39,True,1.3076923076923077,1,17,0,18,7,,,closed,terminal_safe_episode_closed,endocrine_metabolic,diabetes_sick_day,result_return,moderate,medication_confusion_or_execution_failure,cost_transport_or_work_barrier | privacy_stigma_or_sensitive_history,high,medium,HO1 | HO2 | HO3 | HO4,3,3.0,4,2.0,0.7000000000000002,low_score | below_strong | heavy_workspace | high_judge_disagreement | workspace_overuse_candidate | long_or_tool_intensive_low_score | closed_but_low_score | serious_error_any_judge | minor_or_moderate_error_any_judge,long_or_tool_intensive_low_score,True,False,True,False,False,False,False,True,True,False,True,True,True,False,True,True,False
case_CL120_EHR_033__Qwen3-30B-A3B-Instruct-2507,case_CL120_EHR_033__anon_69dd48bbfc0bf89e,case_CL120_EHR_033,Qwen3-30B-A3B-Instruct-2507,closed_success,15,100,15,15,6,23,21,21,True,2.5,1,15,16,0,4,,,closed,terminal_safe_episode_closed,endocrine_metabolic,hypoglycemia,home_execution_failure,heavy,caregiver_conflict_or_fatigue,privacy_stigma_or_sensitive_history | incomplete_patient_information,high,long,HO1 | HO2 | HO3 | HO4,2,1.0,4,1.7320508075688772,-2.25,low_score | very_low_score | below_strong | heavy_workspace | high_judge_disagreement | workspace_overuse_candidate | long_or_tool_intensive_low_score | closed_but_low_score | model_specific_weakness | serious_error_any_judge | minor_or_moderate_error_any_judge,very_low_score,True,True,True,False,False,False,False,True,True,False,True,True,True,True,True,True,False
case_CL120_EHR_034__Qwen3-30B-A3B-Instruct-2507,case_CL120_EHR_034__anon_4c7b07e1077a29ad,case_CL120_EHR_034,Qwen3-30B-A3B-Instruct-2507,closed_success,74,660,74,74,34,114,93,100,True,2.176470588235294,1,73,0,75,191,,,closed,terminal_safe_episode_closed,endocrine_metabolic,thyroid_dysfunction,longitudinal_followup,heavy,document_or_image_quality_problem,incomplete_patient_information | medication_confusion_or_execution_failure,high,long,HO1 | HO2 | HO3 | HO4,2.75,2.5,4,1.7853571071357126,0.10000000000000009,low_score | very_low_score | below_strong | high_turn | heavy_workspace | high_judge_disagreement | workspace_overuse_candidate | long_or_tool_intensive_low_score | closed_but_low_score | serious_error_any_judge | minor_or_moderate_error_any_judge | important_non_chain_defect_any_judge,very_low_score,True,True,True,True,False,False,False,True,True,False,True,True,True,False,True,True,True
case_CL120_EHR_035__Qwen3-30B-A3B-Instruct-2507,case_CL120_EHR_035__anon_d277286108266a46,case_CL120_EHR_035,Qwen3-30B-A3B-Instruct-2507,closed_success,61,267,61,61,15,51,44,45,True,4.066666666666666,1,61,0,62,3,,,closed,terminal_safe_episode_closed,endocrine_metabolic,steroid_or_insulin_adjustment,longitudinal_followup,extreme,delayed_or_staged_result_return,medication_confusion_or_execution_failure | caregiver_conflict_or_fatigue,high,extra_long,HO1 | HO2 | HO3 | HO4,1.5,1.0,2,0.8660254037844386,-1.6,low_score | very_low_score | below_strong | high_turn | heavy_workspace | high_judge_disagreement | workspace_overuse_candidate | long_or_tool_intensive_low_score | closed_but_low_score | model_specific_weakness | serious_error_any_judge | minor_or_moderate_error_any_judge | important_non_chain_defect_any_judge,very_low_score,True,True,True,True,False,False,False,True,True,False,True,True,True,True,True,True,True
case_CL120_EHR_036__Qwen3-30B-A3B-Instruct-2507,case_CL120_EHR_036__anon_851de2af65642117,case_CL120_EHR_036,Qwen3-30B-A3B-Instruct-2507,closed_success,28,167,28,28,10,40,33,33,True,2.8,1,25,0,29,3,,,closed,terminal_safe_handoff_closed,endocrine_metabolic,obesity_sleep_apnea_metabolic_risk,discharge_transition,light,low_adherence_or_refusal,caregiver_conflict_or_fatigue | document_or_image_quality_problem,high,medium,HO1 | HO2 | HO3 | HO4,2,1.0,4,1.7320508075688772,-1.0,low_score | very_low_score | below_strong | heavy_workspace | high_judge_disagreement | workspace_overuse_candidate | long_or_tool_intensive_low_score | closed_but_low_score | model_specific_weakness | serious_error_any_judge | minor_or_moderate_error_any_judge | important_non_chain_defect_any_judge,very_low_score,True,True,True,False,False,False,False,True,True,False,True,True,True,True,True,True,True
case_CL120_EHR_037__Qwen3-30B-A3B-Instruct-2507,case_CL120_EHR_037__anon_3b5bd867799a4f3f,case_CL120_EHR_037,Qwen3-30B-A3B-Instruct-2507,closed_success,52,490,52,52,26,85,72,76,True,2.0,1,52,48,5,150,,,closed,terminal_safe_episode_closed,endocrine_metabolic,diabetic_foot_wound_and_sick_day_medication_safety,home_execution_failure,light,external_system_gap,document_or_image_quality_problem | delayed_or_staged_result_return,high,medium,HO1 | HO2 | HO3 | HO4,2.75,2.5,4,1.7853571071357126,-0.75,low_score | very_low_score | below_strong | high_turn | heavy_workspace | high_judge_disagreement | workspace_overuse_candidate | long_or_tool_intensive_low_score | closed_but_low_score | serious_error_any_judge | minor_or_moderate_error_any_judge | important_non_chain_defect_any_judge,very_low_score,True,True,True,True,False,False,False,True,True,False,True,True,True,False,True,True,True
case_CL120_EHR_038__Qwen3-30B-A3B-Instruct-2507,case_CL120_EHR_038__anon_cf1e62c00f79c3e7,case_CL120_EHR_038,Qwen3-30B-A3B-Instruct-2507,closed_success,9,54,9,9,3,12,10,10,True,3.0,1,3,10,0,2,,,closed,terminal_safe_episode_closed,endocrine_metabolic,postoperative_glucose_variability_and_medication_safety,home_execution_failure,light,misstated_family_or_patient_information,delayed_or_staged_result_return | low_adherence_or_refusal,high,short,HO1 | HO2 | HO3 | HO4,3.75,4.5,4,1.6393596310755,1.35,high_judge_disagreement | serious_error_any_judge,high_judge_disagreement,False,False,False,False,False,False,False,False,True,False,False,False,False,False,True,False,False
case_CL120_EHR_039__Qwen3-30B-A3B-Instruct-2507,case_CL120_EHR_039__anon_2a3f81fa24817eaa,case_CL120_EHR_039,Qwen3-30B-A3B-Instruct-2507,closed_success,11,99,11,11,7,28,24,24,True,1.5714285714285714,1,10,0,12,0,,,closed,terminal_safe_episode_closed,renal_urology,ckd_med_reconciliation,post_handoff,light,cost_transport_or_work_barrier,low_adherence_or_refusal | external_system_gap,high,medium,HO1 | HO2 | HO3 | HO4,1.25,1.0,1,0.4330127018922193,-1.25,low_score | very_low_score | below_strong | heavy_workspace | workspace_overuse_candidate | long_or_tool_intensive_low_score | closed_but_low_score | model_specific_weakness | serious_error_any_judge | minor_or_moderate_error_any_judge,very_low_score,True,True,True,False,False,False,False,True,False,False,True,True,True,True,True,True,False
case_CL120_EHR_040__Qwen3-30B-A3B-Instruct-2507,case_CL120_EHR_040__anon_eb08df8957162636,case_CL120_EHR_040,Qwen3-30B-A3B-Instruct-2507,closed_success,9,72,9,9,5,19,16,16,True,1.8,1,6,10,0,2,,,closed,terminal_safe_episode_closed,renal_urology,uti_culture_action,post_handoff,light,privacy_stigma_or_sensitive_history,external_system_gap | misstated_family_or_patient_information,high,medium,HO1 | HO2 | HO3 | HO4,2,1.0,4,1.7320508075688772,-1.85,low_score | very_low_score | below_strong | high_judge_disagreement | closed_but_low_score | model_specific_weakness | serious_error_any_judge | minor_or_moderate_error_any_judge,very_low_score,True,True,True,False,False,False,False,False,True,False,False,False,True,True,True,True,False
case_CL120_EHR_041__Qwen3-30B-A3B-Instruct-2507,case_CL120_EHR_041__anon_ec59ff1425e2bc2b,case_CL120_EHR_041,Qwen3-30B-A3B-Instruct-2507,closed_success,16,115,16,16,7,31,25,25,True,2.2857142857142856,1,9,17,0,0,,,closed,terminal_safe_episode_closed,renal_urology,renal_function_abnormality_warning_and_result_followup,result_return,moderate,incomplete_patient_information,misstated_family_or_patient_information | cost_transport_or_work_barrier,high,medium,HO1 | HO2 | HO3 | HO4,3,3.0,4,2.0,-0.5499999999999998,low_score | below_strong | heavy_workspace | high_judge_disagreement | workspace_overuse_candidate | long_or_tool_intensive_low_score | closed_but_low_score | serious_error_any_judge | minor_or_moderate_error_any_judge,long_or_tool_intensive_low_score,True,False,True,False,False,False,False,True,True,False,True,True,True,False,True,True,False
case_CL120_EHR_042__Qwen3-30B-A3B-Instruct-2507,case_CL120_EHR_042__anon_729a76d4a24b43db,case_CL120_EHR_042,Qwen3-30B-A3B-Instruct-2507,closed_success,8,94,8,8,7,28,22,23,True,1.1428571428571428,1,8,0,9,4,,,closed,terminal_safe_episode_closed,renal_urology,stone_colic,result_return,moderate,medication_confusion_or_execution_failure,cost_transport_or_work_barrier | privacy_stigma_or_sensitive_history,high,medium,HO1 | HO2 | HO3 | HO4,2,1.0,4,1.7320508075688772,-1.7999999999999998,low_score | very_low_score | below_strong | heavy_workspace | high_judge_disagreement | workspace_overuse_candidate | long_or_tool_intensive_low_score | closed_but_low_score | model_specific_weakness | serious_error_any_judge | minor_or_moderate_error_any_judge,very_low_score,True,True,True,False,False,False,False,True,True,False,True,True,True,True,True,True,False
case_CL120_EHR_043__Qwen3-30B-A3B-Instruct-2507,case_CL120_EHR_043__anon_f4657e2047a39155,case_CL120_EHR_043,Qwen3-30B-A3B-Instruct-2507,closed_success,12,70,12,12,4,14,11,13,True,3.0,1,11,13,0,6,,,closed,terminal_bounded_episode_closed,renal_urology,anticoagulation_and_hematuria,home_execution_failure,moderate,caregiver_conflict_or_fatigue,privacy_stigma_or_sensitive_history | incomplete_patient_information,high,medium,HO1 | HO2 | HO3 | HO4,3.25,3.5,4,1.7853571071357126,0.10000000000000009,below_strong | high_judge_disagreement | serious_error_any_judge | minor_or_moderate_error_any_judge | important_non_chain_defect_any_judge,high_judge_disagreement,False,False,True,False,False,False,False,False,True,False,False,False,False,False,True,True,True
case_CL120_EHR_044__Qwen3-30B-A3B-Instruct-2507,case_CL120_EHR_044__anon_fd7754f85e4104e5,case_CL120_EHR_044,Qwen3-30B-A3B-Instruct-2507,closed_success,21,193,21,21,14,49,36,41,True,1.5,1,20,0,21,22,,,closed,terminal_safe_episode_closed,renal_urology,ckd_med_reconciliation,home_execution_failure,moderate,document_or_image_quality_problem,incomplete_patient_information | medication_confusion_or_execution_failure,high,medium,HO1 | HO2 | HO3 | HO4,2.5,2.0,4,1.5,-1.5499999999999998,low_score | very_low_score | below_strong | heavy_workspace | high_judge_disagreement | workspace_overuse_candidate | long_or_tool_intensive_low_score | closed_but_low_score | model_specific_weakness | serious_error_any_judge | minor_or_moderate_error_any_judge,very_low_score,True,True,True,False,False,False,False,True,True,False,True,True,True,True,True,True,False
case_CL120_EHR_045__Qwen3-30B-A3B-Instruct-2507,case_CL120_EHR_045__anon_552d69a3ea9ccdcb,case_CL120_EHR_045,Qwen3-30B-A3B-Instruct-2507,closed_success,26,136,26,26,11,29,24,26,True,2.3636363636363638,1,25,16,11,4,,,closed,terminal_safe_episode_closed,renal_urology,uti_culture_action,longitudinal_followup,moderate,delayed_or_staged_result_return,medication_confusion_or_execution_failure | caregiver_conflict_or_fatigue,high,medium,HO1 | HO2 | HO3 | HO4,2,1.0,4,1.7320508075688772,-1.1,low_score | very_low_score | below_strong | heavy_workspace | high_judge_disagreement | workspace_overuse_candidate | long_or_tool_intensive_low_score | closed_but_low_score | model_specific_weakness | serious_error_any_judge | minor_or_moderate_error_any_judge | important_non_chain_defect_any_judge,very_low_score,True,True,True,False,False,False,False,True,True,False,True,True,True,True,True,True,True
case_CL120_EHR_046__Qwen3-30B-A3B-Instruct-2507,case_CL120_EHR_046__anon_007b5b13f8ea57bf,case_CL120_EHR_046,Qwen3-30B-A3B-Instruct-2507,open_at_100,100,804,100,100,18,33,29,31,True,5.555555555555555,1,84,95,6,509,,,open,open_progressing,renal_urology,aki_warning,longitudinal_followup,moderate,low_adherence_or_refusal,caregiver_conflict_or_fatigue | document_or_image_quality_problem,high,medium,HO1 | HO2 | HO3 | HO4,2.5,2.5,3,1.5,-0.8500000000000001,low_score | very_low_score | below_strong | high_turn | very_high_turn | heavy_workspace | high_judge_disagreement | workspace_overuse_candidate | long_or_tool_intensive_low_score | serious_error_any_judge | minor_or_moderate_error_any_judge | important_non_chain_defect_any_judge,open_at_100,True,True,True,True,True,False,False,True,True,False,True,True,False,False,True,True,True
case_CL120_EHR_047__Qwen3-30B-A3B-Instruct-2507,case_CL120_EHR_047__anon_53ce3ded388b936d,case_CL120_EHR_047,Qwen3-30B-A3B-Instruct-2507,closed_success,16,136,16,16,8,37,31,31,True,2.0,1,13,17,0,4,,,closed,terminal_safe_episode_closed,renal_urology,stone_colic,discharge_transition,moderate,external_system_gap,document_or_image_quality_problem | delayed_or_staged_result_return,high,medium,HO1 | HO2 | HO3 | HO4,2,2.0,0,0.0,-0.2999999999999998,low_score | very_low_score | below_strong | heavy_workspace | workspace_overuse_candidate | long_or_tool_intensive_low_score | closed_but_low_score | minor_or_moderate_error_any_judge,very_low_score,True,True,True,False,False,False,False,True,False,False,True,True,True,False,False,True,False
case_CL120_EHR_048__Qwen3-30B-A3B-Instruct-2507,case_CL120_EHR_048__anon_6e397e137882d6c4,case_CL120_EHR_048,Qwen3-30B-A3B-Instruct-2507,closed_success,16,123,16,16,7,23,18,19,True,2.2857142857142856,1,15,17,0,27,,,closed,terminal_safe_episode_closed,renal_urology,renal_function_electrolyte_and_urine_color_medication_safety,home_execution_failure,moderate,misstated_family_or_patient_information,delayed_or_staged_result_return | low_adherence_or_refusal,high,medium,HO1 | HO2 | HO3 | HO4,2.5,2.0,4,1.5,-1.0,low_score | very_low_score | below_strong | heavy_workspace | high_judge_disagreement | workspace_overuse_candidate | long_or_tool_intensive_low_score | closed_but_low_score | model_specific_weakness | serious_error_any_judge | minor_or_moderate_error_any_judge | important_non_chain_defect_any_judge,very_low_score,True,True,True,False,False,False,False,True,True,False,True,True,True,True,True,True,True
case_CL120_EHR_049__Qwen3-30B-A3B-Instruct-2507,case_CL120_EHR_049__anon_b8b536536a93470d,case_CL120_EHR_049,Qwen3-30B-A3B-Instruct-2507,closed_success,5,53,5,5,4,16,13,13,True,1.25,1,4,0,6,0,,,closed,terminal_bounded_episode_closed,respiratory,pulmonary_sequestration_interventional_planning_and_cost_barrier,pre_handoff,moderate,cost_transport_or_work_barrier,low_adherence_or_refusal | external_system_gap,high,medium,HO1 | HO2 | HO3 | HO4,3.5,3.5,3,1.5,0.3500000000000001,below_strong | high_judge_disagreement | minor_or_moderate_error_any_judge | important_non_chain_defect_any_judge,high_judge_disagreement,False,False,True,False,False,False,False,False,True,False,False,False,False,False,False,True,True
case_CL120_EHR_050__Qwen3-30B-A3B-Instruct-2507,case_CL120_EHR_050__anon_ba5b17cdfb073971,case_CL120_EHR_050,Qwen3-30B-A3B-Instruct-2507,closed_success,29,189,29,29,11,47,39,39,True,2.6363636363636362,1,28,30,0,2,,,closed,terminal_safe_episode_closed,gastro_hepatology,viral_hepatitis_cirrhosis,post_handoff,heavy,privacy_stigma_or_sensitive_history,external_system_gap | misstated_family_or_patient_information,high,long,HO1 | HO2 | HO3 | HO4,2,1.0,4,1.7320508075688772,-1.0,low_score | very_low_score | below_strong | heavy_workspace | high_judge_disagreement | workspace_overuse_candidate | long_or_tool_intensive_low_score | closed_but_low_score | model_specific_weakness | serious_error_any_judge | minor_or_moderate_error_any_judge,very_low_score,True,True,True,False,False,False,False,True,True,False,True,True,True,True,True,True,False
case_CL120_EHR_051__Qwen3-30B-A3B-Instruct-2507,case_CL120_EHR_051__anon_b2c2ccf411f8338c,case_CL120_EHR_051,Qwen3-30B-A3B-Instruct-2507,closed_success,14,143,14,14,8,33,25,28,True,1.75,1,12,15,0,23,,,closed,terminal_safe_episode_closed,gastro_hepatology,abdominal_pain,post_handoff,heavy,incomplete_patient_information,misstated_family_or_patient_information | cost_transport_or_work_barrier,high,long,HO1 | HO2 | HO3 | HO4,2.25,1.5,4,1.6393596310755,-1.35,low_score | very_low_score | below_strong | heavy_workspace | high_judge_disagreement | workspace_overuse_candidate | long_or_tool_intensive_low_score | closed_but_low_score | model_specific_weakness | serious_error_any_judge | minor_or_moderate_error_any_judge,very_low_score,True,True,True,False,False,False,False,True,True,False,True,True,True,True,True,True,False
case_CL120_EHR_052__Qwen3-30B-A3B-Instruct-2507,case_CL120_EHR_052__anon_7afd1df843c81ddf,case_CL120_EHR_052,Qwen3-30B-A3B-Instruct-2507,closed_success,38,252,38,38,17,61,53,55,True,2.235294117647059,1,35,39,0,6,,,closed,terminal_safe_handoff_closed,gastro_hepatology,pancreatitis,result_return,extreme,medication_confusion_or_execution_failure,cost_transport_or_work_barrier | privacy_stigma_or_sensitive_history,high,extra_long,HO1 | HO2 | HO3 | HO4,2.25,1.5,4,1.6393596310755,-1.35,low_score | very_low_score | below_strong | heavy_workspace | high_judge_disagreement | workspace_overuse_candidate | long_or_tool_intensive_low_score | closed_but_low_score | model_specific_weakness | serious_error_any_judge | minor_or_moderate_error_any_judge | important_non_chain_defect_any_judge,very_low_score,True,True,True,False,False,False,False,True,True,False,True,True,True,True,True,True,True
case_CL120_EHR_053__Qwen3-30B-A3B-Instruct-2507,case_CL120_EHR_053__anon_ecfd3ef2ef8959bf,case_CL120_EHR_053,Qwen3-30B-A3B-Instruct-2507,closed_success,6,59,6,6,4,16,13,13,True,1.5,1,4,7,0,4,,,closed,terminal_safe_episode_closed,renal_urology,lupus_nephritis_steroid_and_followup_after_negative_covid_result,result_return,light,caregiver_conflict_or_fatigue,privacy_stigma_or_sensitive_history | incomplete_patient_information,high,medium,HO1 | HO2 | HO3 | HO4,2,2.0,0,0.0,-1.85,low_score | very_low_score | below_strong | closed_but_low_score | model_specific_weakness | minor_or_moderate_error_any_judge | important_non_chain_defect_any_judge,very_low_score,True,True,True,False,False,False,False,False,False,False,False,False,True,True,False,True,True
case_CL120_EHR_054__Qwen3-30B-A3B-Instruct-2507,case_CL120_EHR_054__anon_872240e9471957fb,case_CL120_EHR_054,Qwen3-30B-A3B-Instruct-2507,closed_success,4,30,4,4,2,7,6,6,True,2.0,1,2,5,0,2,,,closed,terminal_safe_episode_closed,gastro_hepatology,gi_bleeding,home_execution_failure,light,document_or_image_quality_problem,incomplete_patient_information | medication_confusion_or_execution_failure,high,medium,HO1 | HO2 | HO3 | HO4,2.5,2.5,3,1.5,0.2999999999999998,low_score | very_low_score | below_strong | high_judge_disagreement | closed_but_low_score | serious_error_any_judge,very_low_score,True,True,True,False,False,False,False,False,True,False,False,False,True,False,True,False,False
case_CL120_EHR_055__Qwen3-30B-A3B-Instruct-2507,case_CL120_EHR_055__anon_195acbc107ce672b,case_CL120_EHR_055,Qwen3-30B-A3B-Instruct-2507,closed_success,9,60,9,9,6,14,13,12,True,1.5,1,7,10,0,1,,,closed,terminal_safe_handoff_closed,gastro_hepatology,viral_hepatitis_cirrhosis,home_execution_failure,light,delayed_or_staged_result_return,medication_confusion_or_execution_failure | caregiver_conflict_or_fatigue,high,medium,HO1 | HO2 | HO3 | HO4,3,3.0,4,1.5811388300841898,-0.6000000000000001,low_score | below_strong | heavy_workspace | high_judge_disagreement | workspace_overuse_candidate | long_or_tool_intensive_low_score | closed_but_low_score | serious_error_any_judge | minor_or_moderate_error_any_judge,long_or_tool_intensive_low_score,True,False,True,False,False,False,False,True,True,False,True,True,True,False,True,True,False
case_CL120_EHR_056__Qwen3-30B-A3B-Instruct-2507,case_CL120_EHR_056__anon_b544bdcfa4f7cd9b,case_CL120_EHR_056,Qwen3-30B-A3B-Instruct-2507,closed_success,40,288,40,40,19,48,42,43,True,2.1052631578947367,1,33,41,0,65,,,closed,terminal_safe_episode_closed,gastro_hepatology,abdominal_pain,longitudinal_followup,light,low_adherence_or_refusal,caregiver_conflict_or_fatigue | document_or_image_quality_problem,high,medium,HO1 | HO2 | HO3 | HO4,3.75,4.5,4,1.6393596310755,0.8999999999999999,heavy_workspace | high_judge_disagreement | serious_error_any_judge | minor_or_moderate_error_any_judge,high_judge_disagreement,False,False,False,False,False,False,False,True,True,False,False,False,False,False,True,True,False
case_CL120_EHR_057__Qwen3-30B-A3B-Instruct-2507,case_CL120_EHR_057__anon_c5a8281c24a1dd11,case_CL120_EHR_057,Qwen3-30B-A3B-Instruct-2507,closed_success,4,37,4,4,2,10,8,8,True,2.0,1,2,0,5,1,,,closed,terminal_safe_episode_closed,gastro_hepatology,pancreatitis,discharge_transition,light,external_system_gap,document_or_image_quality_problem | delayed_or_staged_result_return,high,medium,HO1 | HO2 | HO3 | HO4,2.25,1.5,4,1.6393596310755,-0.8500000000000001,low_score | very_low_score | below_strong | high_judge_disagreement | closed_but_low_score | serious_error_any_judge | minor_or_moderate_error_any_judge | important_non_chain_defect_any_judge,very_low_score,True,True,True,False,False,False,False,False,True,False,False,False,True,False,True,True,True
case_CL120_EHR_058__Qwen3-30B-A3B-Instruct-2507,case_CL120_EHR_058__anon_02786bc660138646,case_CL120_EHR_058,Qwen3-30B-A3B-Instruct-2507,closed_success,12,104,12,12,7,26,23,23,True,1.7142857142857142,1,8,12,0,8,,,closed,terminal_safe_episode_closed,gastro_hepatology,colonoscopy_or_pathology_followup,discharge_transition,moderate,misstated_family_or_patient_information,delayed_or_staged_result_return | low_adherence_or_refusal,high,medium,HO1 | HO2 | HO3 | HO4,2.25,1.5,4,1.6393596310755,-0.8999999999999999,low_score | very_low_score | below_strong | heavy_workspace | high_judge_disagreement | workspace_overuse_candidate | long_or_tool_intensive_low_score | closed_but_low_score | serious_error_any_judge | minor_or_moderate_error_any_judge | important_non_chain_defect_any_judge,very_low_score,True,True,True,False,False,False,False,True,True,False,True,True,True,False,True,True,True
case_CL120_EHR_059__Qwen3-30B-A3B-Instruct-2507,case_CL120_EHR_059__anon_8c5685a060c33597,case_CL120_EHR_059,Qwen3-30B-A3B-Instruct-2507,closed_success,29,170,29,29,11,40,34,34,True,2.6363636363636362,1,28,0,30,0,,,closed,terminal_safe_episode_closed,gastro_hepatology,gi_bleeding,pre_handoff,moderate,cost_transport_or_work_barrier,low_adherence_or_refusal | external_system_gap,high,medium,HO1 | HO2 | HO3 | HO4,2.5,2.0,4,1.5,-1.15,low_score | very_low_score | below_strong | heavy_workspace | high_judge_disagreement | workspace_overuse_candidate | long_or_tool_intensive_low_score | closed_but_low_score | model_specific_weakness | serious_error_any_judge | minor_or_moderate_error_any_judge | important_non_chain_defect_any_judge,very_low_score,True,True,True,False,False,False,False,True,True,False,True,True,True,True,True,True,True
case_CL120_EHR_060__Qwen3-30B-A3B-Instruct-2507,case_CL120_EHR_060__anon_049ce660080c1a5f,case_CL120_EHR_060,Qwen3-30B-A3B-Instruct-2507,runtime_error,1,5,1,1,1,1,1,1,True,1.0,1,1,1,0,0,content_filter_400,RuntimeError,open,,gastro_hepatology,viral_hepatitis_cirrhosis,pre_handoff,moderate,privacy_stigma_or_sensitive_history,external_system_gap | misstated_family_or_patient_information,high,medium,HO1 | HO2 | HO3 | HO4,1,1.0,0,0.0,-0.30000000000000004,low_score | very_low_score | below_strong | sparse_workspace | workspace_underuse_candidate | serious_error_any_judge | minor_or_moderate_error_any_judge,runtime_error,True,True,True,False,False,False,True,False,False,True,False,False,False,False,True,True,False
case_CL120_EHR_061__Qwen3-30B-A3B-Instruct-2507,case_CL120_EHR_061__anon_9a38d5c0e3ce5aa8,case_CL120_EHR_061,Qwen3-30B-A3B-Instruct-2507,closed_success,12,99,12,12,7,26,22,22,True,1.7142857142857142,1,9,13,0,4,,,closed,terminal_safe_episode_closed,neurology,stroke_tia,post_handoff,moderate,incomplete_patient_information,misstated_family_or_patient_information | cost_transport_or_work_barrier,high,medium,HO1 | HO2 | HO3 | HO4,1.5,1.5,1,0.5,-1.4,low_score | very_low_score | below_strong | heavy_workspace | workspace_overuse_candidate | long_or_tool_intensive_low_score | closed_but_low_score | model_specific_weakness | serious_error_any_judge | minor_or_moderate_error_any_judge | important_non_chain_defect_any_judge,very_low_score,True,True,True,False,False,False,False,True,False,False,True,True,True,True,True,True,True
case_CL120_EHR_062__Qwen3-30B-A3B-Instruct-2507,case_CL120_EHR_062__anon_02a70383bdb0e07b,case_CL120_EHR_062,Qwen3-30B-A3B-Instruct-2507,closed_success,5,41,5,5,2,10,8,8,True,2.5,1,2,6,0,4,,,closed,terminal_safe_episode_closed,neurology,limb_numbness_weakness_preoperative_medication_and_followup,pre_handoff,moderate,medication_confusion_or_execution_failure,cost_transport_or_work_barrier | privacy_stigma_or_sensitive_history,high,medium,HO1 | HO2 | HO3 | HO4,3,2.5,3,1.224744871391589,-1.0,low_score | very_low_score | below_strong | high_judge_disagreement | closed_but_low_score | model_specific_weakness | minor_or_moderate_error_any_judge | important_non_chain_defect_any_judge,very_low_score,True,True,True,False,False,False,False,False,True,False,False,False,True,True,False,True,True
case_CL120_EHR_063__Qwen3-30B-A3B-Instruct-2507,case_CL120_EHR_063__anon_5a01f1e10d72a738,case_CL120_EHR_063,Qwen3-30B-A3B-Instruct-2507,closed_success,3,23,3,3,1,5,4,4,True,3.0,1,1,4,0,3,,,closed,terminal_bounded_episode_closed,neurology,headache_red_flag,result_return,moderate,caregiver_conflict_or_fatigue,privacy_stigma_or_sensitive_history | incomplete_patient_information,high,medium,HO1 | HO2 | HO3 | HO4,2,1.0,4,1.7320508075688772,-1.5,low_score | very_low_score | below_strong | sparse_workspace | high_judge_disagreement | workspace_underuse_candidate | closed_but_low_score | model_specific_weakness | serious_error_any_judge | minor_or_moderate_error_any_judge | important_non_chain_defect_any_judge,very_low_score,True,True,True,False,False,False,True,False,True,True,False,False,True,True,True,True,True
case_CL120_EHR_064__Qwen3-30B-A3B-Instruct-2507,case_CL120_EHR_064__anon_99026533a80a72f9,case_CL120_EHR_064,Qwen3-30B-A3B-Instruct-2507,closed_success,10,85,10,10,5,20,17,17,True,2.0,1,9,11,0,8,,,closed,terminal_safe_episode_closed,neurology,dementia_delirium,result_return,moderate,document_or_image_quality_problem,incomplete_patient_information | medication_confusion_or_execution_failure,high,medium,HO1 | HO2 | HO3 | HO4,1.5,1.5,1,0.5,-0.6499999999999999,low_score | very_low_score | below_strong | closed_but_low_score | serious_error_any_judge | minor_or_moderate_error_any_judge | important_non_chain_defect_any_judge,very_low_score,True,True,True,False,False,False,False,False,False,False,False,False,True,False,True,True,True
case_CL120_EHR_065__Qwen3-30B-A3B-Instruct-2507,case_CL120_EHR_065__anon_39532726b83864ba,case_CL120_EHR_065,Qwen3-30B-A3B-Instruct-2507,closed_success,5,54,5,5,3,15,12,12,True,1.6666666666666667,1,3,6,0,4,,,closed,terminal_safe_episode_closed,neurology,neuropathy_or_fall,home_execution_failure,moderate,delayed_or_staged_result_return,medication_confusion_or_execution_failure | caregiver_conflict_or_fatigue,high,medium,HO1 | HO2 | HO3 | HO4,1.5,1.0,2,0.8660254037844386,-1.4500000000000002,low_score | very_low_score | below_strong | high_judge_disagreement | closed_but_low_score | model_specific_weakness | serious_error_any_judge | minor_or_moderate_error_any_judge,very_low_score,True,True,True,False,False,False,False,False,True,False,False,False,True,True,True,True,False
case_CL120_EHR_066__Qwen3-30B-A3B-Instruct-2507,case_CL120_EHR_066__anon_a3fae785a101e64b,case_CL120_EHR_066,Qwen3-30B-A3B-Instruct-2507,closed_success,28,107,28,28,5,15,14,14,True,5.6,1,16,29,0,5,,,closed,terminal_safe_episode_closed,neurology,stroke_tia,home_execution_failure,moderate,low_adherence_or_refusal,caregiver_conflict_or_fatigue | document_or_image_quality_problem,high,medium,HO1 | HO2 | HO3 | HO4,4.25,5.0,3,1.299038105676658,1.5,high_judge_disagreement | minor_or_moderate_error_any_judge,high_judge_disagreement,False,False,False,False,False,False,False,False,True,False,False,False,False,False,False,True,False
case_CL120_EHR_067__Qwen3-30B-A3B-Instruct-2507,case_CL120_EHR_067__anon_a8eb1aef3241f61b,case_CL120_EHR_067,Qwen3-30B-A3B-Instruct-2507,closed_success,15,170,15,15,6,24,20,20,True,2.5,1,13,15,1,73,,,closed,terminal_safe_episode_closed,neurology,seizure,longitudinal_followup,heavy,external_system_gap,document_or_image_quality_problem | delayed_or_staged_result_return,high,long,HO1 | HO2 | HO3 | HO4,3.25,3.5,4,1.7853571071357126,0.3500000000000001,below_strong | heavy_workspace | high_judge_disagreement | workspace_overuse_candidate | long_or_tool_intensive_low_score | serious_error_any_judge | minor_or_moderate_error_any_judge,long_or_tool_intensive_low_score,False,False,True,False,False,False,False,True,True,False,True,True,False,False,True,True,False
case_CL120_EHR_068__Qwen3-30B-A3B-Instruct-2507,case_CL120_EHR_068__anon_09f5e6f69813d84b,case_CL120_EHR_068,Qwen3-30B-A3B-Instruct-2507,closed_success,13,81,13,13,6,19,16,16,True,2.1666666666666665,1,9,14,0,3,,,closed,terminal_safe_episode_closed,neurology,headache_red_flag,discharge_transition,heavy,misstated_family_or_patient_information,delayed_or_staged_result_return | low_adherence_or_refusal,high,long,HO1 | HO2 | HO3 | HO4,3.25,3.5,4,1.7853571071357126,-0.5499999999999998,below_strong | heavy_workspace | high_judge_disagreement | workspace_overuse_candidate | long_or_tool_intensive_low_score | serious_error_any_judge | minor_or_moderate_error_any_judge,long_or_tool_intensive_low_score,False,False,True,False,False,False,False,True,True,False,True,True,False,False,True,True,False
case_CL120_EHR_069__Qwen3-30B-A3B-Instruct-2507,case_CL120_EHR_069__anon_5923a62107bf256a,case_CL120_EHR_069,Qwen3-30B-A3B-Instruct-2507,closed_success,86,521,86,86,31,126,106,107,True,2.774193548387097,1,86,87,0,7,,,closed,terminal_bounded_episode_closed,neurology,dementia_delirium,discharge_transition,extreme,cost_transport_or_work_barrier,low_adherence_or_refusal | external_system_gap,high,extra_long,HO1 | HO2 | HO3 | HO4,2.5,2.0,4,1.5,-1.15,low_score | very_low_score | below_strong | high_turn | heavy_workspace | high_judge_disagreement | workspace_overuse_candidate | long_or_tool_intensive_low_score | closed_but_low_score | model_specific_weakness | serious_error_any_judge | minor_or_moderate_error_any_judge | important_non_chain_defect_any_judge,very_low_score,True,True,True,True,False,False,False,True,True,False,True,True,True,True,True,True,True
case_CL120_EHR_070__Qwen3-30B-A3B-Instruct-2507,case_CL120_EHR_070__anon_3160ebc9c14e3dc1,case_CL120_EHR_070,Qwen3-30B-A3B-Instruct-2507,closed_success,17,92,17,17,5,20,17,17,True,3.4,1,11,18,0,3,,,closed,terminal_safe_handoff_closed,neurology,neuropathy_or_fall,pre_handoff,light,privacy_stigma_or_sensitive_history,external_system_gap | misstated_family_or_patient_information,high,short,HO1 | HO2 | HO3 | HO4,3.25,3.0,3,1.299038105676658,-0.3999999999999999,low_score | below_strong | high_judge_disagreement | closed_but_low_score | minor_or_moderate_error_any_judge | important_non_chain_defect_any_judge,closed_but_low_score,True,False,True,False,False,False,False,False,True,False,False,False,True,False,False,True,True
case_CL120_EHR_071__Qwen3-30B-A3B-Instruct-2507,case_CL120_EHR_071__anon_55ed062364f1410e,case_CL120_EHR_071,Qwen3-30B-A3B-Instruct-2507,closed_success,4,45,4,4,3,12,10,10,True,1.3333333333333333,1,3,0,5,2,,,closed,terminal_safe_handoff_closed,obstetrics_gynecology,pregnancy_med_safety,pre_handoff,light,incomplete_patient_information,misstated_family_or_patient_information | cost_transport_or_work_barrier,high,short,HO1 | HO2 | HO3 | HO4,2.75,2.0,3,1.299038105676658,-0.3999999999999999,low_score | very_low_score | below_strong | high_judge_disagreement | closed_but_low_score | minor_or_moderate_error_any_judge | important_non_chain_defect_any_judge,very_low_score,True,True,True,False,False,False,False,False,True,False,False,False,True,False,False,True,True
case_CL120_EHR_072__Qwen3-30B-A3B-Instruct-2507,case_CL120_EHR_072__anon_f7e8e0af80922d61,case_CL120_EHR_072,Qwen3-30B-A3B-Instruct-2507,closed_success,28,172,28,28,11,31,27,28,True,2.5454545454545454,1,28,29,0,27,,,closed,terminal_safe_episode_closed,obstetrics_gynecology,ectopic_or_bleeding,post_handoff,light,medication_confusion_or_execution_failure,cost_transport_or_work_barrier | privacy_stigma_or_sensitive_history,high,medium,HO1 | HO2 | HO3 | HO4,4.25,5.0,3,1.299038105676658,1.5,heavy_workspace | high_judge_disagreement | minor_or_moderate_error_any_judge,high_judge_disagreement,False,False,False,False,False,False,False,True,True,False,False,False,False,False,False,True,False
case_CL120_EHR_073__Qwen3-30B-A3B-Instruct-2507,case_CL120_EHR_073__anon_4d7ad7ad81a71e7a,case_CL120_EHR_073,Qwen3-30B-A3B-Instruct-2507,closed_success,17,101,17,17,6,22,20,20,True,2.8333333333333335,1,12,18,0,3,,,closed,terminal_safe_episode_closed,obstetrics_gynecology,postpartum_warning,post_handoff,light,caregiver_conflict_or_fatigue,privacy_stigma_or_sensitive_history | incomplete_patient_information,high,medium,HO1 | HO2 | HO3 | HO4,4.25,5.0,3,1.299038105676658,0.9500000000000002,heavy_workspace | high_judge_disagreement | minor_or_moderate_error_any_judge,high_judge_disagreement,False,False,False,False,False,False,False,True,True,False,False,False,False,False,False,True,False
case_CL120_EHR_074__Qwen3-30B-A3B-Instruct-2507,case_CL120_EHR_074__anon_c4577bba00f2f148,case_CL120_EHR_074,Qwen3-30B-A3B-Instruct-2507,closed_success,4,38,4,4,2,10,8,8,True,2.0,1,2,0,5,2,,,closed,terminal_safe_episode_closed,obstetrics_gynecology,gynecologic_mass_pathway,result_return,light,document_or_image_quality_problem,incomplete_patient_information | medication_confusion_or_execution_failure,high,medium,HO1 | HO2 | HO3 | HO4,3.25,3.5,4,1.7853571071357126,-0.1499999999999999,below_strong | high_judge_disagreement | serious_error_any_judge | minor_or_moderate_error_any_judge | important_non_chain_defect_any_judge,high_judge_disagreement,False,False,True,False,False,False,False,False,True,False,False,False,False,False,True,True,True
case_CL120_EHR_075__Qwen3-30B-A3B-Instruct-2507,case_CL120_EHR_075__anon_a094e2439151e4d5,case_CL120_EHR_075,Qwen3-30B-A3B-Instruct-2507,closed_success,7,97,7,7,7,29,25,25,True,1.0,1,7,0,8,3,,,closed,terminal_safe_episode_closed,obstetrics_gynecology,pregnancy_med_safety,result_return,moderate,delayed_or_staged_result_return,medication_confusion_or_execution_failure | caregiver_conflict_or_fatigue,high,medium,HO1 | HO2 | HO3 | HO4,1,1.0,0,0.0,-1.85,low_score | very_low_score | below_strong | heavy_workspace | workspace_overuse_candidate | long_or_tool_intensive_low_score | closed_but_low_score | model_specific_weakness | serious_error_any_judge | minor_or_moderate_error_any_judge,very_low_score,True,True,True,False,False,False,False,True,False,False,True,True,True,True,True,True,False
case_CL120_EHR_076__Qwen3-30B-A3B-Instruct-2507,case_CL120_EHR_076__anon_e9ef90688b0a121f,case_CL120_EHR_076,Qwen3-30B-A3B-Instruct-2507,open_at_100,100,373,100,100,23,59,54,54,True,4.3478260869565215,1,95,0,101,0,,,open,open_progressing,obstetrics_gynecology,ectopic_or_bleeding,home_execution_failure,moderate,low_adherence_or_refusal,caregiver_conflict_or_fatigue | document_or_image_quality_problem,high,medium,HO1 | HO2 | HO3 | HO4,2.25,2.0,3,1.0897247358851685,-1.25,low_score | very_low_score | below_strong | high_turn | very_high_turn | heavy_workspace | high_judge_disagreement | workspace_overuse_candidate | long_or_tool_intensive_low_score | model_specific_weakness | serious_error_any_judge | minor_or_moderate_error_any_judge | important_non_chain_defect_any_judge,open_at_100,True,True,True,True,True,False,False,True,True,False,True,True,False,True,True,True,True
case_CL120_EHR_077__Qwen3-30B-A3B-Instruct-2507,case_CL120_EHR_077__anon_7dc376b20295ceb1,case_CL120_EHR_077,Qwen3-30B-A3B-Instruct-2507,closed_success,6,69,6,6,5,19,17,17,True,1.2,1,6,0,7,2,,,closed,terminal_safe_episode_closed,obstetrics_gynecology,postpartum_warning,home_execution_failure,moderate,external_system_gap,document_or_image_quality_problem | delayed_or_staged_result_return,high,medium,HO1 | HO2 | HO3 | HO4,3,3.0,2,1.0,0.0,low_score | below_strong | high_judge_disagreement | closed_but_low_score | minor_or_moderate_error_any_judge,closed_but_low_score,True,False,True,False,False,False,False,False,True,False,False,False,True,False,False,True,False
case_CL120_EHR_078__Qwen3-30B-A3B-Instruct-2507,case_CL120_EHR_078__anon_cdd5816bb9bb0181,case_CL120_EHR_078,Qwen3-30B-A3B-Instruct-2507,closed_success,25,129,25,25,8,26,22,22,True,3.125,1,23,26,0,7,,,closed,terminal_safe_episode_closed,obstetrics_gynecology,gynecologic_mass_pathway,longitudinal_followup,moderate,misstated_family_or_patient_information,delayed_or_staged_result_return | low_adherence_or_refusal,high,medium,HO1 | HO2 | HO3 | HO4,2.25,2.0,3,1.0897247358851685,-1.7999999999999998,low_score | very_low_score | below_strong | heavy_workspace | high_judge_disagreement | workspace_overuse_candidate | long_or_tool_intensive_low_score | closed_but_low_score | model_specific_weakness | serious_error_any_judge | minor_or_moderate_error_any_judge | important_non_chain_defect_any_judge,very_low_score,True,True,True,False,False,False,False,True,True,False,True,True,True,True,True,True,True
case_CL120_EHR_079__Qwen3-30B-A3B-Instruct-2507,case_CL120_EHR_079__anon_abc9fa3b14dc94dc,case_CL120_EHR_079,Qwen3-30B-A3B-Instruct-2507,closed_success,40,223,40,40,14,49,41,43,True,2.857142857142857,1,39,41,0,7,,,closed,terminal_safe_episode_closed,pediatrics,fever_dehydration,discharge_transition,moderate,cost_transport_or_work_barrier,low_adherence_or_refusal | external_system_gap,high,medium,HO1 | HO2 | HO3 | HO4,1.5,1.5,1,0.5,-1.0499999999999998,low_score | very_low_score | below_strong | heavy_workspace | workspace_overuse_candidate | long_or_tool_intensive_low_score | closed_but_low_score | model_specific_weakness | serious_error_any_judge | minor_or_moderate_error_any_judge | important_non_chain_defect_any_judge,very_low_score,True,True,True,False,False,False,False,True,False,False,True,True,True,True,True,True,True
case_CL120_EHR_080__Qwen3-30B-A3B-Instruct-2507,case_CL120_EHR_080__anon_db8f2af5a772aae3,case_CL120_EHR_080,Qwen3-30B-A3B-Instruct-2507,closed_success,8,86,8,8,6,24,21,21,True,1.3333333333333333,1,7,9,0,3,,,closed,terminal_safe_episode_closed,pediatrics,type1_diabetes_vomiting,discharge_transition,moderate,privacy_stigma_or_sensitive_history,external_system_gap | misstated_family_or_patient_information,high,medium,HO1 | HO2 | HO3 | HO4,2.75,2.0,3,1.299038105676658,-0.3500000000000001,low_score | very_low_score | below_strong | heavy_workspace | high_judge_disagreement | workspace_overuse_candidate | long_or_tool_intensive_low_score | closed_but_low_score | minor_or_moderate_error_any_judge | important_non_chain_defect_any_judge,very_low_score,True,True,True,False,False,False,False,True,True,False,True,True,True,False,False,True,True
case_CL120_EHR_081__Qwen3-30B-A3B-Instruct-2507,case_CL120_EHR_081__anon_dd70b7ecfe893ace,case_CL120_EHR_081,Qwen3-30B-A3B-Instruct-2507,closed_success,4,47,4,4,3,13,11,11,True,1.3333333333333333,1,3,5,0,3,,,closed,terminal_safe_episode_closed,pediatrics,short_stature_growth_hormone_deficiency_and_scoliosis_followup,discharge_transition,moderate,incomplete_patient_information,misstated_family_or_patient_information | cost_transport_or_work_barrier,high,medium,HO1 | HO2 | HO3 | HO4,3.5,3.5,3,1.5,0.2999999999999998,below_strong | high_judge_disagreement | minor_or_moderate_error_any_judge | important_non_chain_defect_any_judge,high_judge_disagreement,False,False,True,False,False,False,False,False,True,False,False,False,False,False,False,True,True
case_CL120_EHR_082__Qwen3-30B-A3B-Instruct-2507,case_CL120_EHR_082__anon_47d150e5d61a5cc8,case_CL120_EHR_082,Qwen3-30B-A3B-Instruct-2507,closed_success,6,52,6,6,3,13,11,11,True,2.0,1,3,7,0,4,,,closed,terminal_safe_handoff_closed,pediatrics,caregiver_medication_error,pre_handoff,moderate,medication_confusion_or_execution_failure,cost_transport_or_work_barrier | privacy_stigma_or_sensitive_history,high,medium,HO1 | HO2 | HO3 | HO4,2.5,2.0,4,1.5,-0.9500000000000002,low_score | very_low_score | below_strong | high_judge_disagreement | closed_but_low_score | serious_error_any_judge | minor_or_moderate_error_any_judge | important_non_chain_defect_any_judge,very_low_score,True,True,True,False,False,False,False,False,True,False,False,False,True,False,True,True,True
case_CL120_EHR_083__Qwen3-30B-A3B-Instruct-2507,case_CL120_EHR_083__anon_3ba2915972cc1732,case_CL120_EHR_083,Qwen3-30B-A3B-Instruct-2507,closed_success,9,52,9,9,3,11,10,10,True,3.0,1,7,10,0,2,,,closed,terminal_safe_episode_closed,pediatrics,fever_dehydration,post_handoff,moderate,caregiver_conflict_or_fatigue,privacy_stigma_or_sensitive_history | incomplete_patient_information,high,medium,HO1 | HO2 | HO3 | HO4,2.5,2.0,4,1.5,-1.0,low_score | very_low_score | below_strong | high_judge_disagreement | closed_but_low_score | model_specific_weakness | serious_error_any_judge | minor_or_moderate_error_any_judge | important_non_chain_defect_any_judge,very_low_score,True,True,True,False,False,False,False,False,True,False,False,False,True,True,True,True,True
case_CL120_EHR_084__Qwen3-30B-A3B-Instruct-2507,case_CL120_EHR_084__anon_19d664fafaa5439b,case_CL120_EHR_084,Qwen3-30B-A3B-Instruct-2507,closed_success,24,231,24,24,12,46,37,41,True,2.0,1,20,25,0,51,,,closed,terminal_safe_episode_closed,pediatrics,type1_diabetes_vomiting,post_handoff,heavy,document_or_image_quality_problem,incomplete_patient_information | medication_confusion_or_execution_failure,high,long,HO1 | HO2 | HO3 | HO4,1.25,1.0,1,0.4330127018922193,-1.9500000000000002,low_score | very_low_score | below_strong | heavy_workspace | workspace_overuse_candidate | long_or_tool_intensive_low_score | closed_but_low_score | model_specific_weakness | serious_error_any_judge | minor_or_moderate_error_any_judge | important_non_chain_defect_any_judge,very_low_score,True,True,True,False,False,False,False,True,False,False,True,True,True,True,True,True,True
case_CL120_EHR_085__Qwen3-30B-A3B-Instruct-2507,case_CL120_EHR_085__anon_04f4025537bd9436,case_CL120_EHR_085,Qwen3-30B-A3B-Instruct-2507,closed_success,7,63,7,7,4,17,14,14,True,1.75,1,4,8,0,2,,,closed,terminal_safe_episode_closed,pediatrics,asthma_child,result_return,heavy,delayed_or_staged_result_return,medication_confusion_or_execution_failure | caregiver_conflict_or_fatigue,high,long,HO1 | HO2 | HO3 | HO4,1.25,1.0,1,0.4330127018922193,-1.7999999999999998,low_score | very_low_score | below_strong | closed_but_low_score | model_specific_weakness | serious_error_any_judge | minor_or_moderate_error_any_judge | important_non_chain_defect_any_judge,very_low_score,True,True,True,False,False,False,False,False,False,False,False,False,True,True,True,True,True
case_CL120_EHR_086__Qwen3-30B-A3B-Instruct-2507,case_CL120_EHR_086__anon_745a5dcfe3d612d5,case_CL120_EHR_086,Qwen3-30B-A3B-Instruct-2507,closed_success,10,75,10,10,6,19,16,17,True,1.6666666666666667,1,9,11,0,2,,,closed,terminal_safe_episode_closed,pediatrics,caregiver_medication_error,result_return,heavy,low_adherence_or_refusal,caregiver_conflict_or_fatigue | document_or_image_quality_problem,high,long,HO1 | HO2 | HO3 | HO4,3.5,3.5,3,1.5,-0.20000000000000018,below_strong | heavy_workspace | high_judge_disagreement | workspace_overuse_candidate | long_or_tool_intensive_low_score | minor_or_moderate_error_any_judge,long_or_tool_intensive_low_score,False,False,True,False,False,False,False,True,True,False,True,True,False,False,False,True,False
case_CL120_EHR_087__Qwen3-30B-A3B-Instruct-2507,case_CL120_EHR_087__anon_1a3c5e08810e7e47,case_CL120_EHR_087,Qwen3-30B-A3B-Instruct-2507,closed_success,26,126,26,26,8,26,22,22,True,3.25,1,22,0,27,2,,,closed,terminal_safe_episode_closed,oncology_hematology,new_mass_staging,home_execution_failure,light,external_system_gap,document_or_image_quality_problem | delayed_or_staged_result_return,high,medium,HO1 | HO2 | HO3 | HO4,2.25,2.0,3,1.299038105676658,-0.9500000000000002,low_score | very_low_score | below_strong | heavy_workspace | high_judge_disagreement | workspace_overuse_candidate | long_or_tool_intensive_low_score | closed_but_low_score | serious_error_any_judge | minor_or_moderate_error_any_judge,very_low_score,True,True,True,False,False,False,False,True,True,False,True,True,True,False,True,True,False
case_CL120_EHR_088__Qwen3-30B-A3B-Instruct-2507,case_CL120_EHR_088__anon_88d0d432fb0d163a,case_CL120_EHR_088,Qwen3-30B-A3B-Instruct-2507,closed_success,6,67,6,6,5,18,16,16,True,1.2,1,5,7,0,4,,,closed,terminal_safe_episode_closed,oncology_hematology,chemotherapy_complication,home_execution_failure,light,misstated_family_or_patient_information,delayed_or_staged_result_return | low_adherence_or_refusal,high,medium,HO1 | HO2 | HO3 | HO4,2.25,1.5,4,1.6393596310755,-1.0,low_score | very_low_score | below_strong | high_judge_disagreement | closed_but_low_score | model_specific_weakness | serious_error_any_judge | minor_or_moderate_error_any_judge,very_low_score,True,True,True,False,False,False,False,False,True,False,False,False,True,True,True,True,False
case_CL120_EHR_089__Qwen3-30B-A3B-Instruct-2507,case_CL120_EHR_089__anon_f45548014904ed35,case_CL120_EHR_089,Qwen3-30B-A3B-Instruct-2507,closed_success,47,243,47,47,14,36,30,31,True,3.357142857142857,1,38,46,2,50,,,closed,terminal_safe_handoff_closed,oncology_hematology,anemia_bleeding,longitudinal_followup,light,cost_transport_or_work_barrier,low_adherence_or_refusal | external_system_gap,high,medium,HO1 | HO2 | HO3 | HO4,4.25,5.0,3,1.299038105676658,1.0,heavy_workspace | high_judge_disagreement | minor_or_moderate_error_any_judge | important_non_chain_defect_any_judge,high_judge_disagreement,False,False,False,False,False,False,False,True,True,False,False,False,False,False,False,True,True
case_CL120_EHR_090__Qwen3-30B-A3B-Instruct-2507,case_CL120_EHR_090__anon_9f9302feb277d6f8,case_CL120_EHR_090,Qwen3-30B-A3B-Instruct-2507,closed_success,14,201,14,14,12,48,40,40,True,1.1666666666666667,1,14,15,0,38,,,closed,terminal_safe_episode_closed,oncology_hematology,palliative_transition,discharge_transition,light,privacy_stigma_or_sensitive_history,external_system_gap | misstated_family_or_patient_information,high,medium,HO1 | HO2 | HO3 | HO4,1,1.0,0,0.0,-2.05,low_score | very_low_score | below_strong | heavy_workspace | workspace_overuse_candidate | long_or_tool_intensive_low_score | closed_but_low_score | model_specific_weakness | serious_error_any_judge | minor_or_moderate_error_any_judge | important_non_chain_defect_any_judge,very_low_score,True,True,True,False,False,False,False,True,False,False,True,True,True,True,True,True,True
case_CL120_EHR_091__Qwen3-30B-A3B-Instruct-2507,case_CL120_EHR_091__anon_6d7890bc56804f6c,case_CL120_EHR_091,Qwen3-30B-A3B-Instruct-2507,closed_success,20,79,20,20,5,13,11,11,True,4.0,1,19,21,0,3,,,closed,terminal_safe_episode_closed,oncology_hematology,family_disclosure,discharge_transition,light,incomplete_patient_information,misstated_family_or_patient_information | cost_transport_or_work_barrier,high,medium,HO1 | HO2 | HO3 | HO4,2.5,2.0,4,1.5,-0.3999999999999999,low_score | very_low_score | below_strong | high_judge_disagreement | closed_but_low_score | serious_error_any_judge | minor_or_moderate_error_any_judge | important_non_chain_defect_any_judge,very_low_score,True,True,True,False,False,False,False,False,True,False,False,False,True,False,True,True,True
case_CL120_EHR_092__Qwen3-30B-A3B-Instruct-2507,case_CL120_EHR_092__anon_c796c3e0069e2a61,case_CL120_EHR_092,Qwen3-30B-A3B-Instruct-2507,closed_success,2,18,2,2,1,5,4,4,True,2.0,1,1,3,0,0,,,closed,terminal_safe_handoff_closed,oncology_hematology,new_mass_staging,pre_handoff,light,medication_confusion_or_execution_failure,cost_transport_or_work_barrier | privacy_stigma_or_sensitive_history,high,short,HO1 | HO2 | HO3 | HO4,1.75,2.0,1,0.4330127018922193,-0.6000000000000001,low_score | very_low_score | below_strong | sparse_workspace | workspace_underuse_candidate | closed_but_low_score | serious_error_any_judge | minor_or_moderate_error_any_judge | important_non_chain_defect_any_judge,very_low_score,True,True,True,False,False,False,True,False,False,True,False,False,True,False,True,True,True
case_CL120_EHR_093__Qwen3-30B-A3B-Instruct-2507,case_CL120_EHR_093__anon_afd1a8bcfaae1ed0,case_CL120_EHR_093,Qwen3-30B-A3B-Instruct-2507,closed_success,5,35,5,5,3,7,6,6,True,1.6666666666666667,1,5,6,0,5,,,closed,terminal_safe_handoff_closed,oncology_hematology,chemotherapy_complication,pre_handoff,moderate,caregiver_conflict_or_fatigue,privacy_stigma_or_sensitive_history | incomplete_patient_information,high,medium,HO1 | HO2 | HO3 | HO4,2,1.0,4,1.7320508075688772,-1.25,low_score | very_low_score | below_strong | high_judge_disagreement | closed_but_low_score | model_specific_weakness | serious_error_any_judge | minor_or_moderate_error_any_judge,very_low_score,True,True,True,False,False,False,False,False,True,False,False,False,True,True,True,True,False
case_CL120_EHR_094__Qwen3-30B-A3B-Instruct-2507,case_CL120_EHR_094__anon_56a0ea3c9412da23,case_CL120_EHR_094,Qwen3-30B-A3B-Instruct-2507,open_at_100,100,666,100,100,34,90,74,84,True,2.9411764705882355,1,100,92,9,205,,,open,open_progressing,oncology_hematology,anemia_bleeding,post_handoff,moderate,document_or_image_quality_problem,incomplete_patient_information | medication_confusion_or_execution_failure,high,medium,HO1 | HO2 | HO3 | HO4,1.75,2.0,1,0.4330127018922193,-1.2999999999999998,low_score | very_low_score | below_strong | high_turn | very_high_turn | heavy_workspace | workspace_overuse_candidate | long_or_tool_intensive_low_score | model_specific_weakness | serious_error_any_judge | minor_or_moderate_error_any_judge | important_non_chain_defect_any_judge,open_at_100,True,True,True,True,True,False,False,True,False,False,True,True,False,True,True,True,True
case_CL120_EHR_095__Qwen3-30B-A3B-Instruct-2507,case_CL120_EHR_095__anon_41f5e3ee5e35ec0e,case_CL120_EHR_095,Qwen3-30B-A3B-Instruct-2507,closed_success,32,223,32,32,15,58,45,51,True,2.1333333333333333,1,32,32,1,3,,,closed,terminal_safe_episode_closed,oncology_hematology,palliative_transition,post_handoff,moderate,delayed_or_staged_result_return,medication_confusion_or_execution_failure | caregiver_conflict_or_fatigue,high,medium,HO1 | HO2 | HO3 | HO4,1.75,1.0,3,1.299038105676658,-1.7999999999999998,low_score | very_low_score | below_strong | heavy_workspace | high_judge_disagreement | workspace_overuse_candidate | long_or_tool_intensive_low_score | closed_but_low_score | model_specific_weakness | serious_error_any_judge | minor_or_moderate_error_any_judge | important_non_chain_defect_any_judge,very_low_score,True,True,True,False,False,False,False,True,True,False,True,True,True,True,True,True,True
case_CL120_EHR_096__Qwen3-30B-A3B-Instruct-2507,case_CL120_EHR_096__anon_9a3fcc24e02b21b2,case_CL120_EHR_096,Qwen3-30B-A3B-Instruct-2507,closed_success,34,254,34,34,7,25,22,23,True,4.857142857142857,1,33,35,0,114,,,closed,terminal_safe_episode_closed,oncology_hematology,family_disclosure,result_return,moderate,low_adherence_or_refusal,caregiver_conflict_or_fatigue | document_or_image_quality_problem,high,medium,HO1 | HO2 | HO3 | HO4,4,4.5,3,1.224744871391589,0.5499999999999998,heavy_workspace | high_judge_disagreement | minor_or_moderate_error_any_judge,high_judge_disagreement,False,False,False,False,False,False,False,True,True,False,False,False,False,False,False,True,False
case_CL120_EHR_097__Qwen3-30B-A3B-Instruct-2507,case_CL120_EHR_097__anon_704d693b2240658a,case_CL120_EHR_097,Qwen3-30B-A3B-Instruct-2507,closed_success,9,50,9,9,2,10,8,8,True,4.5,1,2,10,0,5,,,closed,terminal_bounded_episode_closed,infectious_disease,culture_result_action,result_return,moderate,external_system_gap,document_or_image_quality_problem | delayed_or_staged_result_return,high,medium,HO1 | HO2 | HO3 | HO4,2.25,2.0,3,1.0897247358851685,-1.1,low_score | very_low_score | below_strong | high_judge_disagreement | closed_but_low_score | model_specific_weakness | serious_error_any_judge | minor_or_moderate_error_any_judge | important_non_chain_defect_any_judge,very_low_score,True,True,True,False,False,False,False,False,True,False,False,False,True,True,True,True,True
case_CL120_EHR_098__Qwen3-30B-A3B-Instruct-2507,case_CL120_EHR_098__anon_222dac1c82ebdd35,case_CL120_EHR_098,Qwen3-30B-A3B-Instruct-2507,closed_success,40,272,40,40,8,14,12,13,True,5.0,1,31,40,1,150,,,closed,terminal_safe_episode_closed,infectious_disease,sepsis_warning,home_execution_failure,moderate,misstated_family_or_patient_information,delayed_or_staged_result_return | low_adherence_or_refusal,high,medium,HO1 | HO2 | HO3 | HO4,3.5,3.5,3,1.5,-0.2999999999999998,below_strong | heavy_workspace | high_judge_disagreement | workspace_overuse_candidate | long_or_tool_intensive_low_score | minor_or_moderate_error_any_judge | important_non_chain_defect_any_judge,long_or_tool_intensive_low_score,False,False,True,False,False,False,False,True,True,False,True,True,False,False,False,True,True
case_CL120_EHR_099__Qwen3-30B-A3B-Instruct-2507,case_CL120_EHR_099__anon_6e5d4dbc6720f512,case_CL120_EHR_099,Qwen3-30B-A3B-Instruct-2507,closed_success,21,62,21,21,3,7,6,6,True,7.0,1,18,22,0,0,,,closed,terminal_safe_episode_closed,infectious_disease,tb_or_hbv_stigma,home_execution_failure,moderate,cost_transport_or_work_barrier,low_adherence_or_refusal | external_system_gap,high,medium,HO1 | HO2 | HO3 | HO4,2.75,2.5,4,1.7853571071357126,-1.0499999999999998,low_score | very_low_score | below_strong | high_judge_disagreement | closed_but_low_score | model_specific_weakness | serious_error_any_judge | minor_or_moderate_error_any_judge | important_non_chain_defect_any_judge,very_low_score,True,True,True,False,False,False,False,False,True,False,False,False,True,True,True,True,True
case_CL120_EHR_100__Qwen3-30B-A3B-Instruct-2507,case_CL120_EHR_100__anon_64304c9a3c55b85d,case_CL120_EHR_100,Qwen3-30B-A3B-Instruct-2507,closed_success,11,98,11,11,6,26,21,22,True,1.8333333333333333,1,7,0,12,5,,,closed,terminal_safe_episode_closed,infectious_disease,antibiotic_allergy_or_adherence,longitudinal_followup,moderate,privacy_stigma_or_sensitive_history,external_system_gap | misstated_family_or_patient_information,high,medium,HO1 | HO2 | HO3 | HO4,2.5,2.0,4,1.5,-0.8500000000000001,low_score | very_low_score | below_strong | heavy_workspace | high_judge_disagreement | workspace_overuse_candidate | long_or_tool_intensive_low_score | closed_but_low_score | serious_error_any_judge | minor_or_moderate_error_any_judge,very_low_score,True,True,True,False,False,False,False,True,True,False,True,True,True,False,True,True,False
case_CL120_EHR_101__Qwen3-30B-A3B-Instruct-2507,case_CL120_EHR_101__anon_9d57c31e7a18f1d1,case_CL120_EHR_101,Qwen3-30B-A3B-Instruct-2507,closed_success,7,73,7,7,5,20,17,17,True,1.4,1,7,8,0,4,,,closed,terminal_safe_episode_closed,infectious_disease,culture_result_action,discharge_transition,heavy,incomplete_patient_information,misstated_family_or_patient_information | cost_transport_or_work_barrier,high,long,HO1 | HO2 | HO3 | HO4,3,3.0,4,2.0,-0.5,low_score | below_strong | high_judge_disagreement | closed_but_low_score | serious_error_any_judge | minor_or_moderate_error_any_judge,closed_but_low_score,True,False,True,False,False,False,False,False,True,False,False,False,True,False,True,True,False
case_CL120_EHR_102__Qwen3-30B-A3B-Instruct-2507,case_CL120_EHR_102__anon_19c60d0500a99b8b,case_CL120_EHR_102,Qwen3-30B-A3B-Instruct-2507,closed_success,18,162,18,18,14,43,39,39,True,1.2857142857142858,1,17,0,19,2,,,closed,terminal_safe_episode_closed,infectious_disease,sepsis_warning,discharge_transition,heavy,medication_confusion_or_execution_failure,cost_transport_or_work_barrier | privacy_stigma_or_sensitive_history,high,long,HO1 | HO2 | HO3 | HO4,3.5,3.5,3,1.5,-0.3500000000000001,below_strong | heavy_workspace | high_judge_disagreement | workspace_overuse_candidate | long_or_tool_intensive_low_score | minor_or_moderate_error_any_judge | important_non_chain_defect_any_judge,long_or_tool_intensive_low_score,False,False,True,False,False,False,False,True,True,False,True,True,False,False,False,True,True
case_CL120_EHR_103__Qwen3-30B-A3B-Instruct-2507,case_CL120_EHR_103__anon_d3d5ddb81da34846,case_CL120_EHR_103,Qwen3-30B-A3B-Instruct-2507,closed_success,6,50,6,6,3,13,11,11,True,2.0,1,3,7,0,2,,,closed,terminal_safe_handoff_closed,infectious_disease,transplant_patient_hbv_tb_stigma_and_immunosuppression_safety,pre_handoff,heavy,caregiver_conflict_or_fatigue,privacy_stigma_or_sensitive_history | incomplete_patient_information,high,long,HO1 | HO2 | HO3 | HO4,3.25,3.5,4,1.7853571071357126,0.20000000000000018,below_strong | high_judge_disagreement | serious_error_any_judge | minor_or_moderate_error_any_judge,high_judge_disagreement,False,False,True,False,False,False,False,False,True,False,False,False,False,False,True,True,False
case_CL120_EHR_104__Qwen3-30B-A3B-Instruct-2507,case_CL120_EHR_104__anon_f4f706477a879312,case_CL120_EHR_104,Qwen3-30B-A3B-Instruct-2507,closed_success,13,68,13,13,6,13,12,12,True,2.1666666666666665,1,13,14,0,4,,,closed,terminal_safe_handoff_closed,infectious_disease,antibiotic_allergy_or_adherence,pre_handoff,light,document_or_image_quality_problem,incomplete_patient_information | medication_confusion_or_execution_failure,high,short,HO1 | HO2 | HO3 | HO4,3.5,3.5,3,1.5,0.25,below_strong | heavy_workspace | high_judge_disagreement | workspace_overuse_candidate | long_or_tool_intensive_low_score | minor_or_moderate_error_any_judge,long_or_tool_intensive_low_score,False,False,True,False,False,False,False,True,True,False,True,True,False,False,False,True,False
case_CL120_EHR_105__Qwen3-30B-A3B-Instruct-2507,case_CL120_EHR_105__anon_56424cbd842a6fa0,case_CL120_EHR_105,Qwen3-30B-A3B-Instruct-2507,closed_success,20,95,20,20,6,19,16,16,True,3.3333333333333335,1,18,21,0,2,,,closed,terminal_safe_episode_closed,musculoskeletal_geriatrics,fracture_fall_prevention,post_handoff,light,delayed_or_staged_result_return,medication_confusion_or_execution_failure | caregiver_conflict_or_fatigue,high,medium,HO1 | HO2 | HO3 | HO4,2.25,1.5,4,1.6393596310755,-1.4,low_score | very_low_score | below_strong | heavy_workspace | high_judge_disagreement | workspace_overuse_candidate | long_or_tool_intensive_low_score | closed_but_low_score | model_specific_weakness | serious_error_any_judge | minor_or_moderate_error_any_judge | important_non_chain_defect_any_judge,very_low_score,True,True,True,False,False,False,False,True,True,False,True,True,True,True,True,True,True
case_CL120_EHR_106__Qwen3-30B-A3B-Instruct-2507,case_CL120_EHR_106__anon_67f41a6967169042,case_CL120_EHR_106,Qwen3-30B-A3B-Instruct-2507,closed_success,13,101,13,13,8,27,23,23,True,1.625,1,13,14,0,1,,,closed,terminal_safe_episode_closed,musculoskeletal_geriatrics,osteoporosis,post_handoff,light,low_adherence_or_refusal,caregiver_conflict_or_fatigue | document_or_image_quality_problem,high,medium,HO1 | HO2 | HO3 | HO4,3.75,4.0,3,1.0897247358851685,0.3999999999999999,heavy_workspace | high_judge_disagreement | minor_or_moderate_error_any_judge | important_non_chain_defect_any_judge,high_judge_disagreement,False,False,False,False,False,False,False,True,True,False,False,False,False,False,False,True,True
case_CL120_EHR_107__Qwen3-30B-A3B-Instruct-2507,case_CL120_EHR_107__anon_1295d2cc78811764,case_CL120_EHR_107,Qwen3-30B-A3B-Instruct-2507,closed_success,13,107,13,13,8,26,24,24,True,1.625,1,9,14,0,6,,,closed,terminal_safe_episode_closed,musculoskeletal_geriatrics,polypharmacy,result_return,light,external_system_gap,document_or_image_quality_problem | delayed_or_staged_result_return,high,medium,HO1 | HO2 | HO3 | HO4,3.75,4.0,3,1.299038105676658,0.7999999999999998,heavy_workspace | high_judge_disagreement | minor_or_moderate_error_any_judge | important_non_chain_defect_any_judge,high_judge_disagreement,False,False,False,False,False,False,False,True,True,False,False,False,False,False,False,True,True
case_CL120_EHR_108__Qwen3-30B-A3B-Instruct-2507,case_CL120_EHR_108__anon_0f553955ce2777ed,case_CL120_EHR_108,Qwen3-30B-A3B-Instruct-2507,closed_success,4,51,4,4,3,15,12,12,True,1.3333333333333333,1,3,5,0,3,,,closed,terminal_safe_episode_closed,musculoskeletal_geriatrics,frailty_caregiver_execution,result_return,light,misstated_family_or_patient_information,delayed_or_staged_result_return | low_adherence_or_refusal,high,medium,HO1 | HO2 | HO3 | HO4,2.75,3.0,3,1.299038105676658,0.1499999999999999,low_score | below_strong | high_judge_disagreement | closed_but_low_score | serious_error_any_judge | minor_or_moderate_error_any_judge,closed_but_low_score,True,False,True,False,False,False,False,False,True,False,False,False,True,False,True,True,False
case_CL120_EHR_109__Qwen3-30B-A3B-Instruct-2507,case_CL120_EHR_109__anon_c33d0408aedc1ba1,case_CL120_EHR_109,Qwen3-30B-A3B-Instruct-2507,closed_success,4,64,4,4,4,20,16,16,True,1.0,1,4,5,0,3,,,closed,terminal_safe_episode_closed,musculoskeletal_geriatrics,fracture_fall_prevention,home_execution_failure,light,cost_transport_or_work_barrier,low_adherence_or_refusal | external_system_gap,high,medium,HO1 | HO2 | HO3 | HO4,1.75,2.0,1,0.4330127018922193,-1.25,low_score | very_low_score | below_strong | closed_but_low_score | model_specific_weakness | serious_error_any_judge | minor_or_moderate_error_any_judge,very_low_score,True,True,True,False,False,False,False,False,False,False,False,False,True,True,True,True,False
case_CL120_EHR_110__Qwen3-30B-A3B-Instruct-2507,case_CL120_EHR_110__anon_b09b687a427e16ae,case_CL120_EHR_110,Qwen3-30B-A3B-Instruct-2507,closed_success,20,153,20,20,12,36,31,32,True,1.6666666666666667,1,17,21,0,12,,,closed,terminal_safe_episode_closed,musculoskeletal_geriatrics,osteoporosis,home_execution_failure,moderate,privacy_stigma_or_sensitive_history,external_system_gap | misstated_family_or_patient_information,high,medium,HO1 | HO2 | HO3 | HO4,2.5,2.0,2,0.8660254037844386,-0.1499999999999999,low_score | very_low_score | below_strong | heavy_workspace | high_judge_disagreement | workspace_overuse_candidate | long_or_tool_intensive_low_score | closed_but_low_score | minor_or_moderate_error_any_judge | important_non_chain_defect_any_judge,very_low_score,True,True,True,False,False,False,False,True,True,False,True,True,True,False,False,True,True
case_CL120_EHR_111__Qwen3-30B-A3B-Instruct-2507,case_CL120_EHR_111__anon_f707364138f61bf9,case_CL120_EHR_111,Qwen3-30B-A3B-Instruct-2507,closed_success,6,54,6,6,3,15,12,12,True,2.0,1,3,7,0,1,,,closed,terminal_safe_handoff_closed,musculoskeletal_geriatrics,polypharmacy,longitudinal_followup,moderate,incomplete_patient_information,misstated_family_or_patient_information | cost_transport_or_work_barrier,high,medium,HO1 | HO2 | HO3 | HO4,1.5,1.5,1,0.5,-0.8500000000000001,low_score | very_low_score | below_strong | closed_but_low_score | serious_error_any_judge | minor_or_moderate_error_any_judge | important_non_chain_defect_any_judge,very_low_score,True,True,True,False,False,False,False,False,False,False,False,False,True,False,True,True,True
case_CL120_EHR_112__Qwen3-30B-A3B-Instruct-2507,case_CL120_EHR_112__anon_7518f7f51c4a0568,case_CL120_EHR_112,Qwen3-30B-A3B-Instruct-2507,closed_success,6,54,6,6,3,15,12,12,True,2.0,1,4,7,0,2,,,closed,terminal_safe_episode_closed,musculoskeletal_geriatrics,frailty_caregiver_execution,discharge_transition,moderate,medication_confusion_or_execution_failure,cost_transport_or_work_barrier | privacy_stigma_or_sensitive_history,high,medium,HO1 | HO2 | HO3 | HO4,3.5,3.5,3,1.5,-0.10000000000000009,below_strong | high_judge_disagreement | minor_or_moderate_error_any_judge,high_judge_disagreement,False,False,True,False,False,False,False,False,True,False,False,False,False,False,False,True,False
case_CL120_EHR_113__Qwen3-30B-A3B-Instruct-2507,case_CL120_EHR_113__anon_985b7f4495f33b76,case_CL120_EHR_113,Qwen3-30B-A3B-Instruct-2507,closed_success,16,191,16,16,12,40,32,34,True,1.3333333333333333,1,15,17,0,49,,,closed,terminal_safe_handoff_closed,mental_health_somatic,anxiety_depression_somatic_red_flag_and_followup,longitudinal_followup,moderate,caregiver_conflict_or_fatigue,privacy_stigma_or_sensitive_history | incomplete_patient_information,high,medium,HO1 | HO2 | HO3 | HO4,1,1.0,0,0.0,-2.3,low_score | very_low_score | below_strong | heavy_workspace | workspace_overuse_candidate | long_or_tool_intensive_low_score | closed_but_low_score | model_specific_weakness | serious_error_any_judge | minor_or_moderate_error_any_judge | important_non_chain_defect_any_judge,very_low_score,True,True,True,False,False,False,False,True,False,False,True,True,True,True,True,True,True
case_CL120_EHR_114__Qwen3-30B-A3B-Instruct-2507,case_CL120_EHR_114__anon_a1a2a6fdba8e8d30,case_CL120_EHR_114,Qwen3-30B-A3B-Instruct-2507,closed_success,6,52,6,6,4,12,11,11,True,1.5,1,5,7,0,5,,,closed,terminal_safe_handoff_closed,mental_health_somatic,depression_adherence,pre_handoff,moderate,document_or_image_quality_problem,incomplete_patient_information | medication_confusion_or_execution_failure,high,medium,HO1 | HO2 | HO3 | HO4,3.5,3.5,3,1.5,1.0,below_strong | high_judge_disagreement | minor_or_moderate_error_any_judge | important_non_chain_defect_any_judge,high_judge_disagreement,False,False,True,False,False,False,False,False,True,False,False,False,False,False,False,True,True
case_CL120_EHR_115__Qwen3-30B-A3B-Instruct-2507,case_CL120_EHR_115__anon_527bbfb7e0e82afc,case_CL120_EHR_115,Qwen3-30B-A3B-Instruct-2507,closed_success,19,171,19,19,12,46,39,39,True,1.5833333333333333,1,18,20,0,8,,,closed,terminal_safe_episode_closed,mental_health_somatic,stigma_hidden_history,pre_handoff,moderate,delayed_or_staged_result_return,medication_confusion_or_execution_failure | caregiver_conflict_or_fatigue,high,medium,HO1 | HO2 | HO3 | HO4,3.25,3.5,4,1.7853571071357126,-0.04999999999999982,below_strong | heavy_workspace | high_judge_disagreement | workspace_overuse_candidate | long_or_tool_intensive_low_score | serious_error_any_judge | minor_or_moderate_error_any_judge,long_or_tool_intensive_low_score,False,False,True,False,False,False,False,True,True,False,True,True,False,False,True,True,False
case_CL120_EHR_116__Qwen3-30B-A3B-Instruct-2507,case_CL120_EHR_116__anon_2c4a584488a386e3,case_CL120_EHR_116,Qwen3-30B-A3B-Instruct-2507,closed_success,14,107,14,14,4,12,10,11,True,3.5,1,5,15,0,43,,,closed,terminal_safe_handoff_closed,mental_health_somatic,anxiety_somatic_red_flag,post_handoff,moderate,low_adherence_or_refusal,caregiver_conflict_or_fatigue | document_or_image_quality_problem,high,medium,HO1 | HO2 | HO3 | HO4,1,1.0,0,0.0,-1.5,low_score | very_low_score | below_strong | closed_but_low_score | model_specific_weakness | serious_error_any_judge | minor_or_moderate_error_any_judge | important_non_chain_defect_any_judge,very_low_score,True,True,True,False,False,False,False,False,False,False,False,False,True,True,True,True,True
case_CL120_EHR_117__Qwen3-30B-A3B-Instruct-2507,case_CL120_EHR_117__anon_97183b454391d93e,case_CL120_EHR_117,Qwen3-30B-A3B-Instruct-2507,closed_success,15,154,15,15,9,38,30,32,True,1.6666666666666667,1,15,16,0,21,,,closed,terminal_safe_episode_closed,mental_health_somatic,depression_adherence,post_handoff,moderate,external_system_gap,document_or_image_quality_problem | delayed_or_staged_result_return,high,medium,HO1 | HO2 | HO3 | HO4,1,1.0,0,0.0,-1.4,low_score | very_low_score | below_strong | heavy_workspace | workspace_overuse_candidate | long_or_tool_intensive_low_score | closed_but_low_score | model_specific_weakness | serious_error_any_judge | minor_or_moderate_error_any_judge,very_low_score,True,True,True,False,False,False,False,True,False,False,True,True,True,True,True,True,False
case_CL120_EHR_118__Qwen3-30B-A3B-Instruct-2507,case_CL120_EHR_118__anon_edab564c04d09cf0,case_CL120_EHR_118,Qwen3-30B-A3B-Instruct-2507,closed_success,5,49,5,5,3,13,11,11,True,1.6666666666666667,1,3,6,0,3,,,closed,terminal_bounded_episode_closed,dermatology_ent_ophthalmology,rash_drug_reaction,result_return,heavy,misstated_family_or_patient_information,delayed_or_staged_result_return | low_adherence_or_refusal,high,long,HO1 | HO2 | HO3 | HO4,3,3.0,4,1.5811388300841898,-0.25,low_score | below_strong | high_judge_disagreement | closed_but_low_score | serious_error_any_judge | minor_or_moderate_error_any_judge,closed_but_low_score,True,False,True,False,False,False,False,False,True,False,False,False,True,False,True,True,False
case_CL120_EHR_119__Qwen3-30B-A3B-Instruct-2507,case_CL120_EHR_119__anon_409f796ca9121973,case_CL120_EHR_119,Qwen3-30B-A3B-Instruct-2507,runtime_error,30,212,30,30,17,52,45,47,True,1.7647058823529411,1,29,0,30,4,content_filter_400,RuntimeError,open,,dermatology_ent_ophthalmology,vision_red_flag,result_return,heavy,cost_transport_or_work_barrier,low_adherence_or_refusal | external_system_gap,high,long,HO1 | HO2 | HO3 | HO4,3.25,3.0,3,1.299038105676658,-0.3999999999999999,low_score | below_strong | heavy_workspace | high_judge_disagreement | workspace_overuse_candidate | long_or_tool_intensive_low_score | minor_or_moderate_error_any_judge,runtime_error,True,False,True,False,False,False,False,True,True,False,True,True,False,False,False,True,False
case_CL120_EHR_120__Qwen3-30B-A3B-Instruct-2507,case_CL120_EHR_120__anon_8e33319159de4cb4,case_CL120_EHR_120,Qwen3-30B-A3B-Instruct-2507,closed_success,14,120,14,14,9,34,27,28,True,1.5555555555555556,1,14,0,15,1,,,closed,terminal_safe_episode_closed,dermatology_ent_ophthalmology,otitis_sinus_complication,home_execution_failure,heavy,privacy_stigma_or_sensitive_history,external_system_gap | misstated_family_or_patient_information,high,long,HO1 | HO2 | HO3 | HO4,2.5,2.0,2,0.8660254037844386,-0.6499999999999999,low_score | very_low_score | below_strong | heavy_workspace | high_judge_disagreement | workspace_overuse_candidate | long_or_tool_intensive_low_score | closed_but_low_score | minor_or_moderate_error_any_judge | important_non_chain_defect_any_judge,very_low_score,True,True,True,False,False,False,False,True,True,False,True,True,True,False,False,True,True
case_CL120_EHR_001__Qwen3.8-Max,case_CL120_EHR_001__anon_34d3ebd3c75fe288,case_CL120_EHR_001,Qwen3.8-Max,closed_success,13,69,13,13,4,14,12,12,True,3.25,1,13,14,0,4,,,closed,terminal_safe_episode_closed,cardiovascular,chest_pain_acs_dissection,longitudinal_followup,light,incomplete_patient_information,misstated_family_or_patient_information | cost_transport_or_work_barrier,high,medium,HO1 | HO2 | HO3 | HO4,3.5,3.5,3,1.5,0.6499999999999999,below_strong | high_judge_disagreement | minor_or_moderate_error_any_judge | important_non_chain_defect_any_judge,high_judge_disagreement,False,False,True,False,False,False,False,False,True,False,False,False,False,False,False,True,True
case_CL120_EHR_002__Qwen3.8-Max,case_CL120_EHR_002__anon_38c9d580c68644c3,case_CL120_EHR_002,Qwen3.8-Max,closed_success,28,95,28,28,5,13,12,12,True,5.6,1,7,29,0,1,,,closed,terminal_safe_episode_closed,cardiovascular,heart_failure_decompensation,longitudinal_followup,light,medication_confusion_or_execution_failure,cost_transport_or_work_barrier | privacy_stigma_or_sensitive_history,high,medium,HO1 | HO2 | HO3 | HO4,3,3.0,4,2.0,0.10000000000000009,low_score | below_strong | high_judge_disagreement | closed_but_low_score | serious_error_any_judge | minor_or_moderate_error_any_judge | important_non_chain_defect_any_judge,closed_but_low_score,True,False,True,False,False,False,False,False,True,False,False,False,True,False,True,True,True
case_CL120_EHR_003__Qwen3.8-Max,case_CL120_EHR_003__anon_cb463d3d489ee356,case_CL120_EHR_003,Qwen3.8-Max,runtime_error,30,88,30,30,4,8,7,7,True,7.5,1,4,30,0,6,content_filter_400,RuntimeError,open,,cardiovascular,atrial_fibrillation_anticoagulation,discharge_transition,light,caregiver_conflict_or_fatigue,privacy_stigma_or_sensitive_history | incomplete_patient_information,high,medium,HO1 | HO2 | HO3 | HO4,2.75,2.5,4,1.7853571071357126,-0.5,low_score | very_low_score | below_strong | high_judge_disagreement | serious_error_any_judge | minor_or_moderate_error_any_judge | important_non_chain_defect_any_judge,runtime_error,True,True,True,False,False,False,False,False,True,False,False,False,False,False,True,True,True
case_CL120_EHR_004__Qwen3.8-Max,case_CL120_EHR_004__anon_100cf60325a4a486,case_CL120_EHR_004,Qwen3.8-Max,closed_success,5,27,5,5,3,4,4,4,True,1.6666666666666667,1,4,6,0,4,,,closed,terminal_safe_episode_closed,dermatology_ent_ophthalmology,cataract_postoperative_medication_and_followup,discharge_transition,light,document_or_image_quality_problem,incomplete_patient_information | medication_confusion_or_execution_failure,high,medium,HO1 | HO2 | HO3 | HO4,3.5,4.0,4,1.5,1.2000000000000002,high_judge_disagreement | serious_error_any_judge | minor_or_moderate_error_any_judge,high_judge_disagreement,False,False,False,False,False,False,False,False,True,False,False,False,False,False,True,True,False
case_CL120_EHR_005__Qwen3.8-Max,case_CL120_EHR_005__anon_94aab43c299b090f,case_CL120_EHR_005,Qwen3.8-Max,closed_success,4,31,4,4,2,4,4,4,True,2.0,1,2,5,0,9,,,closed,terminal_safe_handoff_closed,cardiovascular,syncope,pre_handoff,light,delayed_or_staged_result_return,medication_confusion_or_execution_failure | caregiver_conflict_or_fatigue,high,short,HO1 | HO2 | HO3 | HO4,4.5,4.5,1,0.5,0.8500000000000001,,no_major_failure_flag,False,False,False,False,False,False,False,False,False,False,False,False,False,False,False,False,False
case_CL120_EHR_006__Qwen3.8-Max,case_CL120_EHR_006__anon_2c78d3983675aa67,case_CL120_EHR_006,Qwen3.8-Max,closed_success,16,44,16,16,1,2,2,2,True,16.0,1,1,17,0,5,,,closed,terminal_safe_handoff_closed,cardiovascular,chest_pain_acs_dissection,pre_handoff,light,low_adherence_or_refusal,caregiver_conflict_or_fatigue | document_or_image_quality_problem,high,short,HO1 | HO2 | HO3 | HO4,1.5,1.5,1,0.5,-2.4,low_score | very_low_score | below_strong | sparse_workspace | workspace_underuse_candidate | closed_but_low_score | model_specific_weakness | serious_error_any_judge | minor_or_moderate_error_any_judge | important_non_chain_defect_any_judge,very_low_score,True,True,True,False,False,False,True,False,False,True,False,False,True,True,True,True,True
case_CL120_EHR_007__Qwen3.8-Max,case_CL120_EHR_007__anon_9172d00587ce69fe,case_CL120_EHR_007,Qwen3.8-Max,closed_success,7,72,7,7,4,11,10,10,True,1.75,1,5,8,0,23,,,closed,terminal_safe_episode_closed,cardiovascular,heart_failure_decompensation,post_handoff,moderate,external_system_gap,document_or_image_quality_problem | delayed_or_staged_result_return,high,medium,HO1 | HO2 | HO3 | HO4,2.75,2.5,4,1.7853571071357126,-0.10000000000000009,low_score | very_low_score | below_strong | high_judge_disagreement | closed_but_low_score | serious_error_any_judge | minor_or_moderate_error_any_judge,very_low_score,True,True,True,False,False,False,False,False,True,False,False,False,True,False,True,True,False
case_CL120_EHR_008__Qwen3.8-Max,case_CL120_EHR_008__anon_7c23bba3378f3372,case_CL120_EHR_008,Qwen3.8-Max,closed_success,14,57,14,14,5,9,8,8,True,2.8,1,13,15,0,3,,,closed,terminal_safe_episode_closed,cardiovascular,atrial_fibrillation_anticoagulation,post_handoff,moderate,misstated_family_or_patient_information,delayed_or_staged_result_return | low_adherence_or_refusal,high,medium,HO1 | HO2 | HO3 | HO4,4.5,4.5,1,0.5,0.8999999999999999,,no_major_failure_flag,False,False,False,False,False,False,False,False,False,False,False,False,False,False,False,False,False
case_CL120_EHR_009__Qwen3.8-Max,case_CL120_EHR_009__anon_ad44d6c5c1e17509,case_CL120_EHR_009,Qwen3.8-Max,closed_success,15,59,15,15,4,8,8,8,True,3.75,1,9,16,0,4,,,closed,terminal_safe_episode_closed,cardiovascular,hypertension_urgency,result_return,moderate,cost_transport_or_work_barrier,low_adherence_or_refusal | external_system_gap,high,medium,HO1 | HO2 | HO3 | HO4,3.5,3.5,3,1.118033988749895,0.6000000000000001,below_strong | high_judge_disagreement | minor_or_moderate_error_any_judge,high_judge_disagreement,False,False,True,False,False,False,False,False,True,False,False,False,False,False,False,True,False
case_CL120_EHR_010__Qwen3.8-Max,case_CL120_EHR_010__anon_87cbb0814f6ba4f8,case_CL120_EHR_010,Qwen3.8-Max,closed_success,16,59,16,16,4,8,8,8,True,4.0,1,15,17,0,2,,,closed,terminal_safe_episode_closed,cardiovascular,syncope,result_return,moderate,privacy_stigma_or_sensitive_history,external_system_gap | misstated_family_or_patient_information,high,medium,HO1 | HO2 | HO3 | HO4,4,5.0,4,1.7320508075688772,1.0499999999999998,high_judge_disagreement | serious_error_any_judge | minor_or_moderate_error_any_judge | important_non_chain_defect_any_judge,high_judge_disagreement,False,False,False,False,False,False,False,False,True,False,False,False,False,False,True,True,True
case_CL120_EHR_011__Qwen3.8-Max,case_CL120_EHR_011__anon_233e6550d120a15f,case_CL120_EHR_011,Qwen3.8-Max,closed_success,53,129,53,53,1,5,4,4,True,53.0,1,1,54,0,9,,,closed,terminal_safe_episode_closed,cardiovascular,chest_pain_acs_dissection,home_execution_failure,moderate,incomplete_patient_information,misstated_family_or_patient_information | cost_transport_or_work_barrier,high,medium,HO1 | HO2 | HO3 | HO4,3.25,3.0,3,1.299038105676658,-0.7000000000000002,low_score | below_strong | high_turn | sparse_workspace | high_judge_disagreement | workspace_underuse_candidate | long_or_tool_intensive_low_score | closed_but_low_score | minor_or_moderate_error_any_judge | important_non_chain_defect_any_judge,long_or_tool_intensive_low_score,True,False,True,True,False,False,True,False,True,True,False,True,True,False,False,True,True
case_CL120_EHR_012__Qwen3.8-Max,case_CL120_EHR_012__anon_98082289602f21e7,case_CL120_EHR_012,Qwen3.8-Max,closed_success,52,130,52,52,3,8,7,7,True,17.333333333333332,1,4,53,0,3,,,closed,terminal_safe_episode_closed,cardiovascular,heart_failure_decompensation,longitudinal_followup,moderate,medication_confusion_or_execution_failure,cost_transport_or_work_barrier | privacy_stigma_or_sensitive_history,high,medium,HO1 | HO2 | HO3 | HO4,3.5,3.5,3,1.5,0.2999999999999998,below_strong | high_turn | high_judge_disagreement | long_or_tool_intensive_low_score | minor_or_moderate_error_any_judge,long_or_tool_intensive_low_score,False,False,True,True,False,False,False,False,True,False,False,True,False,False,False,True,False
case_CL120_EHR_013__Qwen3.8-Max,case_CL120_EHR_013__anon_0ebcc722a28d0698,case_CL120_EHR_013,Qwen3.8-Max,closed_success,6,37,6,6,4,8,7,7,True,1.5,1,4,7,0,2,,,closed,terminal_safe_episode_closed,cardiovascular,atrial_fibrillation_anticoagulation,longitudinal_followup,moderate,caregiver_conflict_or_fatigue,privacy_stigma_or_sensitive_history | incomplete_patient_information,high,medium,HO1 | HO2 | HO3 | HO4,3.5,4.0,4,1.6583123951777,0.3999999999999999,high_judge_disagreement | serious_error_any_judge,high_judge_disagreement,False,False,False,False,False,False,False,False,True,False,False,False,False,False,True,False,False
case_CL120_EHR_014__Qwen3.8-Max,case_CL120_EHR_014__anon_170465efe94f2a86,case_CL120_EHR_014,Qwen3.8-Max,closed_success,8,47,8,8,2,10,9,8,True,4.0,1,2,8,0,4,,,closed,terminal_safe_episode_closed,cardiovascular,hypertension_urgency,discharge_transition,moderate,document_or_image_quality_problem,incomplete_patient_information | medication_confusion_or_execution_failure,high,medium,HO1 | HO2 | HO3 | HO4,2.75,2.0,3,1.299038105676658,-1.1,low_score | very_low_score | below_strong | high_judge_disagreement | closed_but_low_score | model_specific_weakness | minor_or_moderate_error_any_judge | important_non_chain_defect_any_judge,very_low_score,True,True,True,False,False,False,False,False,True,False,False,False,True,True,False,True,True
case_CL120_EHR_015__Qwen3.8-Max,case_CL120_EHR_015__anon_0b7a78fce96149ff,case_CL120_EHR_015,Qwen3.8-Max,closed_success,25,70,25,25,3,4,4,4,True,8.333333333333334,1,13,26,0,7,,,closed,terminal_safe_episode_closed,respiratory,suspected_pulmonary_embolism_result_and_anticoagulation_followup,result_return,heavy,delayed_or_staged_result_return,medication_confusion_or_execution_failure | caregiver_conflict_or_fatigue,high,long,HO1 | HO2 | HO3 | HO4,3.75,4.5,4,1.6393596310755,0.8500000000000001,high_judge_disagreement | serious_error_any_judge | minor_or_moderate_error_any_judge | important_non_chain_defect_any_judge,high_judge_disagreement,False,False,False,False,False,False,False,False,True,False,False,False,False,False,True,True,True
case_CL120_EHR_016__Qwen3.8-Max,case_CL120_EHR_016__anon_9d70b9cc4ebefcc5,case_CL120_EHR_016,Qwen3.8-Max,closed_success,3,18,3,3,1,3,3,3,True,3.0,1,1,4,0,2,,,closed,terminal_safe_handoff_closed,respiratory,pneumonia,pre_handoff,heavy,low_adherence_or_refusal,caregiver_conflict_or_fatigue | document_or_image_quality_problem,high,long,HO1 | HO2 | HO3 | HO4,2.75,3.0,3,1.299038105676658,0.0,low_score | below_strong | sparse_workspace | high_judge_disagreement | workspace_underuse_candidate | closed_but_low_score | serious_error_any_judge | minor_or_moderate_error_any_judge,workspace_underuse_candidate,True,False,True,False,False,False,True,False,True,True,False,False,True,False,True,True,False
case_CL120_EHR_017__Qwen3.8-Max,case_CL120_EHR_017__anon_5ade20fe13fa5299,case_CL120_EHR_017,Qwen3.8-Max,closed_success,63,182,63,63,6,17,15,15,True,10.5,1,39,64,0,7,,,closed,terminal_safe_episode_closed,respiratory,lung_nodule_mass,post_handoff,heavy,external_system_gap,document_or_image_quality_problem | delayed_or_staged_result_return,high,long,HO1 | HO2 | HO3 | HO4,4,5.0,4,1.7320508075688772,0.7999999999999998,high_turn | heavy_workspace | high_judge_disagreement | serious_error_any_judge | minor_or_moderate_error_any_judge | important_non_chain_defect_any_judge,high_judge_disagreement,False,False,False,True,False,False,False,True,True,False,False,False,False,False,True,True,True
case_CL120_EHR_018__Qwen3.8-Max,case_CL120_EHR_018__anon_c89ab012fc3e8e5e,case_CL120_EHR_018,Qwen3.8-Max,closed_success,16,71,16,16,3,12,11,11,True,5.333333333333333,1,13,17,0,4,,,closed,terminal_safe_episode_closed,respiratory,pulmonary_embolism,post_handoff,extreme,misstated_family_or_patient_information,delayed_or_staged_result_return | low_adherence_or_refusal,high,extra_long,HO1 | HO2 | HO3 | HO4,2.25,2.0,3,1.0897247358851685,-0.6000000000000001,low_score | very_low_score | below_strong | high_judge_disagreement | closed_but_low_score | serious_error_any_judge | minor_or_moderate_error_any_judge | important_non_chain_defect_any_judge,very_low_score,True,True,True,False,False,False,False,False,True,False,False,False,True,False,True,True,True
case_CL120_EHR_019__Qwen3.8-Max,case_CL120_EHR_019__anon_ad73e712f5301649,case_CL120_EHR_019,Qwen3.8-Max,closed_success,18,82,18,18,4,16,13,13,True,4.5,1,5,19,0,2,,,closed,terminal_safe_episode_closed,respiratory,home_oxygen_or_inhaler_execution,post_handoff,light,cost_transport_or_work_barrier,low_adherence_or_refusal | external_system_gap,high,medium,HO1 | HO2 | HO3 | HO4,3,3.0,4,1.5811388300841898,-0.5499999999999998,low_score | below_strong | high_judge_disagreement | closed_but_low_score | serious_error_any_judge | minor_or_moderate_error_any_judge,closed_but_low_score,True,False,True,False,False,False,False,False,True,False,False,False,True,False,True,True,False
case_CL120_EHR_020__Qwen3.8-Max,case_CL120_EHR_020__anon_6bf9dfc06fda76ba,case_CL120_EHR_020,Qwen3.8-Max,closed_success,3,22,3,3,1,5,4,4,True,3.0,1,1,4,0,2,,,closed,terminal_safe_episode_closed,respiratory,asthma_copd_exacerbation,result_return,light,privacy_stigma_or_sensitive_history,external_system_gap | misstated_family_or_patient_information,high,medium,HO1 | HO2 | HO3 | HO4,2.5,2.0,4,1.5,0.10000000000000009,low_score | very_low_score | below_strong | sparse_workspace | high_judge_disagreement | workspace_underuse_candidate | closed_but_low_score | serious_error_any_judge | minor_or_moderate_error_any_judge,very_low_score,True,True,True,False,False,False,True,False,True,True,False,False,True,False,True,True,False
case_CL120_EHR_021__Qwen3.8-Max,case_CL120_EHR_021__anon_597946fc8ce13629,case_CL120_EHR_021,Qwen3.8-Max,closed_success,50,158,50,50,11,16,16,16,True,4.545454545454546,1,50,51,0,5,,,closed,terminal_safe_episode_closed,respiratory,pneumonia,result_return,light,incomplete_patient_information,misstated_family_or_patient_information | cost_transport_or_work_barrier,high,medium,HO1 | HO2 | HO3 | HO4,2.75,2.5,4,1.479019945774904,-0.5499999999999998,low_score | very_low_score | below_strong | high_turn | heavy_workspace | high_judge_disagreement | workspace_overuse_candidate | long_or_tool_intensive_low_score | closed_but_low_score | serious_error_any_judge | minor_or_moderate_error_any_judge,very_low_score,True,True,True,True,False,False,False,True,True,False,True,True,True,False,True,True,False
case_CL120_EHR_022__Qwen3.8-Max,case_CL120_EHR_022__anon_e20c0e5c7ce58902,case_CL120_EHR_022,Qwen3.8-Max,closed_success,6,50,6,6,3,12,10,10,True,2.0,1,3,0,7,5,,,closed,terminal_safe_episode_closed,respiratory,lung_nodule_mass,home_execution_failure,light,medication_confusion_or_execution_failure,cost_transport_or_work_barrier | privacy_stigma_or_sensitive_history,high,medium,HO1 | HO2 | HO3 | HO4,1.25,1.0,1,0.4330127018922193,-0.8500000000000001,low_score | very_low_score | below_strong | closed_but_low_score | serious_error_any_judge | minor_or_moderate_error_any_judge,very_low_score,True,True,True,False,False,False,False,False,False,False,False,False,True,False,True,True,False
case_CL120_EHR_023__Qwen3.8-Max,case_CL120_EHR_023__anon_05d8a49792dcb7bc,case_CL120_EHR_023,Qwen3.8-Max,closed_success,25,71,25,25,2,6,5,5,True,12.5,1,2,26,0,4,,,closed,terminal_safe_episode_closed,respiratory,pulmonary_embolism,longitudinal_followup,light,caregiver_conflict_or_fatigue,privacy_stigma_or_sensitive_history | incomplete_patient_information,high,medium,HO1 | HO2 | HO3 | HO4,3,3.0,4,2.0,1.1,low_score | below_strong | high_judge_disagreement | closed_but_low_score | serious_error_any_judge | minor_or_moderate_error_any_judge | important_non_chain_defect_any_judge,closed_but_low_score,True,False,True,False,False,False,False,False,True,False,False,False,True,False,True,True,True
case_CL120_EHR_024__Qwen3.8-Max,case_CL120_EHR_024__anon_3f5da2e0cad16222,case_CL120_EHR_024,Qwen3.8-Max,closed_success,7,61,7,7,4,16,13,13,True,1.75,1,4,8,0,3,,,closed,terminal_safe_episode_closed,respiratory,home_oxygen_or_inhaler_execution,longitudinal_followup,moderate,document_or_image_quality_problem,incomplete_patient_information | medication_confusion_or_execution_failure,high,medium,HO1 | HO2 | HO3 | HO4,2.75,3.0,3,1.299038105676658,0.3999999999999999,low_score | below_strong | high_judge_disagreement | closed_but_low_score | serious_error_any_judge | minor_or_moderate_error_any_judge | important_non_chain_defect_any_judge,closed_but_low_score,True,False,True,False,False,False,False,False,True,False,False,False,True,False,True,True,True
case_CL120_EHR_025__Qwen3.8-Max,case_CL120_EHR_025__anon_b86bd63064d923f2,case_CL120_EHR_025,Qwen3.8-Max,open_at_100,100,233,100,100,5,10,9,9,True,20.0,1,10,101,0,4,,,open,open_progressing,respiratory,asthma_copd_exacerbation,discharge_transition,moderate,delayed_or_staged_result_return,medication_confusion_or_execution_failure | caregiver_conflict_or_fatigue,high,medium,HO1 | HO2 | HO3 | HO4,2.5,2.5,3,1.5,-0.8999999999999999,low_score | very_low_score | below_strong | high_turn | very_high_turn | high_judge_disagreement | long_or_tool_intensive_low_score | serious_error_any_judge | minor_or_moderate_error_any_judge,open_at_100,True,True,True,True,True,False,False,False,True,False,False,True,False,False,True,True,False
case_CL120_EHR_026__Qwen3.8-Max,case_CL120_EHR_026__anon_5af9a0e6559bb533,case_CL120_EHR_026,Qwen3.8-Max,open_at_100,100,216,100,100,1,5,4,4,True,100.0,1,1,101,0,2,,,soft_closed,milestone_closed_but_not_terminal,respiratory,pneumonia,palliative_terminal,moderate,low_adherence_or_refusal,caregiver_conflict_or_fatigue | document_or_image_quality_problem,high,medium,HO1 | HO2 | HO3 | HO4,2.75,3.0,3,1.299038105676658,0.20000000000000018,low_score | below_strong | high_turn | very_high_turn | sparse_workspace | high_judge_disagreement | workspace_underuse_candidate | long_or_tool_intensive_low_score | serious_error_any_judge | minor_or_moderate_error_any_judge | important_non_chain_defect_any_judge,open_at_100,True,False,True,True,True,False,True,False,True,True,False,True,False,False,True,True,True
case_CL120_EHR_027__Qwen3.8-Max,case_CL120_EHR_027__anon_d52160e03f4debf3,case_CL120_EHR_027,Qwen3.8-Max,closed_success,4,24,4,4,1,5,4,4,True,4.0,1,1,5,0,2,,,closed,terminal_safe_handoff_closed,endocrine_metabolic,diabetes_sick_day,pre_handoff,moderate,external_system_gap,document_or_image_quality_problem | delayed_or_staged_result_return,high,medium,HO1 | HO2 | HO3 | HO4,2.75,2.5,4,1.7853571071357126,0.04999999999999982,low_score | very_low_score | below_strong | sparse_workspace | high_judge_disagreement | workspace_underuse_candidate | closed_but_low_score | serious_error_any_judge | minor_or_moderate_error_any_judge | important_non_chain_defect_any_judge,very_low_score,True,True,True,False,False,False,True,False,True,True,False,False,True,False,True,True,True
case_CL120_EHR_028__Qwen3.8-Max,case_CL120_EHR_028__anon_ce07529b388a223c,case_CL120_EHR_028,Qwen3.8-Max,closed_success,41,135,41,41,9,17,15,15,True,4.555555555555555,1,25,42,0,4,,,closed,terminal_safe_episode_closed,endocrine_metabolic,hypoglycemia,post_handoff,moderate,misstated_family_or_patient_information,delayed_or_staged_result_return | low_adherence_or_refusal,high,medium,HO1 | HO2 | HO3 | HO4,2.75,2.5,4,1.7853571071357126,0.6000000000000001,low_score | very_low_score | below_strong | heavy_workspace | high_judge_disagreement | workspace_overuse_candidate | long_or_tool_intensive_low_score | closed_but_low_score | serious_error_any_judge | minor_or_moderate_error_any_judge,very_low_score,True,True,True,False,False,False,False,True,True,False,True,True,True,False,True,True,False
case_CL120_EHR_029__Qwen3.8-Max,case_CL120_EHR_029__anon_f044595d5868af3f,case_CL120_EHR_029,Qwen3.8-Max,closed_success,15,129,15,15,6,18,16,16,True,2.5,1,15,16,0,45,,,closed,terminal_safe_episode_closed,endocrine_metabolic,thyroid_dysfunction,post_handoff,moderate,cost_transport_or_work_barrier,low_adherence_or_refusal | external_system_gap,high,medium,HO1 | HO2 | HO3 | HO4,4,5.0,4,1.7320508075688772,1.2000000000000002,heavy_workspace | high_judge_disagreement | serious_error_any_judge,high_judge_disagreement,False,False,False,False,False,False,False,True,True,False,False,False,False,False,True,False,False
case_CL120_EHR_030__Qwen3.8-Max,case_CL120_EHR_030__anon_85d4558fa565b826,case_CL120_EHR_030,Qwen3.8-Max,open_at_100,100,253,100,100,9,17,16,16,True,11.11111111111111,1,19,101,0,2,,,soft_closed,milestone_closed_but_not_terminal,endocrine_metabolic,steroid_or_insulin_adjustment,post_handoff,moderate,privacy_stigma_or_sensitive_history,external_system_gap | misstated_family_or_patient_information,high,medium,HO1 | HO2 | HO3 | HO4,1.75,1.0,3,1.299038105676658,-1.2999999999999998,low_score | very_low_score | below_strong | high_turn | very_high_turn | heavy_workspace | high_judge_disagreement | workspace_overuse_candidate | long_or_tool_intensive_low_score | model_specific_weakness | serious_error_any_judge | minor_or_moderate_error_any_judge | important_non_chain_defect_any_judge,open_at_100,True,True,True,True,True,False,False,True,True,False,True,True,False,True,True,True,True
case_CL120_EHR_031__Qwen3.8-Max,case_CL120_EHR_031__anon_e5e5d97e4aedd4b3,case_CL120_EHR_031,Qwen3.8-Max,closed_success,5,48,5,5,4,12,10,10,True,1.25,1,4,0,6,4,,,closed,terminal_bounded_episode_closed,endocrine_metabolic,obesity_sleep_apnea_metabolic_risk,result_return,moderate,incomplete_patient_information,misstated_family_or_patient_information | cost_transport_or_work_barrier,high,medium,HO1 | HO2 | HO3 | HO4,3,3.0,4,2.0,0.3999999999999999,low_score | below_strong | high_judge_disagreement | closed_but_low_score | serious_error_any_judge | minor_or_moderate_error_any_judge,closed_but_low_score,True,False,True,False,False,False,False,False,True,False,False,False,True,False,True,True,False
case_CL120_EHR_032__Qwen3.8-Max,case_CL120_EHR_032__anon_693d084cba7a4f19,case_CL120_EHR_032,Qwen3.8-Max,closed_success,99,221,99,99,2,6,5,5,True,49.5,1,2,94,6,6,,,closed,terminal_safe_handoff_closed,endocrine_metabolic,diabetes_sick_day,result_return,moderate,medication_confusion_or_execution_failure,cost_transport_or_work_barrier | privacy_stigma_or_sensitive_history,high,medium,HO1 | HO2 | HO3 | HO4,3,3.0,4,2.0,0.7000000000000002,low_score | below_strong | high_turn | very_high_turn | high_judge_disagreement | long_or_tool_intensive_low_score | closed_but_low_score | serious_error_any_judge | important_non_chain_defect_any_judge,long_or_tool_intensive_low_score,True,False,True,True,True,False,False,False,True,False,False,True,True,False,True,False,True
case_CL120_EHR_033__Qwen3.8-Max,case_CL120_EHR_033__anon_643551247b5fcc22,case_CL120_EHR_033,Qwen3.8-Max,closed_success,10,39,10,10,4,5,5,5,True,2.5,1,6,11,0,3,,,closed,terminal_safe_episode_closed,endocrine_metabolic,hypoglycemia,home_execution_failure,heavy,caregiver_conflict_or_fatigue,privacy_stigma_or_sensitive_history | incomplete_patient_information,high,long,HO1 | HO2 | HO3 | HO4,4,5.0,4,1.7320508075688772,1.75,high_judge_disagreement | serious_error_any_judge,high_judge_disagreement,False,False,False,False,False,False,False,False,True,False,False,False,False,False,True,False,False
case_CL120_EHR_034__Qwen3.8-Max,case_CL120_EHR_034__anon_8583f32c181b22f6,case_CL120_EHR_034,Qwen3.8-Max,closed_success,59,153,59,59,6,11,10,10,True,9.833333333333334,1,28,56,4,3,,,closed,terminal_safe_episode_closed,endocrine_metabolic,thyroid_dysfunction,longitudinal_followup,heavy,document_or_image_quality_problem,incomplete_patient_information | medication_confusion_or_execution_failure,high,long,HO1 | HO2 | HO3 | HO4,3,3.0,4,1.5811388300841898,0.6000000000000001,low_score | below_strong | high_turn | heavy_workspace | high_judge_disagreement | workspace_overuse_candidate | long_or_tool_intensive_low_score | closed_but_low_score | serious_error_any_judge | minor_or_moderate_error_any_judge,long_or_tool_intensive_low_score,True,False,True,True,False,False,False,True,True,False,True,True,True,False,True,True,False
case_CL120_EHR_035__Qwen3.8-Max,case_CL120_EHR_035__anon_b69ea8935a8a5066,case_CL120_EHR_035,Qwen3.8-Max,open_at_100,100,230,100,100,2,10,8,8,True,50.0,1,2,78,23,3,,,open,open_progressing,endocrine_metabolic,steroid_or_insulin_adjustment,longitudinal_followup,extreme,delayed_or_staged_result_return,medication_confusion_or_execution_failure | caregiver_conflict_or_fatigue,high,extra_long,HO1 | HO2 | HO3 | HO4,2.75,3.0,3,1.299038105676658,0.3999999999999999,low_score | below_strong | high_turn | very_high_turn | high_judge_disagreement | long_or_tool_intensive_low_score | serious_error_any_judge | minor_or_moderate_error_any_judge | important_non_chain_defect_any_judge,open_at_100,True,False,True,True,True,False,False,False,True,False,False,True,False,False,True,True,True
case_CL120_EHR_036__Qwen3.8-Max,case_CL120_EHR_036__anon_59562a814a72472d,case_CL120_EHR_036,Qwen3.8-Max,open_at_100,100,240,100,100,7,12,12,12,True,14.285714285714286,1,74,1,100,3,,,open,open_progressing,endocrine_metabolic,obesity_sleep_apnea_metabolic_risk,discharge_transition,light,low_adherence_or_refusal,caregiver_conflict_or_fatigue | document_or_image_quality_problem,high,medium,HO1 | HO2 | HO3 | HO4,1.75,1.0,3,1.299038105676658,-1.0,low_score | very_low_score | below_strong | high_turn | very_high_turn | heavy_workspace | high_judge_disagreement | workspace_overuse_candidate | long_or_tool_intensive_low_score | model_specific_weakness | serious_error_any_judge,open_at_100,True,True,True,True,True,False,False,True,True,False,True,True,False,True,True,False,False
case_CL120_EHR_037__Qwen3.8-Max,case_CL120_EHR_037__anon_2e4938a5020dee67,case_CL120_EHR_037,Qwen3.8-Max,closed_success,6,46,6,6,4,10,10,10,True,1.5,1,5,7,0,3,,,closed,terminal_safe_episode_closed,endocrine_metabolic,diabetic_foot_wound_and_sick_day_medication_safety,home_execution_failure,light,external_system_gap,document_or_image_quality_problem | delayed_or_staged_result_return,high,medium,HO1 | HO2 | HO3 | HO4,2,2.0,2,0.7071067811865476,-1.25,low_score | very_low_score | below_strong | high_judge_disagreement | closed_but_low_score | model_specific_weakness | serious_error_any_judge | minor_or_moderate_error_any_judge,very_low_score,True,True,True,False,False,False,False,False,True,False,False,False,True,True,True,True,False
case_CL120_EHR_038__Qwen3.8-Max,case_CL120_EHR_038__anon_0c99542036154d5b,case_CL120_EHR_038,Qwen3.8-Max,closed_success,14,66,14,14,4,12,11,11,True,3.5,1,12,15,0,3,,,closed,terminal_safe_episode_closed,endocrine_metabolic,postoperative_glucose_variability_and_medication_safety,home_execution_failure,light,misstated_family_or_patient_information,delayed_or_staged_result_return | low_adherence_or_refusal,high,short,HO1 | HO2 | HO3 | HO4,2.25,1.5,4,1.6393596310755,-1.65,low_score | very_low_score | below_strong | high_judge_disagreement | closed_but_low_score | model_specific_weakness | serious_error_any_judge | minor_or_moderate_error_any_judge,very_low_score,True,True,True,False,False,False,False,False,True,False,False,False,True,True,True,True,False
case_CL120_EHR_039__Qwen3.8-Max,case_CL120_EHR_039__anon_6beba822a7fb9875,case_CL120_EHR_039,Qwen3.8-Max,closed_success,8,63,8,8,4,16,13,13,True,2.0,1,4,0,9,4,,,closed,terminal_safe_episode_closed,renal_urology,ckd_med_reconciliation,post_handoff,light,cost_transport_or_work_barrier,low_adherence_or_refusal | external_system_gap,high,medium,HO1 | HO2 | HO3 | HO4,2.25,1.5,4,1.6393596310755,-0.75,low_score | very_low_score | below_strong | high_judge_disagreement | closed_but_low_score | serious_error_any_judge | minor_or_moderate_error_any_judge | important_non_chain_defect_any_judge,very_low_score,True,True,True,False,False,False,False,False,True,False,False,False,True,False,True,True,True
case_CL120_EHR_040__Qwen3.8-Max,case_CL120_EHR_040__anon_11e9e66724465fa8,case_CL120_EHR_040,Qwen3.8-Max,closed_success,9,73,9,9,4,9,8,8,True,2.25,1,6,10,0,26,,,closed,terminal_safe_episode_closed,renal_urology,uti_culture_action,post_handoff,light,privacy_stigma_or_sensitive_history,external_system_gap | misstated_family_or_patient_information,high,medium,HO1 | HO2 | HO3 | HO4,3.75,4.0,3,1.0897247358851685,1.15,high_judge_disagreement | minor_or_moderate_error_any_judge,high_judge_disagreement,False,False,False,False,False,False,False,False,True,False,False,False,False,False,False,True,False
case_CL120_EHR_041__Qwen3.8-Max,case_CL120_EHR_041__anon_74338e716962aaba,case_CL120_EHR_041,Qwen3.8-Max,closed_success,9,69,9,9,4,17,15,15,True,2.25,1,9,10,0,3,,,closed,terminal_safe_episode_closed,renal_urology,renal_function_abnormality_warning_and_result_followup,result_return,moderate,incomplete_patient_information,misstated_family_or_patient_information | cost_transport_or_work_barrier,high,medium,HO1 | HO2 | HO3 | HO4,4,5.0,4,1.7320508075688772,1.4500000000000002,high_judge_disagreement | serious_error_any_judge,high_judge_disagreement,False,False,False,False,False,False,False,False,True,False,False,False,False,False,True,False,False
case_CL120_EHR_042__Qwen3.8-Max,case_CL120_EHR_042__anon_f39be5a2147d93d5,case_CL120_EHR_042,Qwen3.8-Max,closed_success,6,35,6,6,2,7,6,6,True,3.0,1,2,0,7,3,,,closed,terminal_safe_episode_closed,renal_urology,stone_colic,result_return,moderate,medication_confusion_or_execution_failure,cost_transport_or_work_barrier | privacy_stigma_or_sensitive_history,high,medium,HO1 | HO2 | HO3 | HO4,2.5,2.0,4,1.5,-0.7999999999999998,low_score | very_low_score | below_strong | high_judge_disagreement | closed_but_low_score | serious_error_any_judge | minor_or_moderate_error_any_judge | important_non_chain_defect_any_judge,very_low_score,True,True,True,False,False,False,False,False,True,False,False,False,True,False,True,True,True
case_CL120_EHR_043__Qwen3.8-Max,case_CL120_EHR_043__anon_7a9424e4984569f3,case_CL120_EHR_043,Qwen3.8-Max,closed_success,26,78,26,26,3,7,7,7,True,8.666666666666666,1,3,27,0,4,,,closed,terminal_safe_episode_closed,renal_urology,anticoagulation_and_hematuria,home_execution_failure,moderate,caregiver_conflict_or_fatigue,privacy_stigma_or_sensitive_history | incomplete_patient_information,high,medium,HO1 | HO2 | HO3 | HO4,3,3.0,4,1.5811388300841898,-0.3999999999999999,low_score | below_strong | high_judge_disagreement | closed_but_low_score | serious_error_any_judge | minor_or_moderate_error_any_judge | important_non_chain_defect_any_judge,closed_but_low_score,True,False,True,False,False,False,False,False,True,False,False,False,True,False,True,True,True
case_CL120_EHR_044__Qwen3.8-Max,case_CL120_EHR_044__anon_ae8cbefdc812c751,case_CL120_EHR_044,Qwen3.8-Max,closed_success,17,85,17,17,4,5,5,5,True,4.25,1,10,0,18,33,,,closed,terminal_safe_episode_closed,renal_urology,ckd_med_reconciliation,home_execution_failure,moderate,document_or_image_quality_problem,incomplete_patient_information | medication_confusion_or_execution_failure,high,medium,HO1 | HO2 | HO3 | HO4,3.75,4.5,4,1.6393596310755,0.9500000000000002,high_judge_disagreement | serious_error_any_judge | minor_or_moderate_error_any_judge | important_non_chain_defect_any_judge,high_judge_disagreement,False,False,False,False,False,False,False,False,True,False,False,False,False,False,True,True,True
case_CL120_EHR_045__Qwen3.8-Max,case_CL120_EHR_045__anon_c84eadf47003f64a,case_CL120_EHR_045,Qwen3.8-Max,closed_success,8,38,8,8,2,7,6,6,True,4.0,1,2,0,9,2,,,closed,terminal_safe_episode_closed,renal_urology,uti_culture_action,longitudinal_followup,moderate,delayed_or_staged_result_return,medication_confusion_or_execution_failure | caregiver_conflict_or_fatigue,high,medium,HO1 | HO2 | HO3 | HO4,2.75,2.5,4,1.7853571071357126,0.3999999999999999,low_score | very_low_score | below_strong | high_judge_disagreement | closed_but_low_score | serious_error_any_judge | minor_or_moderate_error_any_judge,very_low_score,True,True,True,False,False,False,False,False,True,False,False,False,True,False,True,True,False
case_CL120_EHR_046__Qwen3.8-Max,case_CL120_EHR_046__anon_a736b35eb9837215,case_CL120_EHR_046,Qwen3.8-Max,open_at_100,100,224,100,100,3,8,7,7,True,33.333333333333336,1,99,101,0,1,,,open,open_progressing,renal_urology,aki_warning,longitudinal_followup,moderate,low_adherence_or_refusal,caregiver_conflict_or_fatigue | document_or_image_quality_problem,high,medium,HO1 | HO2 | HO3 | HO4,2.5,2.5,3,1.5,-0.8500000000000001,low_score | very_low_score | below_strong | high_turn | very_high_turn | high_judge_disagreement | long_or_tool_intensive_low_score | serious_error_any_judge | minor_or_moderate_error_any_judge | important_non_chain_defect_any_judge,open_at_100,True,True,True,True,True,False,False,False,True,False,False,True,False,False,True,True,True
case_CL120_EHR_047__Qwen3.8-Max,case_CL120_EHR_047__anon_32347b5112653f86,case_CL120_EHR_047,Qwen3.8-Max,closed_success,11,44,11,11,2,6,5,5,True,5.5,1,11,12,0,5,,,closed,terminal_safe_episode_closed,renal_urology,stone_colic,discharge_transition,moderate,external_system_gap,document_or_image_quality_problem | delayed_or_staged_result_return,high,medium,HO1 | HO2 | HO3 | HO4,2.5,2.0,4,1.5,-0.2999999999999998,low_score | very_low_score | below_strong | high_judge_disagreement | closed_but_low_score | serious_error_any_judge | minor_or_moderate_error_any_judge,very_low_score,True,True,True,False,False,False,False,False,True,False,False,False,True,False,True,True,False
case_CL120_EHR_048__Qwen3.8-Max,case_CL120_EHR_048__anon_3d74eb1b26c54d87,case_CL120_EHR_048,Qwen3.8-Max,closed_success,8,39,8,8,2,7,6,6,True,4.0,1,2,9,0,3,,,closed,terminal_safe_episode_closed,renal_urology,renal_function_electrolyte_and_urine_color_medication_safety,home_execution_failure,moderate,misstated_family_or_patient_information,delayed_or_staged_result_return | low_adherence_or_refusal,high,medium,HO1 | HO2 | HO3 | HO4,3,3.0,4,1.5811388300841898,0.0,low_score | below_strong | high_judge_disagreement | closed_but_low_score | serious_error_any_judge | minor_or_moderate_error_any_judge,closed_but_low_score,True,False,True,False,False,False,False,False,True,False,False,False,True,False,True,True,False
case_CL120_EHR_049__Qwen3.8-Max,case_CL120_EHR_049__anon_ec519ec1f80b1b17,case_CL120_EHR_049,Qwen3.8-Max,closed_success,3,28,3,3,3,7,6,6,True,1.0,1,3,0,4,2,,,closed,terminal_safe_episode_closed,respiratory,pulmonary_sequestration_interventional_planning_and_cost_barrier,pre_handoff,moderate,cost_transport_or_work_barrier,low_adherence_or_refusal | external_system_gap,high,medium,HO1 | HO2 | HO3 | HO4,3.5,3.5,3,1.5,0.3500000000000001,below_strong | high_judge_disagreement | minor_or_moderate_error_any_judge,high_judge_disagreement,False,False,True,False,False,False,False,False,True,False,False,False,False,False,False,True,False
case_CL120_EHR_050__Qwen3.8-Max,case_CL120_EHR_050__anon_e3b92336ed7b1909,case_CL120_EHR_050,Qwen3.8-Max,closed_success,32,98,32,32,5,9,8,8,True,6.4,1,21,33,0,8,,,closed,terminal_safe_episode_closed,gastro_hepatology,viral_hepatitis_cirrhosis,post_handoff,heavy,privacy_stigma_or_sensitive_history,external_system_gap | misstated_family_or_patient_information,high,long,HO1 | HO2 | HO3 | HO4,3.25,3.5,4,1.7853571071357126,1.5,below_strong | high_judge_disagreement | serious_error_any_judge | minor_or_moderate_error_any_judge,high_judge_disagreement,False,False,True,False,False,False,False,False,True,False,False,False,False,False,True,True,False
case_CL120_EHR_051__Qwen3.8-Max,case_CL120_EHR_051__anon_c85a33669f9860de,case_CL120_EHR_051,Qwen3.8-Max,closed_success,33,95,33,33,3,9,8,8,True,11.0,1,4,33,1,2,,,closed,terminal_safe_episode_closed,gastro_hepatology,abdominal_pain,post_handoff,heavy,incomplete_patient_information,misstated_family_or_patient_information | cost_transport_or_work_barrier,high,long,HO1 | HO2 | HO3 | HO4,2,1.0,4,1.7320508075688772,-1.85,low_score | very_low_score | below_strong | high_judge_disagreement | closed_but_low_score | model_specific_weakness | serious_error_any_judge | minor_or_moderate_error_any_judge | important_non_chain_defect_any_judge,very_low_score,True,True,True,False,False,False,False,False,True,False,False,False,True,True,True,True,True
case_CL120_EHR_052__Qwen3.8-Max,case_CL120_EHR_052__anon_6aee56e19612657f,case_CL120_EHR_052,Qwen3.8-Max,closed_success,13,63,13,13,4,11,10,10,True,3.25,1,7,14,0,4,,,closed,terminal_safe_handoff_closed,gastro_hepatology,pancreatitis,result_return,extreme,medication_confusion_or_execution_failure,cost_transport_or_work_barrier | privacy_stigma_or_sensitive_history,high,extra_long,HO1 | HO2 | HO3 | HO4,3.75,4.5,4,1.6393596310755,1.65,high_judge_disagreement | serious_error_any_judge,high_judge_disagreement,False,False,False,False,False,False,False,False,True,False,False,False,False,False,True,False,False
case_CL120_EHR_053__Qwen3.8-Max,case_CL120_EHR_053__anon_33e892cf31c53cde,case_CL120_EHR_053,Qwen3.8-Max,closed_success,6,51,6,6,3,13,11,11,True,2.0,1,3,7,0,3,,,closed,terminal_safe_episode_closed,renal_urology,lupus_nephritis_steroid_and_followup_after_negative_covid_result,result_return,light,caregiver_conflict_or_fatigue,privacy_stigma_or_sensitive_history | incomplete_patient_information,high,medium,HO1 | HO2 | HO3 | HO4,4.25,5.0,3,1.299038105676658,1.15,high_judge_disagreement | minor_or_moderate_error_any_judge,high_judge_disagreement,False,False,False,False,False,False,False,False,True,False,False,False,False,False,False,True,False
case_CL120_EHR_054__Qwen3.8-Max,case_CL120_EHR_054__anon_9760b389e699b7bc,case_CL120_EHR_054,Qwen3.8-Max,closed_success,6,36,6,6,3,8,7,7,True,2.0,1,4,7,0,1,,,closed,terminal_safe_episode_closed,gastro_hepatology,gi_bleeding,home_execution_failure,light,document_or_image_quality_problem,incomplete_patient_information | medication_confusion_or_execution_failure,high,medium,HO1 | HO2 | HO3 | HO4,2.25,2.0,3,1.299038105676658,-0.20000000000000018,low_score | very_low_score | below_strong | high_judge_disagreement | closed_but_low_score | serious_error_any_judge | minor_or_moderate_error_any_judge | important_non_chain_defect_any_judge,very_low_score,True,True,True,False,False,False,False,False,True,False,False,False,True,False,True,True,True
case_CL120_EHR_055__Qwen3.8-Max,case_CL120_EHR_055__anon_495d44d758f41984,case_CL120_EHR_055,Qwen3.8-Max,closed_success,12,56,12,12,2,10,8,8,True,6.0,1,2,13,0,5,,,closed,terminal_safe_handoff_closed,gastro_hepatology,viral_hepatitis_cirrhosis,home_execution_failure,light,delayed_or_staged_result_return,medication_confusion_or_execution_failure | caregiver_conflict_or_fatigue,high,medium,HO1 | HO2 | HO3 | HO4,3.75,4.5,4,1.6393596310755,0.8999999999999999,high_judge_disagreement | serious_error_any_judge | minor_or_moderate_error_any_judge,high_judge_disagreement,False,False,False,False,False,False,False,False,True,False,False,False,False,False,True,True,False
case_CL120_EHR_056__Qwen3.8-Max,case_CL120_EHR_056__anon_b7779611fe3cb4e2,case_CL120_EHR_056,Qwen3.8-Max,closed_success,67,401,67,67,12,22,21,21,True,5.583333333333333,1,62,66,2,200,,,closed,terminal_safe_episode_closed,gastro_hepatology,abdominal_pain,longitudinal_followup,light,low_adherence_or_refusal,caregiver_conflict_or_fatigue | document_or_image_quality_problem,high,medium,HO1 | HO2 | HO3 | HO4,3,3.0,4,1.5811388300841898,-0.6000000000000001,low_score | below_strong | high_turn | heavy_workspace | high_judge_disagreement | workspace_overuse_candidate | long_or_tool_intensive_low_score | closed_but_low_score | serious_error_any_judge | minor_or_moderate_error_any_judge,long_or_tool_intensive_low_score,True,False,True,True,False,False,False,True,True,False,True,True,True,False,True,True,False
case_CL120_EHR_057__Qwen3.8-Max,case_CL120_EHR_057__anon_0276fe05a6cc340d,case_CL120_EHR_057,Qwen3.8-Max,closed_success,6,23,6,6,2,3,3,3,True,3.0,1,2,0,7,1,,,closed,terminal_bounded_episode_closed,gastro_hepatology,pancreatitis,discharge_transition,light,external_system_gap,document_or_image_quality_problem | delayed_or_staged_result_return,high,medium,HO1 | HO2 | HO3 | HO4,2.75,2.0,3,1.299038105676658,-0.3500000000000001,low_score | very_low_score | below_strong | high_judge_disagreement | closed_but_low_score | minor_or_moderate_error_any_judge,very_low_score,True,True,True,False,False,False,False,False,True,False,False,False,True,False,False,True,False
case_CL120_EHR_058__Qwen3.8-Max,case_CL120_EHR_058__anon_3b2de5568241f7cb,case_CL120_EHR_058,Qwen3.8-Max,closed_success,11,50,11,11,5,9,8,8,True,2.2,1,10,12,0,2,,,closed,terminal_safe_episode_closed,gastro_hepatology,colonoscopy_or_pathology_followup,discharge_transition,moderate,misstated_family_or_patient_information,delayed_or_staged_result_return | low_adherence_or_refusal,high,medium,HO1 | HO2 | HO3 | HO4,2,1.0,4,1.7320508075688772,-1.4,low_score | very_low_score | below_strong | high_judge_disagreement | closed_but_low_score | model_specific_weakness | serious_error_any_judge | minor_or_moderate_error_any_judge,very_low_score,True,True,True,False,False,False,False,False,True,False,False,False,True,True,True,True,False
case_CL120_EHR_059__Qwen3.8-Max,case_CL120_EHR_059__anon_03af954d608478ee,case_CL120_EHR_059,Qwen3.8-Max,closed_success,7,26,7,7,2,3,3,3,True,3.5,1,2,0,8,2,,,closed,terminal_safe_handoff_closed,gastro_hepatology,gi_bleeding,pre_handoff,moderate,cost_transport_or_work_barrier,low_adherence_or_refusal | external_system_gap,high,medium,HO1 | HO2 | HO3 | HO4,3,3.0,4,2.0,-0.1499999999999999,low_score | below_strong | high_judge_disagreement | closed_but_low_score | serious_error_any_judge | minor_or_moderate_error_any_judge,closed_but_low_score,True,False,True,False,False,False,False,False,True,False,False,False,True,False,True,True,False
case_CL120_EHR_060__Qwen3.8-Max,case_CL120_EHR_060__anon_75ea467ff07ae16d,case_CL120_EHR_060,Qwen3.8-Max,runtime_error,1,2,1,1,0,0,0,0,False,,,,1,0,0,content_filter_400,RuntimeError,open,,gastro_hepatology,viral_hepatitis_cirrhosis,pre_handoff,moderate,privacy_stigma_or_sensitive_history,external_system_gap | misstated_family_or_patient_information,high,medium,HO1 | HO2 | HO3 | HO4,1.75,2.0,1,0.4330127018922193,0.7,low_score | very_low_score | below_strong | no_workspace | sparse_workspace | workspace_underuse_candidate | serious_error_any_judge | minor_or_moderate_error_any_judge | important_non_chain_defect_any_judge,runtime_error,True,True,True,False,False,True,True,False,False,True,False,False,False,False,True,True,True
case_CL120_EHR_061__Qwen3.8-Max,case_CL120_EHR_061__anon_2657e3ec615575ca,case_CL120_EHR_061,Qwen3.8-Max,closed_success,8,73,8,8,4,16,13,13,True,2.0,1,6,9,0,12,,,closed,terminal_safe_episode_closed,neurology,stroke_tia,post_handoff,moderate,incomplete_patient_information,misstated_family_or_patient_information | cost_transport_or_work_barrier,high,medium,HO1 | HO2 | HO3 | HO4,3,3.0,4,1.5811388300841898,0.10000000000000009,low_score | below_strong | high_judge_disagreement | closed_but_low_score | serious_error_any_judge | minor_or_moderate_error_any_judge,closed_but_low_score,True,False,True,False,False,False,False,False,True,False,False,False,True,False,True,True,False
case_CL120_EHR_062__Qwen3.8-Max,case_CL120_EHR_062__anon_7c2d34a818ac3832,case_CL120_EHR_062,Qwen3.8-Max,closed_success,4,29,4,4,4,6,6,6,True,1.0,1,4,5,0,2,,,closed,terminal_safe_episode_closed,neurology,limb_numbness_weakness_preoperative_medication_and_followup,pre_handoff,moderate,medication_confusion_or_execution_failure,cost_transport_or_work_barrier | privacy_stigma_or_sensitive_history,high,medium,HO1 | HO2 | HO3 | HO4,3.25,3.0,3,1.299038105676658,-0.5,low_score | below_strong | high_judge_disagreement | closed_but_low_score | minor_or_moderate_error_any_judge,closed_but_low_score,True,False,True,False,False,False,False,False,True,False,False,False,True,False,False,True,False
case_CL120_EHR_063__Qwen3.8-Max,case_CL120_EHR_063__anon_fda99721ae0756e1,case_CL120_EHR_063,Qwen3.8-Max,closed_success,18,50,18,18,2,3,3,3,True,9.0,1,13,19,0,4,,,closed,terminal_safe_episode_closed,neurology,headache_red_flag,result_return,moderate,caregiver_conflict_or_fatigue,privacy_stigma_or_sensitive_history | incomplete_patient_information,high,medium,HO1 | HO2 | HO3 | HO4,3.25,3.5,4,1.7853571071357126,1.0,below_strong | high_judge_disagreement | serious_error_any_judge | minor_or_moderate_error_any_judge | important_non_chain_defect_any_judge,high_judge_disagreement,False,False,True,False,False,False,False,False,True,False,False,False,False,False,True,True,True
case_CL120_EHR_064__Qwen3.8-Max,case_CL120_EHR_064__anon_91ede1aae5f055d7,case_CL120_EHR_064,Qwen3.8-Max,closed_success,9,58,9,9,3,12,11,11,True,3.0,1,6,10,0,5,,,closed,terminal_safe_episode_closed,neurology,dementia_delirium,result_return,moderate,document_or_image_quality_problem,incomplete_patient_information | medication_confusion_or_execution_failure,high,medium,HO1 | HO2 | HO3 | HO4,2.25,1.5,4,1.6393596310755,-0.6499999999999999,low_score | very_low_score | below_strong | high_judge_disagreement | closed_but_low_score | serious_error_any_judge | minor_or_moderate_error_any_judge,very_low_score,True,True,True,False,False,False,False,False,True,False,False,False,True,False,True,True,False
case_CL120_EHR_065__Qwen3.8-Max,case_CL120_EHR_065__anon_c82f03eda18d775d,case_CL120_EHR_065,Qwen3.8-Max,closed_success,5,40,5,5,2,10,8,8,True,2.5,1,2,6,0,3,,,closed,terminal_safe_episode_closed,neurology,neuropathy_or_fall,home_execution_failure,moderate,delayed_or_staged_result_return,medication_confusion_or_execution_failure | caregiver_conflict_or_fatigue,high,medium,HO1 | HO2 | HO3 | HO4,2,1.0,4,1.7320508075688772,-1.4500000000000002,low_score | very_low_score | below_strong | high_judge_disagreement | closed_but_low_score | model_specific_weakness | serious_error_any_judge | minor_or_moderate_error_any_judge,very_low_score,True,True,True,False,False,False,False,False,True,False,False,False,True,True,True,True,False
case_CL120_EHR_066__Qwen3.8-Max,case_CL120_EHR_066__anon_f41324893edebec0,case_CL120_EHR_066,Qwen3.8-Max,closed_success,20,136,20,20,3,4,4,4,True,6.666666666666667,1,5,21,0,81,,,closed,terminal_safe_episode_closed,neurology,stroke_tia,home_execution_failure,moderate,low_adherence_or_refusal,caregiver_conflict_or_fatigue | document_or_image_quality_problem,high,medium,HO1 | HO2 | HO3 | HO4,4.25,5.0,3,1.299038105676658,1.5,high_judge_disagreement | minor_or_moderate_error_any_judge,high_judge_disagreement,False,False,False,False,False,False,False,False,True,False,False,False,False,False,False,True,False
case_CL120_EHR_067__Qwen3.8-Max,case_CL120_EHR_067__anon_57e6215622c2fa95,case_CL120_EHR_067,Qwen3.8-Max,closed_success,25,73,25,25,3,8,7,7,True,8.333333333333334,1,12,26,0,0,,,closed,terminal_safe_episode_closed,neurology,seizure,longitudinal_followup,heavy,external_system_gap,document_or_image_quality_problem | delayed_or_staged_result_return,high,long,HO1 | HO2 | HO3 | HO4,3,3.0,4,2.0,-0.1499999999999999,low_score | below_strong | high_judge_disagreement | closed_but_low_score | serious_error_any_judge | minor_or_moderate_error_any_judge,closed_but_low_score,True,False,True,False,False,False,False,False,True,False,False,False,True,False,True,True,False
case_CL120_EHR_068__Qwen3.8-Max,case_CL120_EHR_068__anon_83aa04e21c02dcf6,case_CL120_EHR_068,Qwen3.8-Max,closed_success,17,70,17,17,3,12,10,10,True,5.666666666666667,1,3,18,0,3,,,closed,terminal_safe_episode_closed,neurology,headache_red_flag,discharge_transition,heavy,misstated_family_or_patient_information,delayed_or_staged_result_return | low_adherence_or_refusal,high,long,HO1 | HO2 | HO3 | HO4,4,5.0,4,1.7320508075688772,0.9500000000000002,high_judge_disagreement | serious_error_any_judge | minor_or_moderate_error_any_judge | important_non_chain_defect_any_judge,high_judge_disagreement,False,False,False,False,False,False,False,False,True,False,False,False,False,False,True,True,True
case_CL120_EHR_069__Qwen3.8-Max,case_CL120_EHR_069__anon_e627fc3f76009f66,case_CL120_EHR_069,Qwen3.8-Max,open_at_100,100,231,100,100,5,9,8,8,True,20.0,1,13,101,0,4,,,open,open_progressing,neurology,dementia_delirium,discharge_transition,extreme,cost_transport_or_work_barrier,low_adherence_or_refusal | external_system_gap,high,extra_long,HO1 | HO2 | HO3 | HO4,3.25,3.5,2,0.82915619758885,0.3500000000000001,below_strong | high_turn | very_high_turn | high_judge_disagreement | long_or_tool_intensive_low_score | minor_or_moderate_error_any_judge,open_at_100,False,False,True,True,True,False,False,False,True,False,False,True,False,False,False,True,False
case_CL120_EHR_070__Qwen3.8-Max,case_CL120_EHR_070__anon_f55fb7e43e817ff7,case_CL120_EHR_070,Qwen3.8-Max,closed_success,9,48,9,9,2,9,8,8,True,4.5,1,2,10,0,4,,,closed,terminal_safe_handoff_closed,neurology,neuropathy_or_fall,pre_handoff,light,privacy_stigma_or_sensitive_history,external_system_gap | misstated_family_or_patient_information,high,short,HO1 | HO2 | HO3 | HO4,4,5.0,4,1.7320508075688772,1.6,high_judge_disagreement | serious_error_any_judge,high_judge_disagreement,False,False,False,False,False,False,False,False,True,False,False,False,False,False,True,False,False
case_CL120_EHR_071__Qwen3.8-Max,case_CL120_EHR_071__anon_2e6d1bb1093ffd0a,case_CL120_EHR_071,Qwen3.8-Max,closed_success,5,23,5,5,3,3,3,3,True,1.6666666666666667,1,3,0,6,3,,,closed,terminal_safe_handoff_closed,obstetrics_gynecology,pregnancy_med_safety,pre_handoff,light,incomplete_patient_information,misstated_family_or_patient_information | cost_transport_or_work_barrier,high,short,HO1 | HO2 | HO3 | HO4,2.75,2.0,3,1.299038105676658,-0.3999999999999999,low_score | very_low_score | below_strong | high_judge_disagreement | closed_but_low_score | minor_or_moderate_error_any_judge | important_non_chain_defect_any_judge,very_low_score,True,True,True,False,False,False,False,False,True,False,False,False,True,False,False,True,True
case_CL120_EHR_072__Qwen3.8-Max,case_CL120_EHR_072__anon_ef416ee81e67f265,case_CL120_EHR_072,Qwen3.8-Max,closed_success,47,248,47,47,4,8,7,7,True,11.75,1,24,48,0,130,,,closed,terminal_safe_episode_closed,obstetrics_gynecology,ectopic_or_bleeding,post_handoff,light,medication_confusion_or_execution_failure,cost_transport_or_work_barrier | privacy_stigma_or_sensitive_history,high,medium,HO1 | HO2 | HO3 | HO4,3.5,3.5,3,1.5,0.0,below_strong | high_judge_disagreement | minor_or_moderate_error_any_judge | important_non_chain_defect_any_judge,high_judge_disagreement,False,False,True,False,False,False,False,False,True,False,False,False,False,False,False,True,True
case_CL120_EHR_073__Qwen3.8-Max,case_CL120_EHR_073__anon_42ca27235ff313cb,case_CL120_EHR_073,Qwen3.8-Max,closed_success,39,85,39,39,1,1,1,1,True,39.0,1,1,40,0,3,,,closed,terminal_safe_episode_closed,obstetrics_gynecology,postpartum_warning,post_handoff,light,caregiver_conflict_or_fatigue,privacy_stigma_or_sensitive_history | incomplete_patient_information,high,medium,HO1 | HO2 | HO3 | HO4,5,5.0,0,0.0,0.9500000000000002,sparse_workspace,no_major_failure_flag,False,False,False,False,False,False,True,False,False,False,False,False,False,False,False,False,False
case_CL120_EHR_074__Qwen3.8-Max,case_CL120_EHR_074__anon_8a0c93e7b5491e16,case_CL120_EHR_074,Qwen3.8-Max,closed_success,6,54,6,6,3,13,12,12,True,2.0,1,3,0,7,4,,,closed,terminal_safe_episode_closed,obstetrics_gynecology,gynecologic_mass_pathway,result_return,light,document_or_image_quality_problem,incomplete_patient_information | medication_confusion_or_execution_failure,high,medium,HO1 | HO2 | HO3 | HO4,4.5,4.5,1,0.5,0.8500000000000001,,no_major_failure_flag,False,False,False,False,False,False,False,False,False,False,False,False,False,False,False,False,False
case_CL120_EHR_075__Qwen3.8-Max,case_CL120_EHR_075__anon_ca8938da8aa2e407,case_CL120_EHR_075,Qwen3.8-Max,closed_success,6,42,6,6,4,9,8,8,True,1.5,1,4,0,7,4,,,closed,terminal_safe_episode_closed,obstetrics_gynecology,pregnancy_med_safety,result_return,moderate,delayed_or_staged_result_return,medication_confusion_or_execution_failure | caregiver_conflict_or_fatigue,high,medium,HO1 | HO2 | HO3 | HO4,2.5,2.0,2,0.8660254037844386,-0.8500000000000001,low_score | very_low_score | below_strong | high_judge_disagreement | closed_but_low_score | minor_or_moderate_error_any_judge | important_non_chain_defect_any_judge,very_low_score,True,True,True,False,False,False,False,False,True,False,False,False,True,False,False,True,True
case_CL120_EHR_076__Qwen3.8-Max,case_CL120_EHR_076__anon_6738017a6250f2f8,case_CL120_EHR_076,Qwen3.8-Max,closed_success,5,20,5,5,2,2,2,2,True,2.5,1,4,0,6,3,,,closed,terminal_safe_handoff_closed,obstetrics_gynecology,ectopic_or_bleeding,home_execution_failure,moderate,low_adherence_or_refusal,caregiver_conflict_or_fatigue | document_or_image_quality_problem,high,medium,HO1 | HO2 | HO3 | HO4,3.5,3.5,3,1.5,0.25,below_strong | high_judge_disagreement | minor_or_moderate_error_any_judge,high_judge_disagreement,False,False,True,False,False,False,False,False,True,False,False,False,False,False,False,True,False
case_CL120_EHR_077__Qwen3.8-Max,case_CL120_EHR_077__anon_078471e4e3d5e674,case_CL120_EHR_077,Qwen3.8-Max,closed_success,9,59,9,9,3,13,12,11,True,3.0,1,5,0,10,4,,,closed,terminal_safe_episode_closed,obstetrics_gynecology,postpartum_warning,home_execution_failure,moderate,external_system_gap,document_or_image_quality_problem | delayed_or_staged_result_return,high,medium,HO1 | HO2 | HO3 | HO4,2.75,2.0,3,1.299038105676658,-1.0,low_score | very_low_score | below_strong | high_judge_disagreement | closed_but_low_score | model_specific_weakness | minor_or_moderate_error_any_judge | important_non_chain_defect_any_judge,very_low_score,True,True,True,False,False,False,False,False,True,False,False,False,True,True,False,True,True
case_CL120_EHR_078__Qwen3.8-Max,case_CL120_EHR_078__anon_8fbbc8c021410a94,case_CL120_EHR_078,Qwen3.8-Max,closed_success,43,115,43,43,4,9,8,8,True,10.75,1,37,44,0,3,,,closed,terminal_safe_episode_closed,obstetrics_gynecology,gynecologic_mass_pathway,longitudinal_followup,moderate,misstated_family_or_patient_information,delayed_or_staged_result_return | low_adherence_or_refusal,high,medium,HO1 | HO2 | HO3 | HO4,3.25,3.0,3,1.299038105676658,-0.7999999999999998,low_score | below_strong | high_judge_disagreement | closed_but_low_score | minor_or_moderate_error_any_judge | important_non_chain_defect_any_judge,closed_but_low_score,True,False,True,False,False,False,False,False,True,False,False,False,True,False,False,True,True
case_CL120_EHR_079__Qwen3.8-Max,case_CL120_EHR_079__anon_cf09c28405f210bc,case_CL120_EHR_079,Qwen3.8-Max,closed_success,24,91,24,24,4,13,12,12,True,6.0,1,11,25,0,5,,,closed,terminal_safe_episode_closed,pediatrics,fever_dehydration,discharge_transition,moderate,cost_transport_or_work_barrier,low_adherence_or_refusal | external_system_gap,high,medium,HO1 | HO2 | HO3 | HO4,3.5,3.5,3,1.5,0.9500000000000002,below_strong | high_judge_disagreement | minor_or_moderate_error_any_judge | important_non_chain_defect_any_judge,high_judge_disagreement,False,False,True,False,False,False,False,False,True,False,False,False,False,False,False,True,True
case_CL120_EHR_080__Qwen3.8-Max,case_CL120_EHR_080__anon_394ed8cdd1134b02,case_CL120_EHR_080,Qwen3.8-Max,closed_success,4,29,4,4,2,6,6,6,True,2.0,1,2,5,0,2,,,closed,terminal_safe_episode_closed,pediatrics,type1_diabetes_vomiting,discharge_transition,moderate,privacy_stigma_or_sensitive_history,external_system_gap | misstated_family_or_patient_information,high,medium,HO1 | HO2 | HO3 | HO4,2.25,1.5,4,1.6393596310755,-0.8500000000000001,low_score | very_low_score | below_strong | high_judge_disagreement | closed_but_low_score | serious_error_any_judge | minor_or_moderate_error_any_judge | important_non_chain_defect_any_judge,very_low_score,True,True,True,False,False,False,False,False,True,False,False,False,True,False,True,True,True
case_CL120_EHR_081__Qwen3.8-Max,case_CL120_EHR_081__anon_dacadbd8d83bc68a,case_CL120_EHR_081,Qwen3.8-Max,closed_success,5,43,5,5,3,11,9,9,True,1.6666666666666667,1,3,6,0,3,,,closed,terminal_safe_episode_closed,pediatrics,short_stature_growth_hormone_deficiency_and_scoliosis_followup,discharge_transition,moderate,incomplete_patient_information,misstated_family_or_patient_information | cost_transport_or_work_barrier,high,medium,HO1 | HO2 | HO3 | HO4,2.5,2.0,4,1.5,-1.2000000000000002,low_score | very_low_score | below_strong | high_judge_disagreement | closed_but_low_score | model_specific_weakness | serious_error_any_judge | minor_or_moderate_error_any_judge | important_non_chain_defect_any_judge,very_low_score,True,True,True,False,False,False,False,False,True,False,False,False,True,True,True,True,True
case_CL120_EHR_082__Qwen3.8-Max,case_CL120_EHR_082__anon_516cfde87cc5610f,case_CL120_EHR_082,Qwen3.8-Max,closed_success,5,64,5,5,5,18,16,16,True,1.0,1,5,6,0,3,,,closed,terminal_safe_episode_closed,pediatrics,caregiver_medication_error,pre_handoff,moderate,medication_confusion_or_execution_failure,cost_transport_or_work_barrier | privacy_stigma_or_sensitive_history,high,medium,HO1 | HO2 | HO3 | HO4,3,3.0,4,1.5811388300841898,0.04999999999999982,low_score | below_strong | high_judge_disagreement | closed_but_low_score | serious_error_any_judge | minor_or_moderate_error_any_judge | important_non_chain_defect_any_judge,closed_but_low_score,True,False,True,False,False,False,False,False,True,False,False,False,True,False,True,True,True
case_CL120_EHR_083__Qwen3.8-Max,case_CL120_EHR_083__anon_93a6ecd2ae58ff97,case_CL120_EHR_083,Qwen3.8-Max,closed_success,10,47,10,10,6,8,8,8,True,1.6666666666666667,1,9,11,0,2,,,closed,terminal_safe_episode_closed,pediatrics,fever_dehydration,post_handoff,moderate,caregiver_conflict_or_fatigue,privacy_stigma_or_sensitive_history | incomplete_patient_information,high,medium,HO1 | HO2 | HO3 | HO4,2.75,2.5,4,1.479019945774904,-0.5,low_score | very_low_score | below_strong | heavy_workspace | high_judge_disagreement | workspace_overuse_candidate | long_or_tool_intensive_low_score | closed_but_low_score | serious_error_any_judge | minor_or_moderate_error_any_judge | important_non_chain_defect_any_judge,very_low_score,True,True,True,False,False,False,False,True,True,False,True,True,True,False,True,True,True
case_CL120_EHR_084__Qwen3.8-Max,case_CL120_EHR_084__anon_3d78624260f9f173,case_CL120_EHR_084,Qwen3.8-Max,closed_success,50,162,50,50,9,19,17,17,True,5.555555555555555,1,50,51,0,5,,,closed,terminal_safe_episode_closed,pediatrics,type1_diabetes_vomiting,post_handoff,heavy,document_or_image_quality_problem,incomplete_patient_information | medication_confusion_or_execution_failure,high,long,HO1 | HO2 | HO3 | HO4,2.5,2.5,3,1.118033988749895,-0.4500000000000002,low_score | very_low_score | below_strong | high_turn | heavy_workspace | high_judge_disagreement | workspace_overuse_candidate | long_or_tool_intensive_low_score | closed_but_low_score | serious_error_any_judge | minor_or_moderate_error_any_judge | important_non_chain_defect_any_judge,very_low_score,True,True,True,True,False,False,False,True,True,False,True,True,True,False,True,True,True
case_CL120_EHR_085__Qwen3.8-Max,case_CL120_EHR_085__anon_66f13b18407ddd9e,case_CL120_EHR_085,Qwen3.8-Max,closed_success,5,59,5,5,4,17,14,14,True,1.25,1,4,6,0,3,,,closed,terminal_safe_episode_closed,pediatrics,asthma_child,result_return,heavy,delayed_or_staged_result_return,medication_confusion_or_execution_failure | caregiver_conflict_or_fatigue,high,long,HO1 | HO2 | HO3 | HO4,3.25,3.5,4,1.7853571071357126,0.7000000000000002,below_strong | high_judge_disagreement | serious_error_any_judge | minor_or_moderate_error_any_judge,high_judge_disagreement,False,False,True,False,False,False,False,False,True,False,False,False,False,False,True,True,False
case_CL120_EHR_086__Qwen3.8-Max,case_CL120_EHR_086__anon_850fb5043a5037a0,case_CL120_EHR_086,Qwen3.8-Max,closed_success,10,56,10,10,3,11,10,10,True,3.3333333333333335,1,5,11,0,3,,,closed,terminal_safe_episode_closed,pediatrics,caregiver_medication_error,result_return,heavy,low_adherence_or_refusal,caregiver_conflict_or_fatigue | document_or_image_quality_problem,high,long,HO1 | HO2 | HO3 | HO4,3.25,3.5,4,1.7853571071357126,-0.20000000000000018,below_strong | high_judge_disagreement | serious_error_any_judge | minor_or_moderate_error_any_judge,high_judge_disagreement,False,False,True,False,False,False,False,False,True,False,False,False,False,False,True,True,False
case_CL120_EHR_087__Qwen3.8-Max,case_CL120_EHR_087__anon_6cea4059ae0151df,case_CL120_EHR_087,Qwen3.8-Max,closed_success,33,79,33,33,2,3,3,3,True,16.5,1,2,8,26,3,,,closed,terminal_safe_episode_closed,oncology_hematology,new_mass_staging,home_execution_failure,light,external_system_gap,document_or_image_quality_problem | delayed_or_staged_result_return,high,medium,HO1 | HO2 | HO3 | HO4,2.5,2.0,4,1.5,-0.9500000000000002,low_score | very_low_score | below_strong | high_judge_disagreement | closed_but_low_score | serious_error_any_judge | minor_or_moderate_error_any_judge | important_non_chain_defect_any_judge,very_low_score,True,True,True,False,False,False,False,False,True,False,False,False,True,False,True,True,True
case_CL120_EHR_088__Qwen3.8-Max,case_CL120_EHR_088__anon_8bbbfb722d0b5ecc,case_CL120_EHR_088,Qwen3.8-Max,closed_success,5,36,5,5,4,8,7,7,True,1.25,1,5,6,0,3,,,closed,terminal_safe_episode_closed,oncology_hematology,chemotherapy_complication,home_execution_failure,light,misstated_family_or_patient_information,delayed_or_staged_result_return | low_adherence_or_refusal,high,medium,HO1 | HO2 | HO3 | HO4,3,3.0,2,1.0,0.5,low_score | below_strong | high_judge_disagreement | closed_but_low_score | minor_or_moderate_error_any_judge,closed_but_low_score,True,False,True,False,False,False,False,False,True,False,False,False,True,False,False,True,False
case_CL120_EHR_089__Qwen3.8-Max,case_CL120_EHR_089__anon_d4d2375d456f584a,case_CL120_EHR_089,Qwen3.8-Max,closed_success,55,145,55,55,4,12,10,10,True,13.75,1,55,56,0,2,,,closed,terminal_safe_episode_closed,oncology_hematology,anemia_bleeding,longitudinal_followup,light,cost_transport_or_work_barrier,low_adherence_or_refusal | external_system_gap,high,medium,HO1 | HO2 | HO3 | HO4,4,4.5,3,1.224744871391589,0.5,high_turn | high_judge_disagreement | minor_or_moderate_error_any_judge | important_non_chain_defect_any_judge,high_judge_disagreement,False,False,False,True,False,False,False,False,True,False,False,False,False,False,False,True,True
case_CL120_EHR_090__Qwen3.8-Max,case_CL120_EHR_090__anon_77b515a72eb3b238,case_CL120_EHR_090,Qwen3.8-Max,closed_success,11,56,11,11,4,12,10,10,True,2.75,1,4,12,0,1,,,closed,terminal_safe_episode_closed,oncology_hematology,palliative_transition,discharge_transition,light,privacy_stigma_or_sensitive_history,external_system_gap | misstated_family_or_patient_information,high,medium,HO1 | HO2 | HO3 | HO4,3.5,3.5,3,1.5,0.4500000000000002,below_strong | high_judge_disagreement | minor_or_moderate_error_any_judge,high_judge_disagreement,False,False,True,False,False,False,False,False,True,False,False,False,False,False,False,True,False
case_CL120_EHR_091__Qwen3.8-Max,case_CL120_EHR_091__anon_43ea07b1bcbb7871,case_CL120_EHR_091,Qwen3.8-Max,closed_success,4,25,4,4,2,6,5,5,True,2.0,1,4,5,0,0,,,closed,terminal_safe_episode_closed,oncology_hematology,family_disclosure,discharge_transition,light,incomplete_patient_information,misstated_family_or_patient_information | cost_transport_or_work_barrier,high,medium,HO1 | HO2 | HO3 | HO4,2.25,1.5,4,1.6393596310755,-0.8999999999999999,low_score | very_low_score | below_strong | high_judge_disagreement | closed_but_low_score | serious_error_any_judge | minor_or_moderate_error_any_judge,very_low_score,True,True,True,False,False,False,False,False,True,False,False,False,True,False,True,True,False
case_CL120_EHR_092__Qwen3.8-Max,case_CL120_EHR_092__anon_37a476221b7c6123,case_CL120_EHR_092,Qwen3.8-Max,closed_success,2,20,2,2,1,5,4,4,True,2.0,1,1,3,0,2,,,closed,terminal_safe_handoff_closed,oncology_hematology,new_mass_staging,pre_handoff,light,medication_confusion_or_execution_failure,cost_transport_or_work_barrier | privacy_stigma_or_sensitive_history,high,short,HO1 | HO2 | HO3 | HO4,3.25,3.0,3,1.299038105676658,0.3999999999999999,low_score | below_strong | sparse_workspace | high_judge_disagreement | workspace_underuse_candidate | closed_but_low_score | minor_or_moderate_error_any_judge,workspace_underuse_candidate,True,False,True,False,False,False,True,False,True,True,False,False,True,False,False,True,False
case_CL120_EHR_093__Qwen3.8-Max,case_CL120_EHR_093__anon_97f1474b9821aea5,case_CL120_EHR_093,Qwen3.8-Max,closed_success,3,31,3,3,2,8,7,7,True,1.5,1,2,4,0,2,,,closed,terminal_safe_handoff_closed,oncology_hematology,chemotherapy_complication,pre_handoff,moderate,caregiver_conflict_or_fatigue,privacy_stigma_or_sensitive_history | incomplete_patient_information,high,medium,HO1 | HO2 | HO3 | HO4,2.25,1.5,4,1.6393596310755,-0.75,low_score | very_low_score | below_strong | high_judge_disagreement | closed_but_low_score | serious_error_any_judge | minor_or_moderate_error_any_judge,very_low_score,True,True,True,False,False,False,False,False,True,False,False,False,True,False,True,True,False
case_CL120_EHR_094__Qwen3.8-Max,case_CL120_EHR_094__anon_7596c63ef17ef8b2,case_CL120_EHR_094,Qwen3.8-Max,closed_success,39,105,39,39,3,8,7,7,True,13.0,1,38,40,0,4,,,closed,terminal_safe_episode_closed,oncology_hematology,anemia_bleeding,post_handoff,moderate,document_or_image_quality_problem,incomplete_patient_information | medication_confusion_or_execution_failure,high,medium,HO1 | HO2 | HO3 | HO4,4,4.5,3,1.224744871391589,1.2000000000000002,high_judge_disagreement | minor_or_moderate_error_any_judge | important_non_chain_defect_any_judge,high_judge_disagreement,False,False,False,False,False,False,False,False,True,False,False,False,False,False,False,True,True
case_CL120_EHR_095__Qwen3.8-Max,case_CL120_EHR_095__anon_cd6f9dbd4b6157cc,case_CL120_EHR_095,Qwen3.8-Max,open_at_100,100,275,100,100,10,23,21,21,True,10.0,1,90,101,0,6,,,open,open_with_critical_safety_event,oncology_hematology,palliative_transition,post_handoff,moderate,delayed_or_staged_result_return,medication_confusion_or_execution_failure | caregiver_conflict_or_fatigue,high,medium,HO1 | HO2 | HO3 | HO4,2.75,2.5,2,0.82915619758885,-0.2999999999999998,low_score | very_low_score | below_strong | high_turn | very_high_turn | heavy_workspace | high_judge_disagreement | workspace_overuse_candidate | long_or_tool_intensive_low_score | minor_or_moderate_error_any_judge | important_non_chain_defect_any_judge,open_at_100,True,True,True,True,True,False,False,True,True,False,True,True,False,False,False,True,True
case_CL120_EHR_096__Qwen3.8-Max,case_CL120_EHR_096__anon_af2f003f90fcd9b0,case_CL120_EHR_096,Qwen3.8-Max,closed_success,65,150,65,65,3,4,4,4,True,21.666666666666668,1,3,66,0,7,,,closed,terminal_safe_episode_closed,oncology_hematology,family_disclosure,result_return,moderate,low_adherence_or_refusal,caregiver_conflict_or_fatigue | document_or_image_quality_problem,high,medium,HO1 | HO2 | HO3 | HO4,2.75,3.0,3,1.299038105676658,-0.9500000000000002,low_score | below_strong | high_turn | high_judge_disagreement | long_or_tool_intensive_low_score | closed_but_low_score | serious_error_any_judge | minor_or_moderate_error_any_judge,long_or_tool_intensive_low_score,True,False,True,True,False,False,False,False,True,False,False,True,True,False,True,True,False
case_CL120_EHR_097__Qwen3.8-Max,case_CL120_EHR_097__anon_2c86aaf37d2de2ad,case_CL120_EHR_097,Qwen3.8-Max,closed_success,3,29,3,3,2,7,6,6,True,1.5,1,2,4,0,3,,,closed,terminal_safe_episode_closed,infectious_disease,culture_result_action,result_return,moderate,external_system_gap,document_or_image_quality_problem | delayed_or_staged_result_return,high,medium,HO1 | HO2 | HO3 | HO4,3.25,3.5,4,1.7853571071357126,0.3999999999999999,below_strong | high_judge_disagreement | serious_error_any_judge | minor_or_moderate_error_any_judge,high_judge_disagreement,False,False,True,False,False,False,False,False,True,False,False,False,False,False,True,True,False
case_CL120_EHR_098__Qwen3.8-Max,case_CL120_EHR_098__anon_721dc52c52772832,case_CL120_EHR_098,Qwen3.8-Max,closed_success,20,52,20,20,1,1,1,1,True,20.0,1,1,21,0,8,,,closed,terminal_safe_episode_closed,infectious_disease,sepsis_warning,home_execution_failure,moderate,misstated_family_or_patient_information,delayed_or_staged_result_return | low_adherence_or_refusal,high,medium,HO1 | HO2 | HO3 | HO4,4.25,5.0,3,1.299038105676658,1.2000000000000002,sparse_workspace | high_judge_disagreement | minor_or_moderate_error_any_judge | important_non_chain_defect_any_judge,high_judge_disagreement,False,False,False,False,False,False,True,False,True,False,False,False,False,False,False,True,True
case_CL120_EHR_099__Qwen3.8-Max,case_CL120_EHR_099__anon_8175e029b0a0bb52,case_CL120_EHR_099,Qwen3.8-Max,closed_success,32,90,32,32,4,7,7,7,True,8.0,1,31,33,0,4,,,closed,terminal_safe_episode_closed,infectious_disease,tb_or_hbv_stigma,home_execution_failure,moderate,cost_transport_or_work_barrier,low_adherence_or_refusal | external_system_gap,high,medium,HO1 | HO2 | HO3 | HO4,2.25,1.5,4,1.6393596310755,-2.05,low_score | very_low_score | below_strong | high_judge_disagreement | closed_but_low_score | model_specific_weakness | serious_error_any_judge | minor_or_moderate_error_any_judge | important_non_chain_defect_any_judge,very_low_score,True,True,True,False,False,False,False,False,True,False,False,False,True,True,True,True,True
case_CL120_EHR_100__Qwen3.8-Max,case_CL120_EHR_100__anon_fa8b7141669640a1,case_CL120_EHR_100,Qwen3.8-Max,closed_success,18,82,18,18,6,15,13,13,True,3.0,1,17,0,19,4,,,closed,terminal_safe_episode_closed,infectious_disease,antibiotic_allergy_or_adherence,longitudinal_followup,moderate,privacy_stigma_or_sensitive_history,external_system_gap | misstated_family_or_patient_information,high,medium,HO1 | HO2 | HO3 | HO4,3.5,3.5,3,1.5,0.6499999999999999,below_strong | heavy_workspace | high_judge_disagreement | workspace_overuse_candidate | long_or_tool_intensive_low_score | minor_or_moderate_error_any_judge,long_or_tool_intensive_low_score,False,False,True,False,False,False,False,True,True,False,True,True,False,False,False,True,False
case_CL120_EHR_101__Qwen3.8-Max,case_CL120_EHR_101__anon_609202d99e66c0c7,case_CL120_EHR_101,Qwen3.8-Max,closed_success,10,67,10,10,5,17,14,14,True,2.0,1,10,11,0,1,,,closed,terminal_safe_episode_closed,infectious_disease,culture_result_action,discharge_transition,heavy,incomplete_patient_information,misstated_family_or_patient_information | cost_transport_or_work_barrier,high,long,HO1 | HO2 | HO3 | HO4,3,3.0,4,1.5811388300841898,-0.5,low_score | below_strong | high_judge_disagreement | closed_but_low_score | serious_error_any_judge | minor_or_moderate_error_any_judge,closed_but_low_score,True,False,True,False,False,False,False,False,True,False,False,False,True,False,True,True,False
case_CL120_EHR_102__Qwen3.8-Max,case_CL120_EHR_102__anon_674aad25784371ba,case_CL120_EHR_102,Qwen3.8-Max,closed_success,97,226,97,97,5,10,9,9,True,19.4,1,93,0,98,3,,,closed,terminal_safe_episode_closed,infectious_disease,sepsis_warning,discharge_transition,heavy,medication_confusion_or_execution_failure,cost_transport_or_work_barrier | privacy_stigma_or_sensitive_history,high,long,HO1 | HO2 | HO3 | HO4,3.25,3.0,3,1.299038105676658,-0.8500000000000001,low_score | below_strong | high_turn | very_high_turn | high_judge_disagreement | long_or_tool_intensive_low_score | closed_but_low_score | minor_or_moderate_error_any_judge | important_non_chain_defect_any_judge,long_or_tool_intensive_low_score,True,False,True,True,True,False,False,False,True,False,False,True,True,False,False,True,True
case_CL120_EHR_103__Qwen3.8-Max,case_CL120_EHR_103__anon_42021de0da363851,case_CL120_EHR_103,Qwen3.8-Max,closed_success,12,46,12,12,2,6,5,5,True,6.0,1,2,13,0,5,,,closed,terminal_safe_episode_closed,infectious_disease,transplant_patient_hbv_tb_stigma_and_immunosuppression_safety,pre_handoff,heavy,caregiver_conflict_or_fatigue,privacy_stigma_or_sensitive_history | incomplete_patient_information,high,long,HO1 | HO2 | HO3 | HO4,3.5,3.5,3,1.5,0.20000000000000018,below_strong | high_judge_disagreement | minor_or_moderate_error_any_judge,high_judge_disagreement,False,False,True,False,False,False,False,False,True,False,False,False,False,False,False,True,False
case_CL120_EHR_104__Qwen3.8-Max,case_CL120_EHR_104__anon_a9bb3942625cc728,case_CL120_EHR_104,Qwen3.8-Max,closed_success,5,36,5,5,3,8,7,7,True,1.6666666666666667,1,3,6,0,3,,,closed,terminal_safe_handoff_closed,infectious_disease,antibiotic_allergy_or_adherence,pre_handoff,light,document_or_image_quality_problem,incomplete_patient_information | medication_confusion_or_execution_failure,high,short,HO1 | HO2 | HO3 | HO4,3.5,4.0,4,1.5,0.75,high_judge_disagreement | serious_error_any_judge | minor_or_moderate_error_any_judge | important_non_chain_defect_any_judge,high_judge_disagreement,False,False,False,False,False,False,False,False,True,False,False,False,False,False,True,True,True
case_CL120_EHR_105__Qwen3.8-Max,case_CL120_EHR_105__anon_73dc677c63ce4c45,case_CL120_EHR_105,Qwen3.8-Max,closed_success,19,55,19,19,1,5,4,4,True,19.0,1,1,20,0,3,,,closed,terminal_safe_episode_closed,musculoskeletal_geriatrics,fracture_fall_prevention,post_handoff,light,delayed_or_staged_result_return,medication_confusion_or_execution_failure | caregiver_conflict_or_fatigue,high,medium,HO1 | HO2 | HO3 | HO4,3.5,3.5,3,1.5,0.6000000000000001,below_strong | sparse_workspace | high_judge_disagreement | workspace_underuse_candidate | minor_or_moderate_error_any_judge,workspace_underuse_candidate,False,False,True,False,False,False,True,False,True,True,False,False,False,False,False,True,False
case_CL120_EHR_106__Qwen3.8-Max,case_CL120_EHR_106__anon_0797f9b4b518a7d2,case_CL120_EHR_106,Qwen3.8-Max,closed_success,20,51,20,20,1,2,2,2,True,20.0,1,1,21,0,4,,,closed,terminal_safe_episode_closed,musculoskeletal_geriatrics,osteoporosis,post_handoff,light,low_adherence_or_refusal,caregiver_conflict_or_fatigue | document_or_image_quality_problem,high,medium,HO1 | HO2 | HO3 | HO4,2.75,2.0,3,1.299038105676658,-1.6,low_score | very_low_score | below_strong | sparse_workspace | high_judge_disagreement | workspace_underuse_candidate | closed_but_low_score | model_specific_weakness | minor_or_moderate_error_any_judge | important_non_chain_defect_any_judge,very_low_score,True,True,True,False,False,False,True,False,True,True,False,False,True,True,False,True,True
case_CL120_EHR_107__Qwen3.8-Max,case_CL120_EHR_107__anon_04d1794c5050d77c,case_CL120_EHR_107,Qwen3.8-Max,closed_success,11,55,11,11,3,10,9,9,True,3.6666666666666665,1,9,12,0,4,,,closed,terminal_safe_episode_closed,musculoskeletal_geriatrics,polypharmacy,result_return,light,external_system_gap,document_or_image_quality_problem | delayed_or_staged_result_return,high,medium,HO1 | HO2 | HO3 | HO4,3.25,3.5,4,1.7853571071357126,0.2999999999999998,below_strong | high_judge_disagreement | serious_error_any_judge | minor_or_moderate_error_any_judge,high_judge_disagreement,False,False,True,False,False,False,False,False,True,False,False,False,False,False,True,True,False
case_CL120_EHR_108__Qwen3.8-Max,case_CL120_EHR_108__anon_f0cb259f72f21803,case_CL120_EHR_108,Qwen3.8-Max,closed_success,11,52,11,11,4,9,8,8,True,2.75,1,11,12,0,4,,,closed,terminal_safe_episode_closed,musculoskeletal_geriatrics,frailty_caregiver_execution,result_return,light,misstated_family_or_patient_information,delayed_or_staged_result_return | low_adherence_or_refusal,high,medium,HO1 | HO2 | HO3 | HO4,2.5,2.0,4,1.5,-0.8500000000000001,low_score | very_low_score | below_strong | high_judge_disagreement | closed_but_low_score | serious_error_any_judge | minor_or_moderate_error_any_judge,very_low_score,True,True,True,False,False,False,False,False,True,False,False,False,True,False,True,True,False
case_CL120_EHR_109__Qwen3.8-Max,case_CL120_EHR_109__anon_362ac825aa464130,case_CL120_EHR_109,Qwen3.8-Max,closed_success,7,45,7,7,4,9,9,9,True,1.75,1,6,8,0,3,,,closed,terminal_safe_episode_closed,musculoskeletal_geriatrics,fracture_fall_prevention,home_execution_failure,light,cost_transport_or_work_barrier,low_adherence_or_refusal | external_system_gap,high,medium,HO1 | HO2 | HO3 | HO4,2.75,2.5,4,1.479019945774904,-0.75,low_score | very_low_score | below_strong | high_judge_disagreement | closed_but_low_score | serious_error_any_judge | minor_or_moderate_error_any_judge,very_low_score,True,True,True,False,False,False,False,False,True,False,False,False,True,False,True,True,False
case_CL120_EHR_110__Qwen3.8-Max,case_CL120_EHR_110__anon_9cc05076d2b85ad1,case_CL120_EHR_110,Qwen3.8-Max,closed_success,16,52,16,16,4,6,6,6,True,4.0,1,16,17,0,1,,,closed,terminal_safe_episode_closed,musculoskeletal_geriatrics,osteoporosis,home_execution_failure,moderate,privacy_stigma_or_sensitive_history,external_system_gap | misstated_family_or_patient_information,high,medium,HO1 | HO2 | HO3 | HO4,3.25,3.5,4,1.7853571071357126,1.35,below_strong | high_judge_disagreement | serious_error_any_judge | minor_or_moderate_error_any_judge,high_judge_disagreement,False,False,True,False,False,False,False,False,True,False,False,False,False,False,True,True,False
case_CL120_EHR_111__Qwen3.8-Max,case_CL120_EHR_111__anon_4c33275e873457bf,case_CL120_EHR_111,Qwen3.8-Max,closed_success,23,76,23,23,5,10,9,9,True,4.6,1,21,24,0,1,,,closed,terminal_safe_episode_closed,musculoskeletal_geriatrics,polypharmacy,longitudinal_followup,moderate,incomplete_patient_information,misstated_family_or_patient_information | cost_transport_or_work_barrier,high,medium,HO1 | HO2 | HO3 | HO4,2.75,2.5,4,1.7853571071357126,0.1499999999999999,low_score | very_low_score | below_strong | high_judge_disagreement | closed_but_low_score | serious_error_any_judge | minor_or_moderate_error_any_judge,very_low_score,True,True,True,False,False,False,False,False,True,False,False,False,True,False,True,True,False
case_CL120_EHR_112__Qwen3.8-Max,case_CL120_EHR_112__anon_6bc022c277f5d81f,case_CL120_EHR_112,Qwen3.8-Max,closed_success,10,49,10,10,4,8,7,7,True,2.5,1,7,11,0,5,,,closed,terminal_safe_episode_closed,musculoskeletal_geriatrics,frailty_caregiver_execution,discharge_transition,moderate,medication_confusion_or_execution_failure,cost_transport_or_work_barrier | privacy_stigma_or_sensitive_history,high,medium,HO1 | HO2 | HO3 | HO4,3.25,3.0,3,1.299038105676658,-0.6000000000000001,low_score | below_strong | high_judge_disagreement | closed_but_low_score | minor_or_moderate_error_any_judge | important_non_chain_defect_any_judge,closed_but_low_score,True,False,True,False,False,False,False,False,True,False,False,False,True,False,False,True,True
case_CL120_EHR_113__Qwen3.8-Max,case_CL120_EHR_113__anon_78cd1ee40e8ff7df,case_CL120_EHR_113,Qwen3.8-Max,closed_success,8,52,8,8,4,10,9,9,True,2.0,1,5,9,0,7,,,closed,terminal_safe_episode_closed,mental_health_somatic,anxiety_depression_somatic_red_flag_and_followup,longitudinal_followup,moderate,caregiver_conflict_or_fatigue,privacy_stigma_or_sensitive_history | incomplete_patient_information,high,medium,HO1 | HO2 | HO3 | HO4,4,5.0,4,1.7320508075688772,1.7000000000000002,high_judge_disagreement | serious_error_any_judge | minor_or_moderate_error_any_judge,high_judge_disagreement,False,False,False,False,False,False,False,False,True,False,False,False,False,False,True,True,False
case_CL120_EHR_114__Qwen3.8-Max,case_CL120_EHR_114__anon_c7fe415435b79945,case_CL120_EHR_114,Qwen3.8-Max,closed_success,13,50,13,13,2,7,6,6,True,6.5,1,2,14,0,4,,,closed,terminal_safe_handoff_closed,mental_health_somatic,depression_adherence,pre_handoff,moderate,document_or_image_quality_problem,incomplete_patient_information | medication_confusion_or_execution_failure,high,medium,HO1 | HO2 | HO3 | HO4,3,2.5,3,1.224744871391589,0.0,low_score | very_low_score | below_strong | high_judge_disagreement | closed_but_low_score | minor_or_moderate_error_any_judge | important_non_chain_defect_any_judge,very_low_score,True,True,True,False,False,False,False,False,True,False,False,False,True,False,False,True,True
case_CL120_EHR_115__Qwen3.8-Max,case_CL120_EHR_115__anon_7fc0250c19138c2b,case_CL120_EHR_115,Qwen3.8-Max,closed_success,7,47,7,7,4,10,9,9,True,1.75,1,7,8,0,3,,,closed,terminal_safe_episode_closed,mental_health_somatic,stigma_hidden_history,pre_handoff,moderate,delayed_or_staged_result_return,medication_confusion_or_execution_failure | caregiver_conflict_or_fatigue,high,medium,HO1 | HO2 | HO3 | HO4,4,4.5,3,1.224744871391589,0.9500000000000002,high_judge_disagreement | minor_or_moderate_error_any_judge,high_judge_disagreement,False,False,False,False,False,False,False,False,True,False,False,False,False,False,False,True,False
case_CL120_EHR_116__Qwen3.8-Max,case_CL120_EHR_116__anon_2de44ed5e38169fb,case_CL120_EHR_116,Qwen3.8-Max,closed_success,26,80,26,26,5,6,6,6,True,5.2,1,17,27,0,9,,,closed,terminal_safe_handoff_closed,mental_health_somatic,anxiety_somatic_red_flag,post_handoff,moderate,low_adherence_or_refusal,caregiver_conflict_or_fatigue | document_or_image_quality_problem,high,medium,HO1 | HO2 | HO3 | HO4,3.75,4.5,4,1.6393596310755,2.0,high_judge_disagreement | serious_error_any_judge | minor_or_moderate_error_any_judge,high_judge_disagreement,False,False,False,False,False,False,False,False,True,False,False,False,False,False,True,True,False
case_CL120_EHR_117__Qwen3.8-Max,case_CL120_EHR_117__anon_2864e8e730f350cf,case_CL120_EHR_117,Qwen3.8-Max,closed_success,29,101,29,29,4,14,12,12,True,7.25,1,6,30,0,4,,,closed,terminal_safe_handoff_closed,mental_health_somatic,depression_adherence,post_handoff,moderate,external_system_gap,document_or_image_quality_problem | delayed_or_staged_result_return,high,medium,HO1 | HO2 | HO3 | HO4,3,3.0,4,1.5811388300841898,0.6000000000000001,low_score | below_strong | high_judge_disagreement | closed_but_low_score | serious_error_any_judge | minor_or_moderate_error_any_judge | important_non_chain_defect_any_judge,closed_but_low_score,True,False,True,False,False,False,False,False,True,False,False,False,True,False,True,True,True
case_CL120_EHR_118__Qwen3.8-Max,case_CL120_EHR_118__anon_ba972515baa59437,case_CL120_EHR_118,Qwen3.8-Max,closed_success,35,88,35,35,1,5,4,4,True,35.0,1,1,36,0,4,,,closed,terminal_safe_episode_closed,dermatology_ent_ophthalmology,rash_drug_reaction,result_return,heavy,misstated_family_or_patient_information,delayed_or_staged_result_return | low_adherence_or_refusal,high,long,HO1 | HO2 | HO3 | HO4,4,4.5,3,1.224744871391589,1.25,sparse_workspace | high_judge_disagreement | minor_or_moderate_error_any_judge | important_non_chain_defect_any_judge,high_judge_disagreement,False,False,False,False,False,False,True,False,True,False,False,False,False,False,False,True,True
case_CL120_EHR_119__Qwen3.8-Max,case_CL120_EHR_119__anon_61b0e0e7e5132902,case_CL120_EHR_119,Qwen3.8-Max,runtime_error,23,82,23,23,6,12,11,11,True,3.8333333333333335,1,18,0,23,1,content_filter_400,RuntimeError,open,,dermatology_ent_ophthalmology,vision_red_flag,result_return,heavy,cost_transport_or_work_barrier,low_adherence_or_refusal | external_system_gap,high,long,HO1 | HO2 | HO3 | HO4,3.75,4.0,3,1.0897247358851685,0.6000000000000001,heavy_workspace | high_judge_disagreement | minor_or_moderate_error_any_judge | important_non_chain_defect_any_judge,runtime_error,False,False,False,False,False,False,False,True,True,False,False,False,False,False,False,True,True
case_CL120_EHR_120__Qwen3.8-Max,case_CL120_EHR_120__anon_f26447efa5528a2a,case_CL120_EHR_120,Qwen3.8-Max,closed_success,43,174,43,43,11,31,27,27,True,3.909090909090909,1,26,0,44,2,,,closed,terminal_safe_episode_closed,dermatology_ent_ophthalmology,otitis_sinus_complication,home_execution_failure,heavy,privacy_stigma_or_sensitive_history,external_system_gap | misstated_family_or_patient_information,high,long,HO1 | HO2 | HO3 | HO4,2.5,2.0,4,1.6583123951777,-0.6499999999999999,low_score | very_low_score | below_strong | heavy_workspace | high_judge_disagreement | workspace_overuse_candidate | long_or_tool_intensive_low_score | closed_but_low_score | serious_error_any_judge | minor_or_moderate_error_any_judge,very_low_score,True,True,True,False,False,False,False,True,True,False,True,True,True,False,True,True,False
